ID,Approved,symbol,Approved,name,Status,Previous,symbols,Alias,symbols,Chromosome,Accession,numbers,RefSeq,IDs,,,,,,,,,,
AARSD1P1,AARSD1,pseudogene,1,Approved,Xq13.2,,,,,,,,,,,,,,,,,,,
ABCB7,ATP,binding,cassette,subfamily,B,member,7,Approved,ABC7,"EST140535,","Atm1p,",ASAT,Xq13.3,AF038950,NM_004299,,,,,,,,,
ABCD1,ATP,binding,cassette,subfamily,D,member,1,Approved,ALD,"AMN,","ALDP,",adrenoleukodystrophy,Xq28,Z21876,NM_000033,,,,,,,,,
ACAA2P1,ACAA2,pseudogene,1,Approved,Xp11.23,,,,,,,,,,,,,,,,,,,
ACE2,angiotensin,converting,enzyme,2,Approved,ACEH,Xp22.2,AF291820,,,,,,,,,,,,,,,,
ACE2-DT,ACE2,divergent,transcript,Approved,GS1-594A7.3,Xp22.2,NR_126564,,,,,,,,,,,,,,,,,
ACOT9,acyl-CoA,thioesterase,9,Approved,"CGI-16,","MT-ACT48,",ACATE2,Xp22.11,AF132950,NM_012332,,,,,,,,,,,,,,
ACSL4,acyl-CoA,synthetase,long,chain,family,member,4,Approved,"FACL4,","MRX63,",MRX68,"ACS4,",LACS4,Xq23,BC034959,NM_004458,,,,,,,,
ACTBP1,ACTB,pseudogene,1,Approved,Xp11.3,NG_022596,,,,,,,,,,,,,,,,,,
ACTG1P2,actin,gamma,1,pseudogene,2,Approved,"ACTL2,",ACTGP2,Yq11.222,NG_004636,,,,,,,,,,,,,,
ACTG1P10,actin,gamma,1,pseudogene,10,Approved,"ACTL1,",ACTGP10,Xp11.22,AL139396,NG_003039,,,,,,,,,,,,,
ACTG1P11,actin,gamma,1,pseudogene,11,Approved,Yq11.222,NG_004636,,,,,,,,,,,,,,,,
ACTR3BP1,ACTR3B,pseudogene,1,Approved,Yq11.21,NG_005799,,,,,,,,,,,,,,,,,,
ACTR3P2,ACTR3,pseudogene,2,Approved,Xq13.1,,,,,,,,,,,,,,,,,,,
ACTRT1,actin,related,protein,T1,Approved,"AIP1,","KIAA0705,","ARIP1,",Arp-T1,Xq25,AF440739,NM_138289,,,,,,,,,,,,
ACTRT1P1,ACTRT1,pseudogene,1,Approved,Xq25,NG_011795,,,,,,,,,,,,,,,,,,
ADFN,albinism-deafness,syndrome,Entry,Withdrawn,Xq26.3-q27.1,,,,,,,,,,,,,,,,,,,
ADGRG2,adhesion,G,protein-coupled,receptor,G2,Approved,GPR64,"HE6,","TM7LN2,",EDDM6,Xp22.13,X81892,,,,,,,,,,,,
ADGRG4,adhesion,G,protein-coupled,receptor,G4,Approved,GPR112,"RP1-299I16,",PGR17,Xq26.3,AY140954,,,,,,,,,,,,,
AFF2,ALF,transcription,elongation,factor,2,Approved,FMR2,FRAXE,Xq28,U48436,NM_002025,,,,,,,,,,,,,
AFF2-IT1,AFF2,intronic,transcript,1,Approved,Xq28,,,,,,,,,,,,,,,,,,
AGKP1,AGK,pseudogene,1,Approved,AGKY1,Yq11.221,NG_002810,,,,,,,,,,,,,,,,,
AGKP2,AGK,pseudogene,2,Approved,Xq26.2,NG_022637,,,,,,,,,,,,,,,,,,
AGMX2,"agammaglobulinemia,",X-linked,2,(with,growth,hormone,deficiency),Entry,Withdrawn,Xp22,,,,,,,,,,,,,,
AGPAT5P1,1-acylglycerol-3-phosphate,O-acyltransferase,5,pseudogene,1,Approved,Yp11.2,,,,,,,,,,,,,,,,,
AGTR2,angiotensin,II,receptor,type,2,Approved,"AT2,",MRX88,Xq23,AY324607,NM_000686,,,,,,,,,,,,,
AHDS,symbol,"withdrawn,",see,[HGNC:10923](/data/gene-symbol-report/#!/hgnc_id/HGNC:10923),Symbol,Withdrawn,Xq21,,,,,,,,,,,,,,,,,
AIC,Aicardi,syndrome,Entry,Withdrawn,Xp22,,,,,,,,,,,,,,,,,,,
AIED,symbol,"withdrawn,",see,[HGNC:1393](/data/gene-symbol-report/#!/hgnc_id/HGNC:1393),Symbol,Withdrawn,OA2,Xp21-q21,,,,,,,,,,,,,,,,
AIFM1,apoptosis,inducing,factor,mitochondria,associated,1,Approved,"PDCD8,","NAMSD,",AUNX1,"AIF,","CMTX4,",DFNX5,Xq26.1,AF100928,,,,,,,,,
AIH3,amelogenesis,imperfecta,"3,",hypomaturation,or,hypoplastic,type,Entry,Withdrawn,Xq22-q28,,,,,,,,,,,,,,
AKAP4,A-kinase,anchoring,protein,4,Approved,"p82,","hAKAP82,","AKAP82,","Fsc1,","HI,",CT99,Xp11.22,AF072756,NM_003886,,,,,,,,,,
AKAP14,A-kinase,anchoring,protein,14,Approved,AKAP28,Xq24,AF514780,NM_178813,,,,,,,,,,,,,,,
AKAP17A,A-kinase,anchoring,protein,17A,Approved,"CXYorf3,",SFRS17A,"XE7,","XE7Y,","DXYS155E,","MGC39904,","721P,",CCDC133,Xp22.33,and,Yp11.32,L03426,NM_005088,,,,,,
AKAP17BP,A-kinase,anchoring,protein,"17B,",pseudogene,Approved,"AKAP16B,",AKAP16BP,Xq24,NG_022632,,,,,,,,,,,,,,
AKIRIN1P2,akirin,1,pseudogene,2,Approved,Xq12,,,,,,,,,,,,,,,,,,
AKR1B1P8,aldo-keto,reductase,family,1,member,B1,pseudogene,8,Approved,Xq23,NG_009682,,,,,,,,,,,,,
AKR7A2P2,AKR7A2P,pseudogene,1,Approved,Xq24,NG_022631,,,,,,,,,,,,,,,,,,
ALAS2,5'-aminolevulinate,synthase,2,Approved,ASB,ALAS-E,Xp11.21,NM_000032,,,,,,,,,,,,,,,,
ALG13,ALG13,UDP-N-acetylglucosaminyltransferase,subunit,Approved,"GLT28D1,",CXorf45,"MDS031,","YGL047W,","FLJ23018,","TDRD13,",CDG1S,Xq23,AF220051,NM_018466,,,,,,,,,,
ALG13-AS1,ALG13,antisense,RNA,1,Approved,Xq23,,,,,,,,,,,,,,,,,,
AMD1P2,adenosylmethionine,decarboxylase,1,pseudogene,2,Approved,"AMD2,","AMD,",AMDP1,"AMDPX,",AMDPY,Xq28,and,Yq12,U02035,NG_001073,,,,,,,,
AMELX,amelogenin,X-linked,Approved,"AMG,",AIH1,Xp22.2,NM_001142,,,,,,,,,,,,,,,,,
AMELY,amelogenin,Y-linked,Approved,AMGL,Yp11.2,M86933,NM_001143,,,,,,,,,,,,,,,,,
AMER1,APC,membrane,recruitment,protein,1,Approved,FAM123B,"RP11-403E24.2,","FLJ39827,",WTX,Xq11.2,AK097146,NM_152424,,,,,,,,,,,
AMMECR1,AMMECR,nuclear,protein,1,Approved,Xq23,AJ007014,,,,,,,,,,,,,,,,,
AMMECR1-IT1,AMMECR1,intronic,transcript,1,Approved,Xq23,,,,,,,,,,,,,,,,,,
AMOT,angiomotin,Approved,KIAA1071,Xq23,AB028994,NM_133265,,,,,,,,,,,,,,,,,,
AMZ2P3,AMZ2,pseudogene,3,Approved,Xp21.3,NG_022586,,,,,,,,,,,,,,,,,,
ANAPC15P1,ANAPC15,pseudogene,1,Approved,Xp22.31,NG_030154,,,,,,,,,,,,,,,,,,
ANKRD11P2,ANKRD11,pseudogene,2,Approved,Xq27.3,NG_026775,,,,,,,,,,,,,,,,,,
ANKRD20A6P,ankyrin,repeat,domain,20,family,member,"A6,",pseudogene,Approved,Yq11.21,XM_001126719,,,,,,,,,,,,,
ANKRD36P1,ankyrin,repeat,domain,36,pseudogene,1,Approved,Yq11.23,,,,,,,,,,,,,,,,
ANOP1,anophthalmos,1,(with,mental,"retardation,",without,limb,anomalies,or,dental,or,urogenital,abnormalities),Entry,Withdrawn,MCOPS4,X,,,,,,,
ANOS1,anosmin,1,Approved,"KAL,","ADMLX,",KAL1,"KALIG-1,",WFDC19,Xp22.31,NM_000216,,,,,,,,,,,,,,
ANOS2P,anosmin,"2,",pseudogene,Approved,"ADMLY,",KALP,KAL-Y,Yq11.221,X68743,NG_001153,,,,,,,,,,,,,,
AP1M2P1,AP1M2,pseudogene,1,Approved,Xq12,NG_022666,,,,,,,,,,,,,,,,,,
AP1S2,adaptor,related,protein,complex,1,subunit,sigma,2,Approved,"MRX59,","MRXS5,",PGS,SIGMA1B,Xp22.2,AB015320,NM_003916,,,,,,,,
AP2B1P1,AP2B1,pseudogene,1,Approved,Xq21.32,NG_022622,,,,,,,,,,,,,,,,,,
APEX2,apurinic/apyrimidinic,endodeoxyribonuclease,2,Approved,"APEXL2,","APE2,","XTH2,",ZGRF2,Xp11.21,AB021260,,,,,,,,,,,,,,
API5P1,apoptosis,inhibitor,5,pseudogene,1,Approved,API5L1,Xq23,NG_009200,,,,,,,,,,,,,,,
APLN,apelin,Approved,"apelin,",XNPEP2,Xq26.1,AF179680,NM_017413,,,,,,,,,,,,,,,,,
APOO,apolipoprotein,O,Approved,FAM121B,"MGC4825,","My025,","Mic23,","MIC26,",MICOS26,Xp22.11,BC016814,NM_024122,,,,,,,,,,,,
APOOL,apolipoprotein,O,like,Approved,"CXorf33,",FAM121A,"UNQ8193,","AAIR8193,","Mic27,",MICOS27,Xq21.1,AK130506,NM_198450,,,,,,,,,,,
AR,androgen,receptor,Approved,"DHTR,",SBMA,"AIS,","NR3C4,","SMAX1,",HUMARA,Xq12,M20132,NM_000044,,,,,,,,,,,,
ARAF,A-Raf,"proto-oncogene,",serine/threonine,kinase,Approved,ARAF1,Xp11.3,X04790,,,,,,,,,,,,,,,,
ARHGAP4,Rho,GTPase,activating,protein,4,Approved,"KIAA0131,","C1,","p115,","RhoGAP4,",SrGAP4,Xq28,X78817,NM_001666,,,,,,,,,,
ARHGAP6,Rho,GTPase,activating,protein,6,Approved,rhoGAPX-1,Xp22.2,AF012272,NM_013427,,,,,,,,,,,,,,
ARHGAP36,Rho,GTPase,activating,protein,36,Approved,FLJ30058,Xq26.1,NM_144967,,,,,,,,,,,,,,,
ARHGEF6,Rac/Cdc42,guanine,nucleotide,exchange,factor,6,Approved,MRX46,"alphaPIX,","Cool-2,","KIAA0006,","alpha-PIX,","Cool2,",αPix,Xq26.3,D13631,NM_004840,,,,,,,
ARHGEF9,Cdc42,guanine,nucleotide,exchange,factor,9,Approved,"KIAA0424,",PEM-2,Xq11.1,AB007884,,,,,,,,,,,,,
ARHGEF9-IT1,ARHGEF9,intronic,transcript,1,Approved,Xq11.1,,,,,,,,,,,,,,,,,,
ARL5AP1,ARL5A,pseudogene,1,Approved,Xq24,,,,,,,,,,,,,,,,,,,
ARL5AP5,ARL5A,pseudogene,5,Approved,Xq13.3,NG_005340,,,,,,,,,,,,,,,,,,
ARL13A,ADP,ribosylation,factor,like,GTPase,13A,Approved,ARL13,Xq22.1,NM_001162491,,,,,,,,,,,,,,
ARMCX1,armadillo,repeat,containing,X-linked,1,Approved,"ALEX1,",GASP7,Xq22.1,AB039670,NM_016608,,,,,,,,,,,,,
ARMCX2,armadillo,repeat,containing,X-linked,2,Approved,"ALEX2,","KIAA0512,",GASP9,Xq22.1,AB011084,NM_014782,,,,,,,,,,,,
ARMCX3,armadillo,repeat,containing,X-linked,3,Approved,"ALEX3,",GASP6,Xq22.1,AY359079,NM_016607,,,,,,,,,,,,,
ARMCX3-AS1,ARMCX3,antisense,RNA,1,Approved,Xq22.1,,,,,,,,,,,,,,,,,,
ARMCX4,armadillo,repeat,containing,X-linked,4,Approved,CXorf35,"MGC40053,",GASP4,Xq22.1,AK096955,NM_001256155,,,,,,,,,,,,
ARMCX5,armadillo,repeat,containing,X-linked,5,Approved,"FLJ12969,",GASP5,Xq22.1,NM_022838,,,,,,,,,,,,,,
ARMCX5-GPRASP2,ARMCX5-GPRASP2,readthrough,Approved,Xq22.1,NM_001199818.1,,,,,,,,,,,,,,,,,,,
ARMCX6,armadillo,repeat,containing,X-linked,6,Approved,"FLJ20811,",GASP10,Xq22.1,BC007677,NM_019007,,,,,,,,,,,,,
ARMCX7P,armadillo,repeat,containing,X-linked,"7,",pseudogene,Approved,"ARMCX6-ps,",GASP10ps,Xq22.1,,,,,,,,,,,,,,
ARR3,arrestin,3,Approved,ARRX,Xq13.1,NM_004312,,,,,,,,,,,,,,,,,,
ARSC2,arylsulfatase,"C,",isozyme,F,Approved,ARSC,X,,,,,,,,,,,,,,,,,
ARSD,arylsulfatase,D,Approved,ASD,Xp22.33,X83572,,,,,,,,,,,,,,,,,,
ARSD-AS1,ARSD,antisense,RNA,1,Approved,Xp22.33,,,,,,,,,,,,,,,,,,
ARSDP1,arylsulfatase,D,pseudogene,1,Approved,ARSDP,ARSDY1,Yq11.21,AC002992,NG_000881.2,,,,,,,,,,,,,,
ARSF,arylsulfatase,F,Approved,ASF,Xp22.33,X97868,,,,,,,,,,,,,,,,,,
ARSFP1,arylsulfatase,F,pseudogene,1,Approved,ARSFP,Yq11.21,NG_002804,,,,,,,,,,,,,,,,
ARSH,arylsulfatase,family,member,H,Approved,Xp22.33,AY875940,NM_001011719,,,,,,,,,,,,,,,,
ARSL,arylsulfatase,L,Approved,"CDPX,","CDPX1,",ARSE,Xp22.33,X83573,NM_000047,,,,,,,,,,,,,,,
ARSLP1,arylsulfatase,L,pseudogene,1,Approved,"ARSEP,",ARSEP1,Yq11.21,NG_000880,,,,,,,,,,,,,,,
ARX,aristaless,related,homeobox,Approved,"MRXS1,","PRTS,","MRX76,","MRX54,","MRX43,","MRX36,","MRX29,","MRX32,","MRX33,","MRX38,",MRX87,"ISSX,","CT121,",EIEE1,Xp21.3,AY038071,,,,
ASB9,ankyrin,repeat,and,SOCS,box,containing,9,Approved,"DKFZP564L0862,","MGC4954,",FLJ20636,Xp22.2,AK000643,,,,,,,,,,,
ASB11,ankyrin,repeat,and,SOCS,box,containing,11,Approved,DKFZp779E2460,Xp22.2,AF425642,,,,,,,,,,,,,
ASB12,ankyrin,repeat,and,SOCS,box,containing,12,Approved,FLJ39577,Xq11.2,AF403030,,,,,,,,,,,,,
ASMER2,adipocyte,associated,metabolic,related,lncRNA,2,Approved,"ASMER-2,",CATG00000111229.1,Xp11.22,,,,,,,,,,,,,,
ASMT,acetylserotonin,O-methyltransferase,Approved,"HIOMT,","ASMTY,",HIOMTY,Xp22.3,and,Yp11.3,M83779,NM_004043,,,,,,,,,,,,,
ASMTL,acetylserotonin,O-methyltransferase,like,Approved,Xp22.3,and,Yp11.3,Y15521,NM_004192,,,,,,,,,,,,,,,
ASMTL-AS1,ASMTL,antisense,RNA,1,Approved,"CXYorf2,","NCRNA00105,","ASMTLAS,",ASMTL-AS,FLJ13330,Xp22.33,and,Yp11.32,AK023392,XR_040863,,,,,,,,,
ASS1P4,argininosuccinate,synthetase,1,pseudogene,4,Approved,ASSP4,Xp22.33,NG_000846,,,,,,,,,,,,,,,
ASS1P5,argininosuccinate,synthetase,1,pseudogene,5,Approved,ASSP5,Xq23,NG_000847,,,,,,,,,,,,,,,
ASS1P6,argininosuccinate,synthetase,1,pseudogene,6,Approved,ASSP6,Yq11.21,NG_000848,,,,,,,,,,,,,,,
ATF4P1,activating,transcription,factor,4,pseudogene,1,Approved,"TXREBP,",ATF4P,TAXREB67P,Xq28,U03712,NG_001080,,,,,,,,,,,
ATF4P2,activating,transcription,factor,4,pseudogene,2,Approved,Xq28,NG_002951,,,,,,,,,,,,,,,
ATG4A,autophagy,related,4A,cysteine,peptidase,Approved,"AUTL2,",APG4A,Xq22.3,AJ320508,NM_052936,,,,,,,,,,,,,
ATG4AP1,autophagy,related,4A,cysteine,peptidase,pseudogene,1,Approved,Xq21.1,,,,,,,,,,,,,,,
ATP1B4,ATPase,Na+/K+,transporting,family,member,beta,4,Approved,Xq24,AF158383,NM_001142447,,,,,,,,,,,,,
ATP2B3,ATPase,plasma,membrane,Ca2+,transporting,3,Approved,"SCAX1,",CLA2,"PMCA3,",CFAP39,Xq28,U60414,NM_021949,,,,,,,,,,
ATP5MC2P4,ATP5MC2,pseudogene,4,Approved,ATP5G2P4,Xp11.4,,,,,,,,,,,,,,,,,,
ATP5MKP1,ATP5MK,pseudogene,1,Approved,"USMG5P1,",ATP5MDP1,Xq13.2,NG_012722,,,,,,,,,,,,,,,,
ATP5PFP1,ATP,synthase,peripheral,stalk,subunit,F6,pseudogene,1,Approved,ATP5JP1,Yp11.2,NG_002918,,,,,,,,,,,,
ATP6AP1,ATPase,H+,transporting,accessory,protein,1,Approved,"ATP6S1,",ATP6IP1,"ORF,","XAP-3,","VATPS1,","16A,","Ac45,","XAP3,",CF2,Xq28,D16469,NM_001183,,,,,
ATP6AP1-DT,ATP6AP1,divergent,transcript,Approved,Xq28,NR_103768,,,,,,,,,,,,,,,,,,
ATP6AP2,ATPase,H+,transporting,accessory,protein,2,Approved,ATP6IP2,"M8-9,","APT6M8-9,","ATP6M8-9,","PRR,",RENR,Xp11.4,AF248966,NM_005765,,,,,,,,
ATP7A,ATPase,copper,transporting,alpha,Approved,MNK,Xq21.1,L06133,NM_000052,,,,,,,,,,,,,,,
ATP11C,ATPase,phospholipid,transporting,11C,Approved,"ATPIG,",ATPIQ,Xq27.1,AJ580094,NM_173694,,,,,,,,,,,,,,
ATRX,ATRX,chromatin,remodeler,Approved,"RAD54,","JMS,",MRX52,"XH2,",XNP,Xq21.1,U72937,NM_000489,,,,,,,,,,,,
ATXN3L,ataxin,3,like,Approved,MJDL,Xp22.2,NM_001135995,,,,,,,,,,,,,,,,,
ATXN7L3P1,ATXN7L3,pseudogene,1,Approved,Xq12,NG_022608,,,,,,,,,,,,,,,,,,
AUNX1,symbol,"withdrawn,",see,[HGNC:8768](/data/gene-symbol-report/#!/hgnc_id/HGNC:8768),Symbol,Withdrawn,DFNX5,Xq23-q27.3,,,,,,,,,,,,,,,,
AVPR2,arginine,vasopressin,receptor,2,Approved,"DIR3,",DIR,V2R,Xq28,Z11687,,,,,,,,,,,,,,
AWAT1,acyl-CoA,wax,alcohol,acyltransferase,1,Approved,DGAT2L3,Xq13.1,BC039181,NM_001013579,,,,,,,,,,,,,,
AWAT2,acyl-CoA,wax,alcohol,acyltransferase,2,Approved,DGAT2L4,MFAT,Xq13.1,BC063698,NM_001002254,,,,,,,,,,,,,
AZF1,azoospermia,factor,1,Entry,Withdrawn,AZF,AZFa,Yq11,,,,,,,,,,,,,,,,
AZF2,azoospermia,factor,2,Entry,Withdrawn,Y,,,,,,,,,,,,,,,,,,
B3GNT2P1,B3GNT2,pseudogene,1,Approved,Xq22.1,NG_026739,,,,,,,,,,,,,,,,,,
BAG1P1,BAG1,pseudogene,1,Approved,Xp11.4,NG_016482,,,,,,,,,,,,,,,,,,
BAGE,B,melanoma,antigen,Approved,"CT2.1,",BAGE1,21p11.1,not,on,reference,assembly,U19180,NM_001187,,,,,,,,,,,
BAGE3,BAGE,family,member,3,Approved,CT2.3,21p11.2,not,on,reference,assembly,AF339514,NM_182481,,,,,,,,,,,
BAGE4,BAGE,family,member,4,Approved,MLL3P,CT2.4,21p11.1,not,on,reference,assembly,AF339515,NM_181704,,,,,,,,,,
BCAP31,B,cell,receptor,associated,protein,31,Approved,"DXS1357E,","BAP31,","6C6-Ag,",CDM,Xq28,X81109,NM_005745,,,,,,,,,,
BCLAF3,BCLAF1,and,THRAP3,family,member,3,Approved,CXorf23,Xp22.12,AL833278,NM_198279,,,,,,,,,,,,,
BCOR,BCL6,corepressor,Approved,"FLJ20285,",KIAA1575,Xp11.4,AF317391,NM_017745,,,,,,,,,,,,,,,,
BCORL1,BCL6,corepressor,like,1,Approved,CXorf10,FLJ11362,Xq26.1,AL136450,NM_021946,,,,,,,,,,,,,,
BCORP1,BCL6,corepressor,pseudogene,1,Approved,BCORL2,FLJ39821,Yq11.222,AK097140,NR_033732,,,,,,,,,,,,,,
BCYRN1P1,brain,cytoplasmic,RNA,"1,",pseudogene,1,Approved,BC200b,Xq27.1,U01307,,,,,,,,,,,,,,
BCYRN1P2,brain,cytoplasmic,RNA,"1,",pseudogene,2,Approved,BC200g,1q41,not,on,reference,assembly,U01308,,,,,,,,,,
BDM,behavior,disorder,modifier,Entry,Withdrawn,X,,,,,,,,,,,,,,,,,,
BEND2,BEN,domain,containing,2,Approved,CXorf20,MGC33653,Xp22.13,AK128155,NM_153346,,,,,,,,,,,,,,
BEND7P1,BEN,domain,containing,7,pseudogene,1,Approved,Xq22.1,NG_026866,,,,,,,,,,,,,,,
BEX1,brain,expressed,X-linked,1,Approved,Xq22.1,NM_018476,,,,,,,,,,,,,,,,,
BEX2,brain,expressed,X-linked,2,Approved,DJ79P11.1,Xq22.2,BC015522,NM_032621,,,,,,,,,,,,,,,
BEX3,brain,expressed,X-linked,3,Approved,NGFRAP1,"HGR74,","Bex,","NADE,",DXS6984E,Xq22.2,AF187064,NM_014380,,,,,,,,,,,
BEX4,brain,expressed,X-linked,4,Approved,BEXL1,FLJ10097,Xq22.1,AL035494,NM_001080425,,,,,,,,,,,,,,
BEX5,brain,expressed,X-linked,5,Approved,NGFRAP1L1,Xq22.1,BC042818,NM_001159560,,,,,,,,,,,,,,,
BFLS,symbol,"withdrawn,",see,[HGNC:18145](/data/gene-symbol-report/#!/hgnc_id/HGNC:18145),Symbol,Withdrawn,BORJ,Xq26-q27,,,,,,,,,,,,,,,,
BGN,biglycan,Approved,"DSPG1,",SLRR1A,Xq28,AK092954,NM_001711,,,,,,,,,,,,,,,,,
BLOC1S2P1,BLOC1S2,pseudogene,1,Approved,Xq11.2,NG_030157,,,,,,,,,,,,,,,,,,
BLOC1S6P1,BLOC1S6,pseudogene,1,Approved,Xp22.13,NG_042304,,,,,,,,,,,,,,,,,,
BMI1P1,BMI1,"proto-oncogene,",polycomb,ring,finger,pseudogene,1,Approved,lnc-OPHN1-5,Xq12,NG_011910,,,,,,,,,,,,,
BMP2KL,BMP2,inducible,kinase,like,(pseudogene),Approved,Xq13.2,XM_293293,,,,,,,,,,,,,,,,
BMP15,bone,morphogenetic,protein,15,Approved,GDF9B,Xp11.22,AF082349,NM_005448,,,,,,,,,,,,,,,
BMX,BMX,non-receptor,tyrosine,kinase,Approved,"ETK,",PSCTK3,Xp22.2,AF045459,NM_001721,,,,,,,,,,,,,,
BPY2,basic,charge,Y-linked,2,Approved,VCY2,"BPY2A,",VCY2A,Yq11.223,AF000980,NM_004678,,,,,,,,,,,,,
BPY2B,basic,charge,Y-linked,2B,Approved,VCY2B,Yq11.23,NM_001002760,,,,,,,,,,,,,,,,
BPY2C,basic,charge,Y-linked,2C,Approved,VCY2C,Yq11.23,NM_001002761,,,,,,,,,,,,,,,,
BPY2DP,basic,charge,Y-linked,"2D,",pseudogene,Approved,Yp11.2,,,,,,,,,,,,,,,,,
BRAFP1,BRAF,pseudogene,1,Approved,BRAFPS2,BRAF2,Xq13.3,NG_003108,,,,,,,,,,,,,,,,
BRCC3,BRCA1/BRCA2-containing,complex,subunit,3,Approved,CXorf53,"C6.1A,",BRCC36,Xq28,X64643,NM_024332,,,,,,,,,,,,,
BRDTP1,bromodomain,testis,associated,pseudogene,1,Approved,Xq21.33,NR_003539,,,,,,,,,,,,,,,,
BRK1P1,BRICK1,pseudogene,1,Approved,Xp22.31,NG_030299,,,,,,,,,,,,,,,,,,
BRS3,bombesin,receptor,subtype,3,Approved,"BB3,","BB3R,",BBR3,Xq26.3,NM_001727,,,,,,,,,,,,,,
BRWD3,bromodomain,and,WD,repeat,domain,containing,3,Approved,"FLJ38568,",MRX93,Xq21.1,NM_153252,,,,,,,,,,,,
BTF3P8,basic,transcription,factor,3,pseudogene,8,Approved,Xq11.1,,,,,,,,,,,,,,,,
BTG3P1,BTG,anti-proliferation,factor,3,pseudogene,1,Approved,Xq25,NG_026879,,,,,,,,,,,,,,,
BTK,Bruton,tyrosine,kinase,Approved,"AGMX1,",IMD1,"ATK,","XLA,",PSCTK1,Xq22.1,AK057105,NM_000061,,,,,,,,,,,,
BUD31P2,BUD31,homolog,pseudogene,2,Approved,Xq13.3,,,,,,,,,,,,,,,,,,
C1GALT1C1,C1GALT1,specific,chaperone,1,Approved,"COSMC,",C1GALT2,Xq24,AJ238398,NM_152692,,,,,,,,,,,,,,
C1HR,C1AGOH,temperature,sensitivity,complementing,Entry,Withdrawn,X,,,,,,,,,,,,,,,,,
C3orf49P1,C3orf49,pseudogene,1,Approved,Xq22.1,,,,,,,,,,,,,,,,,,,
C4orf46P2,C4orf46,pseudogene,2,Approved,Xq21.1,,,,,,,,,,,,,,,,,,,
CA5B,carbonic,anhydrase,5B,Approved,Xp22.2,AB021660,NM_007220,,,,,,,,,,,,,,,,,
CA5B-AS1,CA5B,antisense,RNA,1,Entry,Withdrawn,Xp22.2,,,,,,,,,,,,,,,,,
CA5BP1,carbonic,anhydrase,5B,pseudogene,1,Approved,"CA5BL,",CA5BP,PRO2325,Xp22.2,BC021816,NR_026551,,,,,,,,,,,,
CACNA1F,calcium,voltage-gated,channel,subunit,alpha1,F,Approved,"CSNB2,",AIED,"Cav1.4,","JM8,","JMC8,","CSNBX2,","CORDX3,","CSNB2A,",OA2,Xp11.23,AA019975,NM_005183,,,,,
CALM1P1,calmodulin,1,pseudogene,1,Approved,CALML1,Xq21.33,U12435,NG_001089,,,,,,,,,,,,,,,
CAPN6,calpain,6,Approved,"CAPNX,","CalpM,",CANPX,Xq23,AF029232,,,,,,,,,,,,,,,,
CAPZA1P1,CAPZA1,pseudogene,1,Approved,CAPZA1P,Xq21.31,AF284769,NG_001277,,,,,,,,,,,,,,,,
CAPZA1P3,CAPZA1,pseudogene,3,Approved,Xq13.1,NG_022610,,,,,,,,,,,,,,,,,,
CASK,calcium/calmodulin,dependent,serine,protein,kinase,Approved,TNRC8,"LIN2,","CAGH39,",FGS4,Xp11.4,AF035582,NM_003688,,,,,,,,,,,
CASK-AS1,CASK,antisense,RNA,1,Approved,Xp11.4,,,,,,,,,,,,,,,,,,
CASKP1,calcium/calmodulin,dependent,serine,protein,kinase,pseudogene,1,Approved,CASKP,Yq11.221,NG_002805.5,,,,,,,,,,,,,
CBLL1P1,CBLL1,pseudogene,1,Approved,Xq24,NG_022634,,,,,,,,,,,,,,,,,,
CBLL2,Cbl,proto-oncogene,like,2,Approved,ZNF645,"FLJ25735,","HAKAIL,",CT138,Xp22.11,AK098601,NM_152577,,,,,,,,,,,,
CBX1P1,chromobox,1,pseudogene,1,Approved,Xq11.1,,,,,,,,,,,,,,,,,,
CBX1P2,chromobox,1,pseudogene,2,Approved,Xp22.2,,,,,,,,,,,,,,,,,,
CBX1P4,chromobox,1,pseudogene,4,Approved,Xp22.2,,,,,,,,,,,,,,,,,,
CCDC22,coiled-coil,domain,containing,22,Approved,CXorf37,JM1,Xp11.23,BC000972,NM_014008,,,,,,,,,,,,,,
CCDC120,coiled-coil,domain,containing,120,Approved,JM11,Xp11.23,BC008769,NM_033626,,,,,,,,,,,,,,,
CCDC121P1,CCDC121,pseudogene,1,Approved,Xq23,NG_009150,,,,,,,,,,,,,,,,,,
CCDC160,coiled-coil,domain,containing,160,Approved,Xq26.2,BC017958,NM_001101357,,,,,,,,,,,,,,,,
CCNB1IP1P3,cyclin,B1,interacting,protein,1,pseudogene,3,Approved,Xq21.33,NG_016614,,,,,,,,,,,,,,
CCNB3,cyclin,B3,Approved,CYCB3,Xp11.22,AJ314764,,,,,,,,,,,,,,,,,,
CCNQ,cyclin,Q,Approved,FAM58A,CycM,Xq28,BC032121,NM_152274,,,,,,,,,,,,,,,,
CCNQP2,CCNQ,pseudogene,2,Approved,"FAM58AP1,",FAM58CP,FAM58Y,Yq12,,,,,,,,,,,,,,,,
CCNYL5,cyclin,Y,like,5,(pseudogene),Approved,Xq12,,,,,,,,,,,,,,,,,
CCT,"cataract,","congenital,",total,Entry,Withdrawn,X,,,,,,,,,,,,,,,,,,
CCT4P2,chaperonin,containing,TCP1,subunit,4,pseudogene,2,Approved,Xq11.2,,,,,,,,,,,,,,,
CD24P4,CD24,molecule,pseudogene,4,Approved,CD24L4,Yq11.222,NG_006012,,,,,,,,,,,,,,,,
CD40LG,CD40,ligand,Approved,"HIGM1,","IMD3,",TNFSF5,"CD40L,","TRAP,","gp39,","hCD40L,","CD154,","CD40-L,","HIGM1,",T-BAM,Xq26.3,X67878,NM_000074,,,,,,,
CD84P1,CD84,pseudogene,1,Approved,Xq28,,,,,,,,,,,,,,,,,,,
CD99,CD99,molecule,(Xg,blood,group),Approved,"MIC2,","MIC2X,",MIC2Y,Xp22.32,and,Yp11.3,M16279,NM_001122898,,,,,,,,,,
CD99L2,CD99,molecule,like,2,Approved,MIC2L1,CD99B,Xq28,BC030536,NM_031462,,,,,,,,,,,,,,
CD99P1,CD99,molecule,pseudogene,1,Approved,"MIC2R,","NCRNA00103,","CXYorf12,",CD99L1,Xp22.33,and,Yp11.31,NR_033380,,,,,,,,,,,
CDC27P2,cell,division,cycle,27,pseudogene,2,Approved,Yp11.2,,,,,,,,,,,,,,,,
CDK16,cyclin,dependent,kinase,16,Approved,PCTK1,"PCTAIRE,","PCTAIRE1,","PCTGAIRE,",FLJ16665,Xp11.3,NM_006201,,,,,,,,,,,,
CDKL5,cyclin,dependent,kinase,like,5,Approved,STK9,"EIEE2,",CFAP247,Xp22.13,Y15057,NM_003159,,,,,,,,,,,,
CDR1,cerebellar,degeneration,related,1,Approved,CDR,"CDR62A,",CDR34,Xq27.1,NM_004065,,,,,,,,,,,,,,
CDR1-AS,symbol,"withdrawn,",see,[HGNC:27865](/data/gene-symbol-report/#!/hgnc_id/HGNC:27865),Symbol,Withdrawn,"CDR1NAT,","ciRS-7,",CDR1as,Xq27.1,,,,,,,,,,,,,,
CDRT15P10,CDRT15,pseudogene,10,Approved,C2orf27AP1,Yq11.21,NG_021911,,,,,,,,,,,,,,,,,
CDX4,caudal,type,homeobox,4,Approved,Xq13.2,AF029879,NM_005193,,,,,,,,,,,,,,,,
CDY1,chromodomain,Y-linked,1,Approved,CDY1A,Yq11.23,AF000981,NM_170723,,,,,,,,,,,,,,,,
CDY1B,chromodomain,Y-linked,1B,Approved,Yq11.23,NM_001003894,,,,,,,,,,,,,,,,,,
CDY2A,chromodomain,Y-linked,2A,Approved,CDY2,Yq11.222,AF080598,NM_004825,,,,,,,,,,,,,,,,
CDY2B,chromodomain,Y-linked,2B,Approved,CDY,Yq11.222,BC069087,NM_001001722,,,,,,,,,,,,,,,,
CDY3P,chromodomain,Y-linked,3,pseudogene,Approved,Yp11.2,NG_003131,,,,,,,,,,,,,,,,,
CDY4P,chromodomain,Y-linked,4,pseudogene,Approved,Yq11.221,NG_003138,,,,,,,,,,,,,,,,,
CDY5P,chromodomain,Y-linked,5,pseudogene,Approved,Yq11.222,NG_003132,,,,,,,,,,,,,,,,,
CDY6P,chromodomain,Y-linked,6,pseudogene,Approved,Yq11.222,NG_003139,,,,,,,,,,,,,,,,,
CDY7P,chromodomain,Y-linked,7,pseudogene,Approved,Yq11.222,NG_003140,,,,,,,,,,,,,,,,,
CDY8P,chromodomain,Y-linked,8,pseudogene,Approved,Yq11.222,NG_003141,,,,,,,,,,,,,,,,,
CDY9P,chromodomain,Y-linked,9,pseudogene,Approved,Yq11.222,NG_003133,,,,,,,,,,,,,,,,,
CDY10P,chromodomain,Y-linked,10,pseudogene,Approved,Yq11.223,NG_003130,,,,,,,,,,,,,,,,,
CDY11P,chromodomain,protein,Y-linked,11,pseudogene,Approved,Yq11.223,NG_003154,,,,,,,,,,,,,,,,
CDY12P,chromodomain,Y-linked,12,pseudogene,Approved,Yq11.223,NG_003142,,,,,,,,,,,,,,,,,
CDY13P,chromodomain,Y-linked,13,pseudogene,Approved,Yq11.223,NG_003143,,,,,,,,,,,,,,,,,
CDY14P,chromodomain,protein,Y-linked,14,pseudogene,Approved,Yq11.223,NG_003144,,,,,,,,,,,,,,,,
CDY15P,chromodomain,Y-linked,15,pseudogene,Approved,Yq11.23,NG_003145,,,,,,,,,,,,,,,,,
CDY16P,chromodomain,Y-linked,16,pseudogene,Approved,Yq11.23,NG_003146,,,,,,,,,,,,,,,,,
CDY17P,chromodomain,Y-linked,17,pseudogene,Approved,Yq11.23,NG_003147,,,,,,,,,,,,,,,,,
CDY18P,chromodomain,Y-linked,18,pseudogene,Approved,Yq11.23,NG_003148,,,,,,,,,,,,,,,,,
CDY19P,chromodomain,Y-linked,19,pseudogene,Approved,Yq11.23,NG_003149,,,,,,,,,,,,,,,,,
CDY20P,chromodomain,Y-linked,20,pseudogene,Approved,Yq11.23,NG_003150,,,,,,,,,,,,,,,,,
CDY21P,chromodomain,Y-linked,21,pseudogene,Approved,Yq11.23,NG_003151,,,,,,,,,,,,,,,,,
CDY22P,chromodomain,Y-linked,22,pseudogene,Approved,Yq11.23,NG_003152,,,,,,,,,,,,,,,,,
CDY23P,chromodomain,Y-linked,23,pseudogene,Approved,Yq11.23,NG_003153,,,,,,,,,,,,,,,,,
CDY24P,symbol,"withdrawn,",see,[HGNC:38078](/data/gene-symbol-report/#!/hgnc_id/HGNC:38078),Symbol,Withdrawn,Yq11.222,,,,,,,,,,,,,,,,,
CENPI,centromere,protein,I,Approved,FSHPRH1,"LRPR1,","CENP-I,",Mis6,Xq22.1,X97249,NM_006733,,,,,,,,,,,,,
CENPVL1,centromere,protein,V,like,1,Approved,CENPVP1,PRR6L1,Xp11.22,AY730278,NM_001355277,,,,,,,,,,,,,
CENPVL2,centromere,protein,V,like,2,Approved,CENPVP2,Xp11.22,NM_001355278,,,,,,,,,,,,,,,
CENPVL3,centromere,protein,V,like,3,Approved,CENPVP3,Xp11.22,NM_001355276,,,,,,,,,,,,,,,
CETN2,centrin,2,Approved,CALT,CEN2,Xq28,X72964,NM_004344,,,,,,,,,,,,,,,,
CFAP47,cilia,and,flagella,associated,protein,47,Approved,"CXorf59,","CXorf22,","CXorf30,",CHDC2,"FLJ36601,","RP13-11B7.1,",MGC34831,Xp21.1,AK093920,NM_001304548,,,,,,,
CFNS,symbol,"withdrawn,",see,[HGNC:3226](/data/gene-symbol-report/#!/hgnc_id/HGNC:3226),Symbol,Withdrawn,Xp22,,,,,,,,,,,,,,,,,
CFP,complement,factor,properdin,Approved,PFC,Xp11.23,M83652,NM_002621,,,,,,,,,,,,,,,,
CGF1,cognitive,function,"1,",social,Entry,Withdrawn,Xp11.22-qter,,,,,,,,,,,,,,,,,
CHCHD2P1,coiled-coil-helix-coiled-coil-helix,domain,containing,2,pseudogene,1,Approved,Xq25,,,,,,,,,,,,,,,,
CHEK2P1,CHEK2,pseudogene,1,Approved,CHEK2L1,Yq11.21,NG_029074,,,,,,,,,,,,,,,,,
CHIC1,cysteine,rich,hydrophobic,domain,1,Approved,BRX,Xq13.2,Y11897,,,,,,,,,,,,,,,
CHM,CHM,Rab,escort,protein,Approved,"TCD,",DXS540,REP-1,Xq21.2,X78121,NM_000390,,,,,,,,,,,,,
CHMP1B2P,charged,multivesicular,body,protein,"1B2,",pseudogene,Approved,Xq21.1,,,,,,,,,,,,,,,,
CHMP5P1,CHMP5,pseudogene,1,Approved,Xp11.3,NG_026686,,,,,,,,,,,,,,,,,,
CHP1P3,CHP1,pseudogene,3,Approved,Xp22.13,,,,,,,,,,,,,,,,,,,
CHR39C,symbol,"withdrawn,",see,[HGNC:3636](/data/gene-symbol-report/#!/hgnc_id/HGNC:3636),Symbol,Withdrawn,Xq13-q21,,,,,,,,,,,,,,,,,
CHRDL1,chordin,like,1,Approved,MGC1,"NRLN1,",CHL,Xq23,AL049176,NM_145234,,,,,,,,,,,,,,
CHRFAM7AP1,CHRFAM7A,pseudogene,1,Approved,Yq11.23,NG_004755,,,,,,,,,,,,,,,,,,
CHRFAM7AP2,CHRFAM7A,pseudogene,2,Approved,Yq11.2,NG_002919,,,,,,,,,,,,,,,,,,
CHST7,carbohydrate,sulfotransferase,7,Approved,"C6ST-2,",C6ST2,Xp11.3,AB040711,NM_019886,,,,,,,,,,,,,,,
CHTF8P1,chromosome,transmission,fidelity,factor,8,pseudogene,1,Approved,CHTF8P,Xp11.3,,,,,,,,,,,,,,
CICP1,capicua,transcriptional,repressor,pseudogene,1,Approved,Yq11.23,NG_002935,,,,,,,,,,,,,,,,
CICP2,capicua,transcriptional,repressor,pseudogene,2,Approved,Yq11.23,NG_002934,,,,,,,,,,,,,,,,
CIDX,symbol,"withdrawn,",see,[HGNC:6010](/data/gene-symbol-report/#!/hgnc_id/HGNC:6010),Symbol,Withdrawn,X,,,,,,,,,,,,,,,,,
CITED1,Cbp/p300,interacting,transactivator,with,Glu/Asp,rich,carboxy-terminal,domain,1,Approved,MSG1,Xq13.1,U65092,NM_004143,,,,,,,,,,
CKS1BP6,CDC28,protein,kinase,regulatory,subunit,1B,pseudogene,6,Approved,Xp21.2,,,,,,,,,,,,,,
CLCN4,chloride,voltage-gated,channel,4,Approved,"CLC4,",ClC-4,Xp22.2,X77197,,,,,,,,,,,,,,,
CLCN5,chloride,voltage-gated,channel,5,Approved,"NPHL2,",NPHL1,"DENTS,","XLRH,","hClC-K2,","hCIC-K2,","CLC5,","XRN,",ClC-5,Xp11.23,X91906,,,,,,,,
CLDN2,claudin,2,Approved,Xq22.3,AK075405,,,,,,,,,,,,,,,,,,,
CLDN7P1,CLDN7,pseudogene,1,Approved,Xp11.4,NG_022591,,,,,,,,,,,,,,,,,,
CLDN34,claudin,34,Approved,Xp22.2,,,,,,,,,,,,,,,,,,,,
CLIC2,chloride,intracellular,channel,2,Approved,"XAP121,",CLCNL2,Xq28,AJ000217,NM_001289,,,,,,,,,,,,,,
CLIC4P3,chloride,intracellular,channel,4,pseudogene,3,Approved,Xp11.4,NG_022657,,,,,,,,,,,,,,,
CLS,symbol,"withdrawn,",see,[HGNC:10432](/data/gene-symbol-report/#!/hgnc_id/HGNC:10432),Symbol,Withdrawn,Xp22.2-p22.1,,,,,,,,,,,,,,,,,
CLTRN,"collectrin,",amino,acid,transport,regulator,Approved,TMEM27,NX17,Xp22.2,AF229179,NM_020665,,,,,,,,,,,,,
CLUHP1,clustered,mitochondria,homolog,pseudogene,1,Approved,KIAA0664P1,KIAA0664L1,Yq11.222,,,,,,,,,,,,,,,
CLUHP2,clustered,mitochondria,homolog,pseudogene,2,Approved,KIAA0664P2,KIAA0664L2,Yq11.222,NG_004636,,,,,,,,,,,,,,
CMC4,C-X9-C,motif,containing,4,Approved,"MTCP1,",MTCP1NB,"P8MTCP1,",p8,Xq28,NM_001018024.2,,,,,,,,,,,,,
CMR3A,"cardiomyopathy,",restrictive,3A,(X-linked),Entry,Withdrawn,X,,,,,,,,,,,,,,,,,
CMTX2,Charcot-Marie-Tooth,"neuropathy,",X-linked,2,(recessive),Entry,Withdrawn,Xp22,,,,,,,,,,,,,,,,
CMTX3,Charcot-Marie-Tooth,"neuropathy,",X-linked,3,(dominant),Entry,Withdrawn,X,,,,,,,,,,,,,,,,
CNEP1R1P1,CNEP1R1,pseudogene,1,Approved,Xq22.2,NG_030298,,,,,,,,,,,,,,,,,,
CNGA2,cyclic,nucleotide,gated,channel,subunit,alpha,2,Approved,"CNCA1,",CNCA,"CNG2,","OCNC1,","OCNCa,","OCNCALPHA,","OCNCalpha,",FLJ46312,Xq28,S76067,NM_005140,,,,,
CNKSR2,connector,enhancer,of,kinase,suppressor,of,Ras,2,Approved,"KIAA0902,","CNK2,",KSR2,Xp22.12,AB020709,NM_014927,,,,,,,,,
CNOT7P1,CCR4-NOT,transcription,complex,subunit,7,pseudogene,1,Approved,Xq13.1,,,,,,,,,,,,,,,
COBLP1,COBL,pseudogene,1,Approved,Xq24,NG_022694,,,,,,,,,,,,,,,,,,
COD1,symbol,"withdrawn,",see,[HGNC:10295](/data/gene-symbol-report/#!/hgnc_id/HGNC:10295),Symbol,Withdrawn,Xp11.4,,,,,,,,,,,,,,,,,
COD2,cone,dystrophy,2,(X-linked),Entry,Withdrawn,CORDX2,Xq27,,,,,,,,,,,,,,,,
COL4A5,collagen,type,IV,alpha,5,chain,Approved,"ASLN,",ATS,Xq22.3,M90464,,,,,,,,,,,,,
COL4A6,collagen,type,IV,alpha,6,chain,Approved,Xq22.3,U04845,,,,,,,,,,,,,,,
COPS8P1,COP9,signalosome,subunit,8,pseudogene,1,Approved,Xq21.2,,,,,,,,,,,,,,,,
CORO1CP1,CORO1C,pseudogene,1,Approved,Xq21.1,NG_026725,,,,,,,,,,,,,,,,,,
COX6CP12,cytochrome,c,oxidase,subunit,6C,pseudogene,12,Approved,Xq13.1,,,,,,,,,,,,,,,
COX7B,cytochrome,c,oxidase,subunit,7B,Approved,Xq21.1,Z14244,NM_001866,,,,,,,,,,,,,,,
CPSF1P2,CPSF1,pseudogene,2,Approved,Xp11.23,NG_026701,,,,,,,,,,,,,,,,,,
CPX,symbol,"withdrawn,",see,[HGNC:11600](/data/gene-symbol-report/#!/hgnc_id/HGNC:11600),Symbol,Withdrawn,CLPA,Xq21.3-q22,,,,,,,,,,,,,,,,
CPXCR1,CPX,chromosome,region,candidate,1,Approved,CT77,Xq21.31,AL031116,NM_033048,,,,,,,,,,,,,,
CRIPTO3,"cripto,",EGF-CFC,family,member,3,Approved,"TDGF3,",TDGF1P3,"TDGF2,","CR-3,",CRIPTO-3,Xq23,M96956,NR_002718,,,,,,,,,,
CRIPTOP1,CRIPTO,pseudogene,1,Approved,TDGF1P1,Xp11.4,NG_026672,,,,,,,,,,,,,,,,,
CRLF2,cytokine,receptor,like,factor,2,Approved,"CRL2,",TSLPR,Xp22.3,and,Yp11.3,AF142570,NM_022148,,,,,,,,,,,
CROCCP1,CROCC,pseudogene,1,Approved,CROCCP,Xq26.3,NG_009690,,,,,,,,,,,,,,,,,
CSAG1,chondrosarcoma,associated,gene,1,Approved,"CSAGE,",CT24.1,Xq28,AF268419,NM_153479,,,,,,,,,,,,,,
CSAG2,CSAG,family,member,2,Approved,CSAG3B,"TRAG3,",CT24.2,Xq28,AF080246,NM_001080848,,,,,,,,,,,,,
CSAG3,CSAG,family,member,3,Approved,CSAG3A,Xq28,BC007228,NM_203311,,,,,,,,,,,,,,,
CSAG3B,symbol,"withdrawn,",see,[HGNC:16847](/data/gene-symbol-report/#!/hgnc_id/HGNC:16847),Symbol,Withdrawn,CSAG3B,Xq28,,,,,,,,,,,,,,,,
CSAG4,CSAG,family,member,4,(pseudogene),Approved,Xq28,BC013171,,,,,,,,,,,,,,,,
CSF2RA,colony,stimulating,factor,2,receptor,subunit,alpha,Approved,CSF2R,"CD116,",alphaGMR,Xp22.32,and,Yp11.3,M64445,,,,,,,,,
CSGALNACT2P1,CSGALNACT2,pseudogene,1,Approved,Xq22.1,NG_021119,,,,,,,,,,,,,,,,,,
CSGALNACT2P2,CSGALNACT2,pseudogene,2,Approved,Xq22.3,,,,,,,,,,,,,,,,,,,
CSPG4P1Y,CSPG4,pseudogene,1,Y-linked,Approved,"CSPG4LYP1,",CSPG4P1,Yq11.23,AF332228,NR_001554,,,,,,,,,,,,,,
CSPG4P2Y,CSPG4,pseudogene,2,Y-linked,Approved,"CSPG4LYP2,",CSPG4P2,Yq11.23,NR_002194,,,,,,,,,,,,,,,
CSPG4P3Y,CSPG4,pseudogene,3,Y-linked,Approved,"CSPG4P3,",CSPG4P6Y,Yq11.23,,,,,,,,,,,,,,,,
CSPG4P4Y,CSPG4,pseudogene,4,Y-linked,Approved,"CSPG4P4,",CSPG4P7Y,Yq11.23,,,,,,,,,,,,,,,,
CSPG4P6Y,symbol,"withdrawn,",see,[HGNC:38111](/data/gene-symbol-report/#!/hgnc_id/HGNC:38111),Symbol,Withdrawn,Yq11.23,,,,,,,,,,,,,,,,,
CSTF2,cleavage,stimulation,factor,subunit,2,Approved,CstF-64,Xq22.1,BC017712,NM_001325,,,,,,,,,,,,,,
CT45A1,cancer/testis,antigen,family,45,member,A1,Approved,"CT45-1,",CT45.1,Xq26.3,AY743709,NM_001017417,,,,,,,,,,,,
CT45A2,cancer/testis,antigen,family,45,member,A2,Approved,"CT45-2,",CT45.2,Xq26.3,AY743710,NM_152582,,,,,,,,,,,,
CT45A3,cancer/testis,antigen,family,45,member,A3,Approved,CT45A4,"CT45-3,","CT45.3,","CT45-4,",CT45.4,Xq26.3,AY743711,NM_001017435,,,,,,,,,
CT45A4,symbol,"withdrawn,",see,[HGNC:33268](/data/gene-symbol-report/#!/hgnc_id/HGNC:33268),Symbol,Withdrawn,"CT45-4,",CT45.4,Xq26.3,not,on,reference,assembly,,,,,,,,,,,
CT45A5,cancer/testis,antigen,family,45,member,A5,Approved,"CT45-5,",CT45.5,Xq26.3,AY743713,NM_001007551,,,,,,,,,,,,
CT45A6,cancer/testis,antigen,family,45,member,A6,Approved,"CT45-6,",CT45.6,Xq26.3,AY743714,NM_001017438,,,,,,,,,,,,
CT45A7,cancer/testis,antigen,family,45,member,A7,Approved,Xq26.3,,,,,,,,,,,,,,,,
CT45A8,cancer/testis,antigen,family,45,member,A8,Approved,Xq26.3,,,,,,,,,,,,,,,,
CT45A9,cancer/testis,antigen,family,45,member,A9,Approved,Xq26.3,,,,,,,,,,,,,,,,
CT45A10,cancer/testis,antigen,family,45,member,A10,Approved,Xq26.3,,,,,,,,,,,,,,,,
CT45A11P,cancer/testis,antigen,family,45,member,"A11,",pseudogene,Approved,Xq26.3,,,,,,,,,,,,,,,
CT47A1,cancer/testis,antigen,family,47,member,A1,Approved,CT47.1,Xq24,NM_001080146,,,,,,,,,,,,,,
CT47A2,cancer/testis,antigen,family,47,member,A2,Approved,CT47.2,Xq24,NM_001080145,,,,,,,,,,,,,,
CT47A3,cancer/testis,antigen,family,47,member,A3,Approved,CT47.3,Xq24,NM_001080144,,,,,,,,,,,,,,
CT47A4,cancer/testis,antigen,family,47,member,A4,Approved,CT47.4,Xq24,NM_001080143,,,,,,,,,,,,,,
CT47A5,cancer/testis,antigen,family,47,member,A5,Approved,CT47.5,Xq24,NM_001080142,,,,,,,,,,,,,,
CT47A6,cancer/testis,antigen,family,47,member,A6,Approved,CT47.6,Xq24,NM_001080141,,,,,,,,,,,,,,
CT47A7,cancer/testis,antigen,family,47,member,A7,Approved,CT47.7,Xq24,NM_001080140,,,,,,,,,,,,,,
CT47A8,cancer/testis,antigen,family,47,member,A8,Approved,CT47.8,Xq24,NM_001080139,,,,,,,,,,,,,,
CT47A9,cancer/testis,antigen,family,47,member,A9,Approved,CT47.9,Xq24,NM_001080138,,,,,,,,,,,,,,
CT47A10,cancer/testis,antigen,family,47,member,A10,Approved,CT47.10,Xq24,NM_001080137,,,,,,,,,,,,,,
CT47A11,cancer/testis,antigen,family,47,member,A11,Approved,CT47.11,Xq24,NM_173571,,,,,,,,,,,,,,
CT47A12,cancer/testis,antigen,family,47,member,A12,Approved,CT47.12,Xq24,,,,,,,,,,,,,,,
CT47B1,cancer/testis,antigen,family,47,member,B1,Approved,CT47.13,Xq24,NM_001145718,,,,,,,,,,,,,,
CT47C1,cancer/testis,antigen,family,47,member,C1,Approved,Xq24,,,,,,,,,,,,,,,,
CT55,cancer/testis,antigen,55,Approved,CXorf48,FLJ20527,Xq26.3,AF520814,NM_017863,,,,,,,,,,,,,,,
CT83,cancer/testis,antigen,83,Approved,CXorf61,"KK-LC-1,","FLJ20611,",FLJ22913,Xq23,BC062223,NM_001017978,,,,,,,,,,,,,
CTAG1A,cancer/testis,antigen,1A,Approved,"LAGE2A,",ESO1,Xq28,NM_139250,,,,,,,,,,,,,,,,
CTAG1B,cancer/testis,antigen,1B,Approved,"CTAG,",CTAG1,"NY-ESO-1,","LAGE2B,","LAGE2A,","ESO1,",CT6.1,Xq28,U87459,NM_001327,,,,,,,,,,
CTAG2,cancer/testis,antigen,2,Approved,"LAGE-1,","CAMEL,","LAGE1,","ESO2,","MGC3803,","MGC138724,","CT6.2a,","CT6.2b,","LAGE-1a,",LAGE-1b,Xq28,AJ012833,NM_020994,,,,,,,
CTBP2P1,CTBP2,pseudogene,1,Approved,Yq12,NG_002808,,,,,,,,,,,,,,,,,,
CTDSPL2P1,CTDSPL2,pseudogene,1,Approved,Xq22.1,NG_022626,,,,,,,,,,,,,,,,,,
CTDSPL2P2,CTDSPL2,pseudogene,2,Approved,Xq22.3,NG_022687,,,,,,,,,,,,,,,,,,
CTHRC1P1,collagen,triple,helix,repeat,containing,1,pseudogene,1,Approved,Xq21.1,,,,,,,,,,,,,,
CTNNBL1P1,CTNNBL1,pseudogene,1,Approved,Xp11.3,NG_022597,,,,,,,,,,,,,,,,,,
CTPS2,CTP,synthase,2,Approved,GATD5B,Xp22.2,AF086422,NM_019857,,,,,,,,,,,,,,,,
CUL4B,cullin,4B,Approved,Xq24,U58091,NM_003588,,,,,,,,,,,,,,,,,,
CXCR3,C-X-C,motif,chemokine,receptor,3,Approved,GPR9,"CKR-L2,","CMKAR3,","IP10-R,","MigR,",CD183,Xq13.1,U32674,,,,,,,,,,
CXorf3,symbol,"withdrawn,",see,[HGNC:19073](/data/gene-symbol-report/#!/hgnc_id/HGNC:19073),Symbol,Withdrawn,Xq24-q25,,,,,,,,,,,,,,,,,
CXorf5,symbol,"withdrawn,",see,[HGNC:2567](/data/gene-symbol-report/#!/hgnc_id/HGNC:2567),Symbol,Withdrawn,Xp22.3-p22.2,,,,,,,,,,,,,,,,,
CXorf10,symbol,"withdrawn,",see,[HGNC:25657](/data/gene-symbol-report/#!/hgnc_id/HGNC:25657),Symbol,Withdrawn,CXorf10,Xq26,,,,,,,,,,,,,,,,
CXorf22,symbol,"withdrawn,",see,[HGNC:26708](/data/gene-symbol-report/#!/hgnc_id/HGNC:26708),Symbol,Withdrawn,MGC34831,Xp21.1,,,,,,,,,,,,,,,,
CXorf30,symbol,"withdrawn,",see,[HGNC:26708](/data/gene-symbol-report/#!/hgnc_id/HGNC:26708),Symbol,Withdrawn,Xp21.1,,,,,,,,,,,,,,,,,
CXorf35,symbol,"withdrawn,",see,[HGNC:28615](/data/gene-symbol-report/#!/hgnc_id/HGNC:28615),Symbol,Withdrawn,Xq22.1,,,,,,,,,,,,,,,,,
CXorf38,chromosome,X,open,reading,frame,38,Approved,MGC39350,Xp11.4,AL832829,NM_144970,,,,,,,,,,,,,
CXorf45,symbol,"withdrawn,",see,[HGNC:30881](/data/gene-symbol-report/#!/hgnc_id/HGNC:30881),Symbol,Withdrawn,CXorf45,FLJ23018,Xq23,,,,,,,,,,,,,,,
CXorf49,chromosome,X,open,reading,frame,49,Approved,Xq13.1,BE731937,NM_001145140,,,,,,,,,,,,,,
CXorf49B,chromosome,X,open,reading,frame,49B,Approved,Xq13.1,BE731937,NM_001145139,,,,,,,,,,,,,,
CXorf51A,chromosome,X,open,reading,frame,51A,Approved,CXorf51,Xq27.3,AA723770,NM_001144064,,,,,,,,,,,,,
CXorf51B,chromosome,X,open,reading,frame,51B,Approved,Xq27.3,NM_001244892,,,,,,,,,,,,,,,
CXorf58,chromosome,X,open,reading,frame,58,Approved,FLJ25444,Xp22.11,AK058173,NM_152761,,,,,,,,,,,,,
CXorf65,chromosome,X,open,reading,frame,65,Approved,Xq13.1,BC144434,NM_001025265,,,,,,,,,,,,,,
CXorf66,chromosome,X,open,reading,frame,66,Approved,"RP11-35F15.2,",SGPX,Xq27.1,NM_001013403,,,,,,,,,,,,,
CXXC1P1,CXXC,finger,protein,1,pseudogene,1,Approved,"CXorf25,",NCRNA00236,FLJ36789,Xp11.23,AK094108,,,,,,,,,,,,
CXYorf12,symbol,"withdrawn,",see,[HGNC:7083](/data/gene-symbol-report/#!/hgnc_id/HGNC:7083),Symbol,Withdrawn,Xp22.33,and,Yp11.31,,,,,,,,,,,,,,,
CYB5AP1,cytochrome,b5,type,A,pseudogene,1,Entry,Withdrawn,CYB5P1,X,,,,,,,,,,,,,,
CYBB,cytochrome,b-245,beta,chain,Approved,CGD,"GP91-PHOX,",NOX2,Xp21.1-p11.4,X04011,,,,,,,,,,,,,,
CYCSP43,CYCS,pseudogene,43,Approved,HCP43,Xq13.1,AF533204,NG_002992,,,,,,,,,,,,,,,,
CYCSP44,CYCS,pseudogene,44,Approved,HCP44,Xq27.3,AF533205,NG_002993,,,,,,,,,,,,,,,,
CYCSP45,CYCS,pseudogene,45,Approved,HCP45,Xq28,AF533206,NG_002994,,,,,,,,,,,,,,,,
CYCSP46,CYCS,pseudogene,46,Approved,"HCP46,",HCP47,Yq11.221,AF533208,NG_002926,,,,,,,,,,,,,,,
CYCSP48,CYCS,pseudogene,48,Approved,HCP48,Yq11.23,AF533209,NG_002995,,,,,,,,,,,,,,,,
CYCSP49,CYCS,pseudogene,49,Approved,CYCSP54,HCP49,Yq11.23,AF533210,NG_002999,,,,,,,,,,,,,,,
CYCSP54,symbol,"withdrawn,",see,[HGNC:23943](/data/gene-symbol-report/#!/hgnc_id/HGNC:23943),Symbol,Withdrawn,Yq11.223,,,,,,,,,,,,,,,,,
CYLC1,cylicin,1,Approved,Xq21.1,Z22780,NM_021118,,,,,,,,,,,,,,,,,,
CYorf15B,symbol,"withdrawn,",see,[HGNC:18473](/data/gene-symbol-report/#!/hgnc_id/HGNC:18473),Symbol,Withdrawn,Yq11.221,,,,,,,,,,,,,,,,,
CYP2C64P,cytochrome,P450,family,2,subfamily,C,member,"64,",pseudogene,Approved,CYP2C-se4[1],Xq28,,,,,,,,,,,,
CYSLTR1,cysteinyl,leukotriene,receptor,1,Approved,"CysLT1,","CysLT(1),",CYSLT1R,Xq21.1,AF119711,,,,,,,,,,,,,,
CYTH1P1,CYTH1,pseudogene,1,Approved,Xp22.11,NG_026803,,,,,,,,,,,,,,,,,,
DACH2,dachshund,family,transcription,factor,2,Approved,Xq21.2,AF428101,NM_053281,,,,,,,,,,,,,,,
DANT1,DXZ4,associated,non-coding,transcript,"1,",proximal,Approved,Xq23,CD173052,NR_147172,,,,,,,,,,,,,,
DANT2,DXZ4,associated,non-coding,transcript,"2,",distal,Approved,Xq23,NR_132337,,,,,,,,,,,,,,,
DAZ1,deleted,in,azoospermia,1,Approved,DAZ,SPGY,Yq11.223,NM_004081,,,,,,,,,,,,,,,
DAZ2,deleted,in,azoospermia,2,Approved,"pDP1678,",MGC126442,Yq11.223,AF248480,NM_020363,,,,,,,,,,,,,,
DAZ3,deleted,in,azoospermia,3,Approved,Yq11.23,AF248481,NM_020364,,,,,,,,,,,,,,,,
DAZ4,deleted,in,azoospermia,4,Approved,Yq11.23,AF248482,NM_001005375,,,,,,,,,,,,,,,,
DCAF8L1,DDB1,and,CUL4,associated,factor,8,like,1,Approved,WDR42B,Xp21.3,NM_001017930,,,,,,,,,,,,
DCAF8L2,DDB1,and,CUL4,associated,factor,8,like,2,Approved,WDR42C,Xp21.3,NM_001353448,,,,,,,,,,,,
DCAF12L1,DDB1,and,CUL4,associated,factor,12,like,1,Approved,WDR40B,KIAA1892L,Xq25,BC035674,NM_178470,,,,,,,,,,
DCAF12L2,DDB1,and,CUL4,associated,factor,12,like,2,Approved,WDR40C,Xq25,AL445072,NM_001013628,,,,,,,,,,,
DCX,doublecortin,Approved,"SCLH,","DC,","LISX,","DBCN,",XLIS,Xq23,AF040254,NM_178153,,,,,,,,,,,,,,
DDX3P1,DEAD-box,helicase,3,pseudogene,1,Approved,DDX3YP1,Xq13.2,NG_022674,,,,,,,,,,,,,,,
DDX3P2,DEAD-box,helicase,3,pseudogene,2,Approved,DDX3YP2,Xq13.2,,,,,,,,,,,,,,,,
DDX3X,DEAD-box,helicase,3,X-linked,Approved,DDX3,"DBX,","HLP2,","DDX14,",CAP-Rf,Xp11.4,U50553,NM_001356,,,,,,,,,,,
DDX3Y,DEAD-box,helicase,3,Y-linked,Approved,DBY,Yq11.221,AF000984,NM_004660,,,,,,,,,,,,,,,
DDX11L15,DEAD/H-box,helicase,11,like,15,(pseudogene),Approved,Xp11.32,,,,,,,,,,,,,,,,
DDX11L16,DEAD/H-box,helicase,11,like,16,(pseudogene),Approved,Xq28,and,Yq12,AM992882,NG_006978.2,,,,,,,,,,,,
DDX53,DEAD-box,helicase,53,Approved,"CAGE,",CT26,Xp22.11,AY039237,NM_182699,,,,,,,,,,,,,,,
DENND10P1,DENND10,pseudogene,1,Approved,"FAM45B,",FAM45BP,HT011,Xq26.1,AF220185,NR_027141,,,,,,,,,,,,,,
DFN2,symbol,"withdrawn,",see,[HGNC:9462](/data/gene-symbol-report/#!/hgnc_id/HGNC:9462),Symbol,Withdrawn,Xq22,,,,,,,,,,,,,,,,,
DFN6,symbol,"withdrawn,",see,[HGNC:11122](/data/gene-symbol-report/#!/hgnc_id/HGNC:11122),Symbol,Withdrawn,DFNX4,Xp22,,,,,,,,,,,,,,,,
DFNX3,"deafness,",X-linked,3,Entry,Withdrawn,DFN4,Xp21.2,,,,,,,,,,,,,,,,,
DFNY1,"deafness,",Y-linked,1,Entry,Withdrawn,Y,,,,,,,,,,,,,,,,,,
DGAT2L6,diacylglycerol,O-acyltransferase,2,like,6,Approved,"DC3,",FLJ25989,Xq13.1,AK129500,NM_198512,,,,,,,,,,,,,
DGKK,diacylglycerol,kinase,kappa,Approved,Xp11.22,AB183864,NM_001013742,,,,,,,,,,,,,,,,,
DHOF,symbol,"withdrawn,",see,[HGNC:17652](/data/gene-symbol-report/#!/hgnc_id/HGNC:17652),Symbol,Withdrawn,X,,,,,,,,,,,,,,,,,
DHRSX,dehydrogenase/reductase,X-linked,Approved,"DHRS5X,","DHRSXY,","DHRSY,","DHRS5Y,","SDR46C1,",SDR7C6,Xp22.33,and,Yp11.2,AJ293620,NM_145177,,,,,,,,,,
DHRSX-IT1,DHRSX,intronic,transcript,1,Approved,DHRSXIT1,DHRSX-IT,Xp22.33,and,Yp11,,,,,,,,,,,,,,
DIAPH2,diaphanous,related,formin,2,Approved,"POF,","DIA,","POF2,",DIA2,Xq21.33,Y15909,"NM_006729,",NM_007309,,,,,,,,,,,
DIAPH2-AS1,DIAPH2,antisense,RNA,1,Approved,Xq21.33,,,,,,,,,,,,,,,,,,
DIPK2B,divergent,protein,kinase,domain,2B,Approved,CXorf36,"FLJ14103,",DIA1R,Xp11.3,AF289581,NM_024689,,,,,,,,,,,,
DKC1,dyskerin,pseudouridine,synthase,1,Approved,DKC,"XAP101,","dyskerin,","NAP57,","NOLA4,",Cbf5,Xq28,AJ224481,NM_001363,,,,,,,,,,
DLG3,discs,large,MAGUK,scaffold,protein,3,Approved,"NE-Dlg,","SAP102,","SAP-102,","NEDLG,","KIAA1232,","MRX90,",PPP1R82,Xq13.1,U49089,NM_021120,,,,,,,
DLG3-AS1,DLG3,antisense,RNA,1,Approved,Xq13.1,,,,,,,,,,,,,,,,,,
DLGAP5P1,DLGAP5,pseudogene,1,Approved,Yp11.2,NG_002932,,,,,,,,,,,,,,,,,,
DLGAP5P2,DLGAP5,pseudogene,2,Approved,Xq21.32,,,,,,,,,,,,,,,,,,,
DMD,dystrophin,Approved,MRX85,"BMD,","DXS142,","DXS164,","DXS206,","DXS230,","DXS239,","DXS268,","DXS269,","DXS270,",DXS272,Xp21.2-p21.1,AF047505,NM_004006,,,,,,,,
DMD-AS1,DMD,antisense,RNA,1,Entry,Withdrawn,Xp21.2,,,,,,,,,,,,,,,,,
DMD-AS2,DMD,antisense,RNA,2,Entry,Withdrawn,Xp21.2,,,,,,,,,,,,,,,,,
DMD-AS3,DMD,antisense,RNA,3,Approved,Xp21.1,,,,,,,,,,,,,,,,,,
DMRTC1,DMRT,like,family,C1,Approved,Xq13.1,AJ291670,NM_033053,,,,,,,,,,,,,,,,
DMRTC1B,DMRT,like,family,C1B,Approved,Xq13.1,,,,,,,,,,,,,,,,,,
DNAAF6,dynein,axonemal,assembly,factor,6,Approved,"CXorf41,",PIH1D3,"MGC35261,","NYSAR97,",TWISTER,Xq22.3,AL136112,NM_173494,,,,,,,,,,
DNAJA1P3,DnaJ,heat,shock,protein,family,(Hsp40),member,A1,pseudogene,3,Approved,Xq22.3,,,,,,,,,,,,
DNASE1L1,deoxyribonuclease,1,like,1,Approved,DNL1L,"DNAS1L1,","XIB,",DNASEX,Xq28,L40817,,,,,,,,,,,,,
DNM1DN15@,symbol,"withdrawn,",see,"[HGNC:35171](/data/gene-symbol-report/#!/hgnc_id/HGNC:35171),",[HGNC:35172](/data/gene-symbol-report/#!/hgnc_id/HGNC:35172),Symbol,Withdrawn,"DNM1DN15-1,","DNM1DN15-2,",DNM1DN15-3,Yq11.223,,,,,,,,,,,,,
DNM1DN16@,symbol,"withdrawn,",see,"[HGNC:35173](/data/gene-symbol-report/#!/hgnc_id/HGNC:35173),",[HGNC:35174](/data/gene-symbol-report/#!/hgnc_id/HGNC:35174),Symbol,Withdrawn,"DNM1DN16-1,","DNM1DN16-2,",DNM1DN16-3,Yq11.22,,,,,,,,,,,,,
DNM1P24,dynamin,1,pseudogene,24,Approved,DNM1DN15@,DNM1DN15-1,Yq11.23,AJ576278,NG_004755,,,,,,,,,,,,,,
DNM1P25,dynamin,1,pseudogene,25,Approved,DNM1DN15@,DNM1DN15-3,Yq11.23,AJ576280,NG_004755,,,,,,,,,,,,,,
DNM1P26,dynamin,1,pseudogene,26,Approved,DNM1DN16@,DNM1DN16-1,Yq11.23,AJ576281,NG_004755,,,,,,,,,,,,,,
DNM1P27,dynamin,1,pseudogene,27,Approved,DNM1DN16@,DNM1DN16-3,Yq11.23,AJ576283,NG_004755,,,,,,,,,,,,,,
DNM1P48,dynamin,1,pseudogene,48,Approved,Yq11.23,NG_004755,,,,,,,,,,,,,,,,,
DOCK11,dedicator,of,cytokinesis,11,Approved,"FLJ32122,","FLJ43653,","ZIZ2,",ACG,Xq24,AK125641,NM_144658,,,,,,,,,,,,
DPH3P2,diphthamide,biosynthesis,3,pseudogene,2,Approved,Xq28,and,Yq12,,,,,,,,,,,,,,,
DPPA2P1,developmental,pluripotency,associated,2,pseudogene,1,Approved,Yq11.221,,,,,,,,,,,,,,,,
DPPA3P1,DPPA3,pseudogene,1,Approved,Xq22.2,NG_007153,,,,,,,,,,,,,,,,,,
DPPA3P4,DPPA3,pseudogene,4,Approved,Xq22.2,,,,,,,,,,,,,,,,,,,
DPRXP6,divergent-paired,related,homeobox,pseudogene,6,Approved,Xp11.4,NG_004851,,,,,,,,,,,,,,,,
DPRXP7,divergent-paired,related,homeobox,pseudogene,7,Approved,Xq23,NG_004852,,,,,,,,,,,,,,,,
DRAXINP1,dorsal,inhibitory,axon,guidance,protein,pseudogene,1,Approved,Xp22.31,NG_022580,,,,,,,,,,,,,,
DRP2,dystrophin,related,protein,2,Approved,Xq22.1,U43519,NM_001939,,,,,,,,,,,,,,,,
DSS,symbol,"withdrawn,",see,[HGNC:7960](/data/gene-symbol-report/#!/hgnc_id/HGNC:7960),Symbol,Withdrawn,Xp21.3,,,,,,,,,,,,,,,,,
DUSP9,dual,specificity,phosphatase,9,Approved,"MKP-4,",MKP4,Xq28,Y08302,NM_001395,,,,,,,,,,,,,,
DUSP21,dual,specificity,phosphatase,21,Approved,Xp11.3,AF143321,NM_022076,,,,,,,,,,,,,,,,
DUTP4,deoxyuridine,triphosphatase,pseudogene,4,Approved,Xq28,,,,,,,,,,,,,,,,,,
DUX1,double,homeobox,1,Approved,not,on,reference,assembly,AJ001481,NM_012146,,,,,,,,,,,,,,
DUX3,double,homeobox,3,Approved,not,on,reference,assembly,AF133130,NM_012148,,,,,,,,,,,,,,
DUX4L16,double,homeobox,4,like,16,(pseudogene),Approved,DUXY1,Yq11.21,,,,,,,,,,,,,,,
DUX4L17,double,homeobox,4,like,17,(pseudogene),Approved,DUXY3,Yq11.21,,,,,,,,,,,,,,,
DUX4L18,double,homeobox,4,like,18,(pseudogene),Approved,DUXY2,Yq11.21,,,,,,,,,,,,,,,
DUX4L19,double,homeobox,4,like,19,(pseudogene),Approved,DUXY4,Yq11.21,,,,,,,,,,,,,,,
DUX4L31,double,homeobox,4,like,31,(pseudogene),Approved,Yp11.2,,,,,,,,,,,,,,,,
DUX5,double,homeobox,5,Approved,not,on,reference,assembly,AF133131,NM_012149,,,,,,,,,,,,,,
DYNLT3,dynein,light,chain,Tctex-type,3,Approved,TCTE1L,TCTEX1L,Xp11.4,U02556,NM_006520,,,,,,,,,,,,,
DYT3,symbol,"withdrawn,",see,[HGNC:11535](/data/gene-symbol-report/#!/hgnc_id/HGNC:11535),Symbol,Withdrawn,Xp13.2-q13.3,,,,,,,,,,,,,,,,,
DYX9,dyslexia,susceptibility,9,Entry,Withdrawn,DXY9,Xq27.3,,,,,,,,,,,,,,,,,
E2F6P4,E2F,transcription,factor,6,pseudogene,4,Approved,Xq26.3,,,,,,,,,,,,,,,,
EBM,epidermolysis,"bullosa,",macular,type,Entry,Withdrawn,X,,,,,,,,,,,,,,,,,
EBP,EBP,cholestenol,delta-isomerase,Approved,CDPX2,"CPX,","CPXD,",CHO2,Xp11.23,Z37986,NM_006579,,,,,,,,,,,,,
ECMXP,extracellular,matrix,protein,"X-linked,",pseudogene,Approved,Xq28,,,,,,,,,,,,,,,,,
EDA,ectodysplasin,A,Approved,"ED1,","EDA2,",ODT1,"EDA1,","XLHED,","HED,","XHED,","ED1-A1,","ED1-A2,","EDA-A1,",EDA-A2,Xq13.1,U59227,NM_001399,,,,,,,
EDA2R,ectodysplasin,A2,receptor,Approved,"XEDAR,","EDA-A2R,","EDAA2R,",TNFRSF27,Xq12,AF298812,NM_021783,,,,,,,,,,,,,
EEDP1,EED,pseudogene,1,Approved,Xq27.1,NG_002372,,,,,,,,,,,,,,,,,,
EEF1A1P15,eukaryotic,translation,elongation,factor,1,alpha,1,pseudogene,15,Approved,EEF1AL13,Xq21.33,,,,,,,,,,,,
EEF1A1P29,eukaryotic,translation,elongation,factor,1,alpha,1,pseudogene,29,Approved,Xq21.2,,,,,,,,,,,,,
EEF1A1P30,eukaryotic,translation,elongation,factor,1,alpha,1,pseudogene,30,Approved,Xq24,,,,,,,,,,,,,
EEF1A1P31,eukaryotic,translation,elongation,factor,1,alpha,1,pseudogene,31,Approved,Xq28,,,,,,,,,,,,,
EEF1A1P40,eukaryotic,translation,elongation,factor,1,alpha,1,pseudogene,40,Approved,Xq22.3,,,,,,,,,,,,,
EEF1A1P41,eukaryotic,translation,elongation,factor,1,alpha,1,pseudogene,41,Approved,Yp11.2,,,,,,,,,,,,,
EEF1B2P3,eukaryotic,translation,elongation,factor,1,beta,2,pseudogene,3,Approved,EEF1B4,Xp22.11,NG_008008,,,,,,,,,,,
EEF1GP5,eukaryotic,translation,elongation,factor,1,gamma,pseudogene,5,Approved,Xq23,,,,,,,,,,,,,,
EFHC2,EF-hand,domain,containing,2,Approved,MRX74,FLJ22843,Xp11.3,AK026254,NM_025184,,,,,,,,,,,,,,
EFMR,symbol,"withdrawn,",see,[HGNC:14270](/data/gene-symbol-report/#!/hgnc_id/HGNC:14270),Symbol,Withdrawn,EIEE9,Xq21-q25,,,,,,,,,,,,,,,,
EFNB1,ephrin,B1,Approved,"EPLG2,",CFNS,"LERK2,",Elk-L,Xq13.1,U09303,NM_004429,,,,,,,,,,,,,,
EGFL6,EGF,like,domain,multiple,6,Approved,MAEG,Xp22.2,AF186084,NM_015507,,,,,,,,,,,,,,
EIF1AX,eukaryotic,translation,initiation,factor,1A,X-linked,Approved,"EIF4C,",EIF1A,"eIF-1A,",eIF-4C,Xp22.12,L18960,,,,,,,,,,,
EIF1AX-AS1,EIF1AX,antisense,RNA,1,Approved,Xp22.12,,,,,,,,,,,,,,,,,,
EIF1AY,eukaryotic,translation,initiation,factor,1A,Y-linked,Approved,Yq11.223,AF000987,NM_004681,,,,,,,,,,,,,,
EIF2S3,eukaryotic,translation,initiation,factor,2,subunit,gamma,Approved,EIF2G,"EIF2gamma,",EIF2,Xp22.11,L19161,NM_001415,,,,,,,,,,
EIF3JP1,EIF3J,pseudogene,1,Approved,Xq21.1,,,,,,,,,,,,,,,,,,,
EIF3MP1,EIF3M,pseudogene,1,Approved,Xq21.1,NG_002371,,,,,,,,,,,,,,,,,,
EIF4A1P2,eukaryotic,translation,initiation,factor,4A1,pseudogene,2,Approved,Yp11.2,NG_002809,,,,,,,,,,,,,,
EIF4A1P10,eukaryotic,translation,initiation,factor,4A1,pseudogene,10,Approved,Xq21.31,NG_022621,,,,,,,,,,,,,,
EIF4A2P4,eukaryotic,translation,initiation,factor,4A2,pseudogene,4,Approved,Xp11.22,NG_022602,,,,,,,,,,,,,,
EIF4BP7,eukaryotic,translation,initiation,factor,4B,pseudogene,7,Approved,Xq23,XR_039149,,,,,,,,,,,,,,
EIF4BP9,eukaryotic,translation,initiation,factor,4B,pseudogene,9,Approved,Xq12,NG_022999,,,,,,,,,,,,,,
EIF5P1,eukaryotic,translation,initiation,factor,5,pseudogene,1,Approved,Xp22.2,,,,,,,,,,,,,,,
EIF5P2,eukaryotic,translation,initiation,factor,5,pseudogene,2,Approved,Xp22.12,,,,,,,,,,,,,,,
ELF2P1,ELF2,pseudogene,1,Approved,Xq22.2,NG_006555,,,,,,,,,,,,,,,,,,
ELF4,E74,like,ETS,transcription,factor,4,Approved,"MEF,",ELFR,Xq26.1,U32645,NM_001421,,,,,,,,,,,,
ELK1,ETS,transcription,factor,ELK1,Approved,Xp11.23,M25269,NM_005229,,,,,,,,,,,,,,,,
ELL2P4,elongation,factor,for,RNA,polymerase,II,2,pseudogene,4,Approved,Xq27.3,,,,,,,,,,,,,
ELOA3CP,elongin,A3,family,member,"C,",pseudogene,Approved,ELOA3C,18q21.1,not,on,reference,assembly,,,,,,,,,,,
ELOA3P,elongin,"A3,",pseudogene,Approved,"TCEB3C,",ELOA3,"HsT829,","TCEB3L2,","ELOA3A,",ELOA3AP,18q21.1,not,on,reference,assembly,AB076840,NG_016749,,,,,,,
ELOCP4,elongin,C,pseudogene,4,Approved,TCEB1P4,Yp11.2,,,,,,,,,,,,,,,,,
ELOCP5,elongin,C,pseudogene,5,Approved,TCEB1P5,Yq11.223,,,,,,,,,,,,,,,,,
ELOCP6,elongin,C,pseudogene,6,Approved,TCEB1P6,Yq11.222,,,,,,,,,,,,,,,,,
ELOCP7,elongin,C,pseudogene,7,Approved,TCEB1P7,Yq11.222,,,,,,,,,,,,,,,,,
ELOCP8,elongin,C,pseudogene,8,Approved,TCEB1P8,Yq11.223,,,,,,,,,,,,,,,,,
ELOCP9,elongin,C,pseudogene,9,Approved,TCEB1P9,Yq11.23,,,,,,,,,,,,,,,,,
ELOCP10,elongin,C,pseudogene,10,Approved,TCEB1P10,Yq11.23,,,,,,,,,,,,,,,,,
ELOCP11,elongin,C,pseudogene,11,Approved,TCEB1P11,Yq12,,,,,,,,,,,,,,,,,
ELOCP12,elongin,C,pseudogene,12,Approved,TCEB1P12,Yq11.222,,,,,,,,,,,,,,,,,
ELOCP13,elongin,C,pseudogene,13,Approved,TCEB1P13,Yq11.222,,,,,,,,,,,,,,,,,
ELOCP14,elongin,C,pseudogene,14,Approved,TCEB1P14,Yq11.222,,,,,,,,,,,,,,,,,
ELOCP15,elongin,C,pseudogene,15,Approved,TCEB1P15,Yq11.223,,,,,,,,,,,,,,,,,
ELOCP16,elongin,C,pseudogene,16,Approved,TCEB1P16,Yq11.23,,,,,,,,,,,,,,,,,
ELOCP17,elongin,C,pseudogene,17,Approved,TCEB1P17,Yq12,,,,,,,,,,,,,,,,,
ELOCP24,elongin,C,pseudogene,24,Approved,"TCEB1P25,",TCEB1P24,Xq28,and,Yq12,,,,,,,,,,,,,,
ELOCP26,elongin,C,pseudogene,26,Approved,TCEB1P26,Yq11.222,,,,,,,,,,,,,,,,,
ELOCP34,elongin,C,pseudogene,34,Approved,TCEB1P34,Yq11.23,,,,,,,,,,,,,,,,,
ELOCP35,elongin,C,pseudogene,35,Approved,TCEB1P35,Yq11.221,,,,,,,,,,,,,,,,,
ELOCP36,elongin,C,pseudogene,36,Approved,Yq11.222,,,,,,,,,,,,,,,,,,
EMD,emerin,Approved,"STA,",LEMD5,Xq28,X82434,,,,,,,,,,,,,,,,,,
EMWX,episodic,muscle,"weakness,",X-linked,Entry,Withdrawn,Xp22.3,,,,,,,,,,,,,,,,,
ENOX2,ecto-NOX,disulfide-thiol,exchanger,2,Approved,COVA1,"APK1,",tNOX,Xq26.1,AF207881,NM_182314,,,,,,,,,,,,,
ENOX2-AS1,ENOX2,antisense,RNA,1,Approved,Xq26.1,NR_135655,,,,,,,,,,,,,,,,,
EOLA1,endothelium,and,lymphocyte,associated,ASCH,domain,1,Approved,"CXorf40,",CXorf40A,Xq28,AF011889,NM_178124,,,,,,,,,,,
EOLA1-DT,EOLA1,divergent,transcript,Approved,LINC00893,Xq28,"AK124040,",AF050144,NR_027455,,,,,,,,,,,,,,,
EOLA2,endothelium,and,lymphocyte,associated,ASCH,domain,2,Approved,CXorf40B,Xq28,BC009523,NM_001013845,,,,,,,,,,,,
EOLA2-DT,EOLA2,divergent,transcript,Approved,LINC00894,Xq28,NR_027456,,,,,,,,,,,,,,,,,
ERAS,ES,cell,expressed,Ras,Approved,"HRAS2,",HRASP,Xp11.23,X00419,NM_181532,,,,,,,,,,,,,,
ERCC6L,ERCC,excision,repair,6,"like,",spindle,assembly,checkpoint,helicase,Approved,"FLJ20105,","PICH,",RAD26L,Xq13.1,AK000112,NM_017669,,,,,,,,
ERVFC1,endogenous,retroviral,family,"FC,",member,1,Entry,Withdrawn,EnvF(c)1,Xq21.33,,,,,,,,,,,,,,
ERVH-2,endogenous,retrovirus,group,H,member,2,Approved,HERV-HX,Xp22.32,"EU195218,",EU195219,,,,,,,,,,,,,
ERVH-6,endogenous,retrovirus,group,H,member,6,Approved,Yq11.223,U88898,,,,,,,,,,,,,,,
ERVK2,endogenous,retroviral,sequence,"K(C4),",2,Entry,Withdrawn,HERV-K,Xq28,,,,,,,,,,,,,,,
ERVK3,endogenous,retroviral,sequence,"K(C4),",3,Entry,Withdrawn,HERV-K,Xq28,,,,,,,,,,,,,,,
ERVW-2,endogenous,retrovirus,group,W,member,2,Approved,ERVWE2,NTrenv,Xq22.3,"AF331500,",FN689795,,,,,,,,,,,,
ESX1,ESX,homeobox,1,Approved,ESX1L,ESXR1,Xq22.2,AL049631,NM_153448,,,,,,,,,,,,,,,
ETDA,embryonic,testis,differentiation,homolog,A,Approved,Xq26.3,NM_001355522,,,,,,,,,,,,,,,,
ETDB,embryonic,testis,differentiation,homolog,B,Approved,LINC00633,Xq26.3,"AI015085,",AY730280,NM_001355519,,,,,,,,,,,,,
ETDC,embryonic,testis,differentiation,homolog,C,Approved,Xq26.3,NM_001358449,,,,,,,,,,,,,,,,
ETF1P3,eukaryotic,translation,termination,factor,1,pseudogene,3,Approved,SUP45L4,Xq12,AF110131,,,,,,,,,,,,,
ETS2P1,ETS2,pseudogene,1,Approved,Xq26.3,NG_022640,,,,,,,,,,,,,,,,,,
EVR2,symbol,"withdrawn,",see,[HGNC:7678](/data/gene-symbol-report/#!/hgnc_id/HGNC:7678),Symbol,Withdrawn,FEVR,Xp11.4,,,,,,,,,,,,,,,,
EZHIP,EZH,inhibitory,protein,Approved,CXorf67,CATACOMB,Xp11.22,BC046248,NM_203407,,,,,,,,,,,,,,,
F8,coagulation,factor,VIII,Approved,F8C,"FVIII,","DXS1253E,",HEMA,Xq28,M90707,,,,,,,,,,,,,,
F8A1,coagulation,factor,VIII,associated,1,Approved,F8A,DXS522E,Xq28,M34677,NM_012151,,,,,,,,,,,,,
F8A2,coagulation,factor,VIII,associated,2,Approved,Xq28,NM_001007523,,,,,,,,,,,,,,,,
F8A3,coagulation,factor,VIII,associated,3,Approved,Xq28,NM_001007524,,,,,,,,,,,,,,,,
F9,coagulation,factor,IX,Approved,FIX,Xq27.1,M11309,,,,,,,,,,,,,,,,,
FAAH2,fatty,acid,amide,hydrolase,2,Approved,AMDD,"RP11-479E16.1,","FLJ31204,",FAAH-2,Xp11.21,AK055766,NM_174912,,,,,,,,,,,
FABP5P13,fatty,acid,binding,protein,5,pseudogene,13,Approved,FABP5L13,Xp22.33,and,Yp11.32,,,,,,,,,,,,
FABP5P15,fatty,acid,binding,protein,5,pseudogene,15,Approved,FABP5L15,Xq21.1,,,,,,,,,,,,,,
FAM3A,FAM3,metabolism,regulating,signaling,molecule,A,Approved,"DXS560S,","2-19,",XAP-7,Xq28,X74610,,,,,,,,,,,,
FAM3C2P,family,with,sequence,similarity,3,member,"C2,",pseudogene,Approved,FAM3C2,Xp22.11,NG_002950,,,,,,,,,,,,
FAM8A4P,family,with,sequence,similarity,8,member,"A4,",pseudogene,Approved,FAM8A8P,Yq11.21,AF315801,NG_003135,,,,,,,,,,,
FAM8A7P,family,with,sequence,similarity,8,member,"A7,",pseudogene,Approved,Yp11.2,NG_003134,,,,,,,,,,,,,
FAM8A8P,symbol,"withdrawn,",see,[HGNC:16375](/data/gene-symbol-report/#!/hgnc_id/HGNC:16375),Symbol,Withdrawn,Yq11.21,,,,,,,,,,,,,,,,,
FAM8A9P,family,with,sequence,similarity,8,member,"A9,",pseudogene,Approved,Yq11.223,NG_003136,,,,,,,,,,,,,
FAM8A10P,family,with,sequence,similarity,8,member,"A10,",pseudogene,Approved,Yq11.223,NG_003137,,,,,,,,,,,,,
FAM9A,family,with,sequence,similarity,9,member,A,Approved,TEX39A,Xp22.31,NM_174951,,,,,,,,,,,,,
FAM9B,family,with,sequence,similarity,9,member,B,Approved,TEX39B,Xp22.31,NM_205849,,,,,,,,,,,,,
FAM9C,family,with,sequence,similarity,9,member,C,Approved,TEX39C,Xp22.2,NM_174901,,,,,,,,,,,,,
FAM9CP1,FAM9C,pseudogene,1,Approved,Xp22.2,,,,,,,,,,,,,,,,,,,
FAM41AY1,family,with,sequence,similarity,41,member,"A,",Y-linked,1,Approved,FAM41AY,Yq11.222,BC042981,NR_028083,,,,,,,,,,
FAM41AY2,family,with,sequence,similarity,41,member,"A,",Y-linked,2,Approved,Yq11.222,NR_028084,,,,,,,,,,,,
FAM41BY,family,with,sequence,similarity,"41,",member,"B,",Y-linked,Entry,Withdrawn,Yq11.222,,,,,,,,,,,,,
FAM47A,family,with,sequence,similarity,47,member,A,Approved,MGC27003,Xp21.1,BC026171,NM_203408,,,,,,,,,,,,
FAM47B,family,with,sequence,similarity,47,member,B,Approved,FLJ35782,Xp21.1,BC035026,NM_152631,,,,,,,,,,,,
FAM47C,family,with,sequence,similarity,47,member,C,Approved,Xp21.1,AK125992,NM_001013736,,,,,,,,,,,,,
FAM47DP,family,with,sequence,similarity,47,member,"D,",pseudogene,Approved,Xp21.1,AL627244,NG_008058,,,,,,,,,,,,
FAM50A,family,with,sequence,similarity,50,member,A,Approved,"DXS9928E,","XAP5,","HXC-26,",9F,Xq28,BC000028,NM_004699,,,,,,,,,
FAM104B,family,with,sequence,similarity,104,member,B,Approved,CXorf44,FLJ20434,Xp11.21,BC000919,NM_138362,,,,,,,,,,,
FAM120C,family,with,sequence,similarity,120,member,C,Approved,CXorf17,"ORF34,",FLJ20506,Xp11.22,AY150025,NM_017848,,,,,,,,,,
FAM133A,family,with,sequence,similarity,133,member,A,Approved,"RP1-32F7.2,","FLJ37659,",CT115,Xq21.32,AK094978,NM_173698,,,,,,,,,,
FAM136GP,family,with,sequence,similarity,136,member,"G,",pseudogene,Approved,Xp22.13,,,,,,,,,,,,,,
FAM156A,family,with,sequence,similarity,156,member,A,Approved,TMEM29,PRO0659,Xp11.22,AF090943,NM_014138,,,,,,,,,,,
FAM156B,family,with,sequence,similarity,156,member,B,Approved,TMEM29B,Xp11.22,,,,,,,,,,,,,,
FAM197Y1,family,with,sequence,similarity,197,Y-linked,member,1,Approved,FAM197Y1P,Yp11.2,,,,,,,,,,,,,
FAM197Y2,family,with,sequence,similarity,197,Y-linked,member,2,Approved,"CYorf16,",FAM197Y2P,Yp11.2,AF527835,NR_001553,,,,,,,,,,
FAM197Y3,family,with,sequence,similarity,197,Y-linked,member,3,Approved,Yp11.2,NR_145461,,,,,,,,,,,,,
FAM197Y4,family,with,sequence,similarity,197,Y-linked,member,4,Approved,FAM197Y4P,Yp11.2,NR_145470,,,,,,,,,,,,
FAM197Y5,family,with,sequence,similarity,197,Y-linked,member,5,Approved,FAM197Y5P,Yp11.2,NR_046300,,,,,,,,,,,,
FAM197Y6,family,with,sequence,similarity,197,Y-linked,member,6,Approved,Yp11.2,NR_145469,,,,,,,,,,,,,
FAM197Y7,family,with,sequence,similarity,197,Y-linked,member,7,Approved,FAM197Y7P,Yp11.2,,,,,,,,,,,,,
FAM197Y8,family,with,sequence,similarity,197,Y-linked,member,8,Approved,Yp11.2,NR_145468,,,,,,,,,,,,,
FAM197Y9,family,with,sequence,similarity,197,Y-linked,member,9,Approved,Yp11.2,NR_145462,,,,,,,,,,,,,
FAM197Y10,family,with,sequence,similarity,197,Y-linked,member,10,Approved,Yq11.223,,,,,,,,,,,,,,
FAM199X,family,with,sequence,similarity,"199,",X-linked,Approved,CXorf39,Xq22.2,BC016683,NM_207318,,,,,,,,,,,,,
FAM199YP,family,with,sequence,similarity,"199,","Y-linked,",pseudogene,Approved,FAM199Y,Yp11.2,NG_002952,,,,,,,,,,,,,
FAM201CP,family,with,sequence,similarity,201,member,"C,",pseudogene,Entry,Withdrawn,FAM201C,Yq11.1,,,,,,,,,,,,
FAM202B,family,with,sequence,similarity,"202,",member,B,Entry,Withdrawn,Yq11.23,,,,,,,,,,,,,,
FAM202C,family,with,sequence,similarity,"202,",member,C,Entry,Withdrawn,Yq11.223,,,,,,,,,,,,,,
FAM223A,family,with,sequence,similarity,223,member,A,Approved,"CXorf52,","NCRNA00204,","NCRNA00204A,",LINC00204A,SPCX,Xq28,AY168775,NR_027401,,,,,,,,
FAM223B,family,with,sequence,similarity,223,member,B,Approved,"CXorf52B,","NCRNA00204B,",LINC00204B,Xq28,NR_027402,,,,,,,,,,,
FAM224A,family,with,sequence,similarity,224,member,A,Approved,"NCRNA00230A,",LINC00230A,Yq11.222,AK026667,NR_002161,,,,,,,,,,,
FAM224B,family,with,sequence,similarity,224,member,B,Approved,"NCRNA00230B,",LINC00230B,Yq11.222,AI819212,NR_002160,,,,,,,,,,,
FAM226A,family,with,sequence,similarity,226,member,A,Approved,"CXorf50,","NCRNA00246,","NCRNA00246A,",LINC00246A,MGC34827,Xq13.1,BC041962,NR_026595,,,,,,,,
FAM226B,family,with,sequence,similarity,226,member,B,Approved,"CXorf50B,","NCRNA00246B,",LINC00246B,Xq13.1,BC025725,NR_026594,,,,,,,,,,
FAM236A,family,with,sequence,similarity,236,member,A,Approved,"DMRTC1-AS1,",LINC00684,Xq13.1,NM_001348071,,,,,,,,,,,,
FAM236B,family,with,sequence,similarity,236,member,B,Approved,Xq13.1,NM_001348072,,,,,,,,,,,,,,
FAM236C,family,with,sequence,similarity,236,member,C,Approved,Xq13.1,,,,,,,,,,,,,,,
FAM236D,family,with,sequence,similarity,236,member,D,Approved,Xq13.1,,,,,,,,,,,,,,,
FAM239A,family,with,sequence,similarity,239,member,A,Approved,Xp22.33,,,,,,,,,,,,,,,
FAM239B,family,with,sequence,similarity,239,member,B,Approved,Xp22.33,,,,,,,,,,,,,,,
FAM239C,family,with,sequence,similarity,239,member,C,Approved,Xp22.33,,,,,,,,,,,,,,,
FANCB,FA,complementation,group,B,Approved,"FAB,","FLJ34064,",FAAP95,Xp22.2,AK091383,NM_152633,,,,,,,,,,,,,
FATE1,fetal,and,adult,testis,expressed,1,Approved,"FATE,",CT43,Xq28,AF249872,NM_033085,,,,,,,,,,,,
FBLIM1P1,FBLIM1,pseudogene,1,Approved,Xq25,NG_022635,,,,,,,,,,,,,,,,,,
FCF1P4,FCF1,pseudogene,4,Approved,Xq23,,,,,,,,,,,,,,,,,,,
FCF1P9,FCF1,pseudogene,9,Approved,Xq21.2,,,,,,,,,,,,,,,,,,,
FCP1,F-cell,production,1,Entry,Withdrawn,"FCPX,","HBFQTL3,",FCP,Xp22.2,,,,,,,,,,,,,,,
FDPSP5,farnesyl,diphosphate,synthase,pseudogene,5,Approved,"FPSL5,","CHR39C,",FDPSL5,Xp11.3,NG_007446,,,,,,,,,,,,,
FERP1,FER,tyrosine,kinase,pseudogene,1,Approved,FERP,FERps,Xq25,AL030996,NG_005390,,,,,,,,,,,,,
FGD1,"FYVE,",RhoGEF,and,PH,domain,containing,1,Approved,FGDY,ZFYVE3,Xp11.22,U11690,NM_004463,,,,,,,,,,,
FGF13,fibroblast,growth,factor,13,Approved,LINC00889,"FHF2,","FGF2,",FLJ30672,Xq26.3-q27.1,BC034340,NM_004114,,,,,,,,,,,,
FGF13-AS1,FGF13,antisense,RNA,1,Approved,Xq26.3,BC023610,NR_038405,,,,,,,,,,,,,,,,
FGF16,fibroblast,growth,factor,16,Approved,MF4,Xq21.1,AB009391,NM_003868,,,,,,,,,,,,,,,
FGS1,symbol,"withdrawn,",see,[HGNC:11957](/data/gene-symbol-report/#!/hgnc_id/HGNC:11957),Symbol,Withdrawn,OKS,Xq12-q21.31,,,,,,,,,,,,,,,,
FGS2,FG,syndrome,2,Entry,Withdrawn,Xq11-q28,,,,,,,,,,,,,,,,,,
FGS3,FG,syndrome,3,Entry,Withdrawn,Xp22.3,,,,,,,,,,,,,,,,,,
FGS5,FG,syndrome,5,Entry,Withdrawn,Xq22.3,,,,,,,,,,,,,,,,,,
FHL1,four,and,a,half,LIM,domains,1,Approved,"SLIM1,","KYO-T,","bA535K18.1,","FHL1B,","XMPMA,","FLH1A,",MGC111107,Xq26.3,U60115,NM_001449,,,,,,
FIRRE,firre,intergenic,repeating,RNA,element,Approved,LINC01200,Xq26.2,AK097911,NR_026975,,,,,,,,,,,,,,
FLICR,FOXP3,regulating,long,intergenic,non-coding,RNA,Approved,Xp11.23,NR_147988,,,,,,,,,,,,,,,
FLNA,filamin,A,Approved,"FLN1,","FLN,","OPD2,",OPD1,ABP-280,Xq28,X70082,,,,,,,,,,,,,,
FMN2P1,FMN2,pseudogene,1,Approved,Xp21.3,NG_026808,,,,,,,,,,,,,,,,,,
FMR1,fragile,X,messenger,ribonucleoprotein,1,Approved,"POF1,",POF,"FMRP,","FRAXA,",MGC87458,Xq27.3,X69962,NM_002024,,,,,,,,,,
FMR1-AS1,FMR1,antisense,RNA,1,Approved,"FMR1AS,",FMR1-AS,"ASFMR1,",FMR4,Xq27.3,NR_024499,,,,,,,,,,,,,
FMR1-IT1,FMR1,intronic,transcript,1,Approved,Xq27.3,,,,,,,,,,,,,,,,,,
FMR1NB,FMR1,neighbor,Approved,"FLJ25736,","NY-SAR-35,",CT37,Xq27.3-q28,NM_152578,,,,,,,,,,,,,,,,
FMR3,fragile,X,mental,retardation,associated,3,Entry,Withdrawn,Xq28,,,,,,,,,,,,,,,
FNDC3CP,fibronectin,type,III,domain,containing,"3C,",pseudogene,Approved,Xq21.1,NG_026723,,,,,,,,,,,,,,
FOXN3P1,forkhead,box,N3,pseudogene,1,Approved,Xq22.1,,,,,,,,,,,,,,,,,
FOXN3P2,FOXN3,pseudogene,2,Approved,Xq13.3,,,,,,,,,,,,,,,,,,,
FOXO4,forkhead,box,O4,Approved,MLLT7,AFX1,Xq13.1,NM_005938,,,,,,,,,,,,,,,,
FOXP3,forkhead,box,P3,Approved,IPEX,"JM2,","XPID,","AIID,","PIDX,","DIETER,",SCURFIN,Xp11.23,NM_014009,,,,,,,,,,,
FOXR2,forkhead,box,R2,Approved,"MGC21658,",FOXN6,Xp11.21,BC012934,NM_198451,,,,,,,,,,,,,,,
FRAXA,fragile,"site,",folic,acid,"type,","rare,",fra(X)(q27.3),A,Approved,Xq27.3,NG_051583,,,,,,,,,,,,,
FRAXB,fragile,"site,",aphidicolin,"type,","common,",fra(X)(p22.31),B,Approved,Xp22.31,,,,,,,,,,,,,,,
FRAXC,fragile,"site,",aphidicolin,"type,","common,",fra(X)(q22.1),C,Approved,Xq22.1,,,,,,,,,,,,,,,
FRAXD,fragile,"site,",aphidicolin,"type,","common,",fra(X)(q27.2),D,Approved,Xq27.2,,,,,,,,,,,,,,,
FRAXE,fragile,"site,",folic,acid,"type,","rare,",fra(X)(q28),E,Approved,Xq28,NG_052611,,,,,,,,,,,,,
FRAXF,symbol,"withdrawn,",see,[HGNC:17125](/data/gene-symbol-report/#!/hgnc_id/HGNC:17125),Symbol,Withdrawn,Xq28,,,,,,,,,,,,,,,,,
FRMD7,FERM,domain,containing,7,Approved,"NYS,",NYS1,FLJ43346,Xq26.2,AL161984,NM_194277,,,,,,,,,,,,,
FRMD8P1,FERM,domain,containing,8,pseudogene,1,Approved,FKSG43,Xq12,NR_033742,,,,,,,,,,,,,,
FRMPD3,FERM,and,PDZ,domain,containing,3,Approved,"RP5-1070B1.1,",KIAA1817,Xq22.3,AB058720,NM_032428,,,,,,,,,,,,
FRMPD3-AS1,FRMPD3,antisense,RNA,1,Approved,Xq22.3,,,,,,,,,,,,,,,,,,
FRMPD4,FERM,and,PDZ,domain,containing,4,Approved,"PDZK10,",PDZD10,KIAA0316,Xp22.2,AB002314,NM_014728,,,,,,,,,,,
FRMPD4-AS1,FRMPD4,antisense,RNA,1,Approved,Xp22.2,,,,,,,,,,,,,,,,,,
FSIP2LP,fibrous,sheath,interacting,protein,2,"like,",pseudogene,Approved,Xq26.1,,,,,,,,,,,,,,,
FTH1P8,ferritin,heavy,chain,1,pseudogene,8,Approved,FTHL8,Xq28,NR_002203,,,,,,,,,,,,,,
FTH1P14,ferritin,heavy,chain,1,pseudogene,14,Approved,Xp21.1,,,,,,,,,,,,,,,,
FTH1P19,ferritin,heavy,chain,1,pseudogene,19,Approved,FTHL19,Xp21.1,XM_372202,,,,,,,,,,,,,,
FTH1P27,ferritin,heavy,chain,1,pseudogene,27,Approved,Xp21.1,,,,,,,,,,,,,,,,
FTHL17,ferritin,heavy,chain,like,17,Approved,CT38,Xp21.2,AF285592,NM_031894,,,,,,,,,,,,,,
FTHL18P,ferritin,heavy,chain,like,"18,",pseudogene,Approved,"FTH1P18,",FTHL18,Xp21.1,AA383232,NR_171164,,,,,,,,,,,,
FTLP2,ferritin,light,chain,pseudogene,2,Approved,FTLL2,Xp21.2,XR_017149,,,,,,,,,,,,,,,
FTLP16,ferritin,light,chain,pseudogene,16,Approved,Xp11.4,NG_022590,,,,,,,,,,,,,,,,
FTSJ1,FtsJ,RNA,2'-O-methyltransferase,1,Approved,"MRX9,",MRX44,"JM23,","CDLIV,","SPB1,","TRM7,",TRMT7,Xp11.23,AJ005892,,,,,,,,,,
FTX,FTX,"transcript,",XIST,regulator,Approved,"NCRNA00182,",MIR374AHG,"LINC00182,",FLJ33139,Xq13.2,AK057701,NR_028379,,,,,,,,,,,,
FUNDC1,FUN14,domain,containing,1,Approved,MGC51029,Xp11.3,BC042813,NM_173794,,,,,,,,,,,,,,,
FUNDC2,FUN14,domain,containing,2,Approved,"HCBP6,",DC44,Xq28,AF267862,NM_023934,,,,,,,,,,,,,,
FXYD6P3,FXYD,domain,containing,ion,transport,regulator,6,pseudogene,3,Approved,FXYD8,Xq13.2,NG_009946,,,,,,,,,,,
G6PD,glucose-6-phosphate,dehydrogenase,Approved,G6PD1,Xq28,X03674,NM_000402,,,,,,,,,,,,,,,,,
GAB3,GRB2,associated,binding,protein,3,Approved,Xq28,AY057989,NM_001081573,,,,,,,,,,,,,,,
GABRA3,gamma-aminobutyric,acid,type,A,receptor,subunit,alpha3,Approved,Xq28,NM_000808,,,,,,,,,,,,,,
GABRE,gamma-aminobutyric,acid,type,A,receptor,subunit,epsilon,Approved,Xq28,Y09765,"NM_004961,","NM_021990,",NM_021984,,,,,,,,,,,
GABRQ,gamma-aminobutyric,acid,type,A,receptor,subunit,theta,Approved,Xq28,U47334,NM_018558,,,,,,,,,,,,,
GAGE1,G,antigen,1,Approved,CT4.1,Xp11.23,U19142,NM_001468,,,,,,,,,,,,,,,,
GAGE2A,G,antigen,2A,Approved,GAGE2,CT4.2,Xp11.23,U19143,,,,,,,,,,,,,,,,
GAGE2B,G,antigen,2B,Approved,Xp11.23,not,on,reference,assembly,NM_001098411,,,,,,,,,,,,,,
GAGE2C,G,antigen,2C,Approved,Xp11.23,not,on,reference,assembly,NM_001472,,,,,,,,,,,,,,
GAGE2D,G,antigen,2D,Approved,GAGE8,Xp11.23,not,on,reference,assembly,NM_001098407,,,,,,,,,,,,,
GAGE2E,G,antigen,2E,Approved,GAGE8,Xp11.23,NM_001127200,,,,,,,,,,,,,,,,,
GAGE3,G,antigen,3,Entry,Withdrawn,CT4.3,Xp11.23,not,on,reference,assembly,,,,,,,,,,,,,
GAGE4,G,antigen,4,Approved,CT4.4,Xp11.4-p11.2,not,on,reference,assembly,U19145,NM_001474,,,,,,,,,,,,
GAGE5,G,antigen,5,Approved,CT4.5,Xp11.4-p11.2,not,on,reference,assembly,U19146,NM_001475,,,,,,,,,,,,
GAGE6,G,antigen,6,Approved,CT4.6,Xp11.4-p11.2,not,on,reference,assembly,U19147,NM_001476,,,,,,,,,,,,
GAGE7,G,antigen,7,Approved,"GAGE-7,",CT4.7,Xp11.4-p11.2,not,on,reference,assembly,AF058988,NM_021123,,,,,,,,,,,
GAGE8,G,antigen,8,Approved,CT4.8,Xp11,not,on,reference,assembly,AF055473,NM_012196,,,,,,,,,,,,
GAGE10,G,antigen,10,Approved,OTTHUMG00000024136,Xp11.23,NM_001098413,,,,,,,,,,,,,,,,,
GAGE12B,G,antigen,12B,Approved,OTTHUMG00000024142,Xp11.23,BC130374,,,,,,,,,,,,,,,,,
GAGE12C,G,antigen,12C,Approved,OTTHUMG00000024144,Xp11.23,,,,,,,,,,,,,,,,,,
GAGE12D,G,antigen,12D,Approved,OTTHUMG00000024145,Xp11.23,,,,,,,,,,,,,,,,,,
GAGE12E,G,antigen,12E,Approved,OTTHUMG00000024146,Xp11.23,,,,,,,,,,,,,,,,,,
GAGE12F,G,antigen,12F,Approved,OTTHUMG00000024147,Xp11.23,,,,,,,,,,,,,,,,,,
GAGE12G,G,antigen,12G,Approved,OTTHUMG00000024148,Xp11.23,,,,,,,,,,,,,,,,,,
GAGE12H,G,antigen,12H,Approved,OTTHUMG00000024149,Xp11.23,,,,,,,,,,,,,,,,,,
GAGE12I,G,antigen,12I,Approved,GAGE7B,OTTHUMG00000067390,Xp11.23,not,on,reference,assembly,AF055474,,,,,,,,,,,,
GAGE12J,G,antigen,12J,Approved,GAGE11,OTTHUMG00000024137,Xp11.23,NM_001098406,,,,,,,,,,,,,,,,
GAGE13,G,antigen,13,Approved,GAGE12A,OTTHUMG00000024138,Xp11.23,,,,,,,,,,,,,,,,,
GAGED4,symbol,"withdrawn,",see,[HGNC:14618](/data/gene-symbol-report/#!/hgnc_id/HGNC:14618),Symbol,Withdrawn,XAGE3,Xp11.21-p11.22,,,,,,,,,,,,,,,,
GAPDHL2,symbol,"withdrawn,",see,[HGNC:4159](/data/gene-symbol-report/#!/hgnc_id/HGNC:4159),Symbol,Withdrawn,"GAPDL2,",GAPDHL2,Xp11.4,,,,,,,,,,,,,,,
GAPDHP1,glyceraldehyde-3-phosphate,dehydrogenase,pseudogene,1,Approved,"GAPDP1,","GAPDHL2,",GAPDL2,Xp11.4,M26873,NG_001123,,,,,,,,,,,,,
GAPDHP17,glyceraldehyde-3-phosphate,dehydrogenase,pseudogene,17,Approved,GAPDHP18,Yq11.223,NG_002925,,,,,,,,,,,,,,,,
GAPDHP18,symbol,"withdrawn,",see,[HGNC:37765](/data/gene-symbol-report/#!/hgnc_id/HGNC:37765),Symbol,Withdrawn,Yq11.223,,,,,,,,,,,,,,,,,
GAPDHP19,glyceraldehyde,3,phosphate,dehydrogenase,pseudogene,19,Approved,Yq11.222,NG_002924,,,,,,,,,,,,,,,
GAPDHP65,glyceraldehyde,3,phosphate,dehydrogenase,pseudogene,65,Approved,"GAPDL10,",GAPDHL10,Xp11.3,,,,,,,,,,,,,,
GAPDHP67,glyceraldehyde,3,phosphate,dehydrogenase,pseudogene,67,Approved,"GAPDL12,",GAPDHL12,Xq26.3,NG_006127,,,,,,,,,,,,,
GAPDHP77,GAPDH,pseudogene,77,Approved,Xq22.3,,,,,,,,,,,,,,,,,,,
GATA1,GATA,binding,protein,1,Approved,GF1,"ERYF1,","NFE1,","GATA-1,",NF-E1,Xp11.23,X17254,NM_002049,,,,,,,,,,,
GCNA,germ,cell,nuclear,acidic,peptidase,Approved,ACRC,NAAR1,Xq13.1,AJ311392,,,,,,,,,,,,,,
GCY,growth,"control,",Y,chromosome,influenced,Entry,Withdrawn,"STA,",TSY,Yq11,,,,,,,,,,,,,,
GDI1,GDP,dissociation,inhibitor,1,Approved,"MRX48,","MRX41,",GDIL,"RABGDIA,","XAP-4,","OPHN2,",FLJ41411,Xq28,X79353,NM_001493,,,,,,,,,
GDPD2,glycerophosphodiester,phosphodiesterase,domain,containing,2,Approved,"OBDPF,","FLJ20207,",GDE3,Xq13.1,AK000214,NM_017711,,,,,,,,,,,,
GEMIN7P1,GEMIN7,pseudogene,1,Approved,Xp11.4,NG_030156,,,,,,,,,,,,,,,,,,
GEMIN8,gem,nuclear,organelle,associated,protein,8,Approved,FAM51A1,FLJ20514,Xp22.2,BC020785,NM_017856,,,,,,,,,,,,
GEMIN8P3,gem,nuclear,organelle,associated,protein,8,pseudogene,3,Approved,Xq21.2,NG_022678,,,,,,,,,,,,,
GJA6P,gap,junction,protein,alpha,"6,",pseudogene,Approved,Xp22.13,,,,,,,,,,,,,,,,
GJB1,gap,junction,protein,beta,1,Approved,"CMTX1,",CMTX,CX32,Xq13.1,X04325,NM_000166,,,,,,,,,,,,
GK,glycerol,kinase,Approved,"GK1,",GKD,Xp21.2,X78711,NM_000167,,,,,,,,,,,,,,,,
GK-AS1,GK,antisense,RNA,1,Approved,Xp21.2,,,,,,,,,,,,,,,,,,
GK-IT1,GK,intronic,transcript,1,Approved,Xp21.2,,,,,,,,,,,,,,,,,,
GK4P,glycerol,kinase,4,pseudogene,Approved,GKP6,Xq22.1,X78714,NG_001127,,,,,,,,,,,,,,,
GLA,galactosidase,alpha,Approved,GALA,Xq22.1,X16889,,,,,,,,,,,,,,,,,,
GLOD5,glyoxalase,domain,containing,5,Approved,Xp11.23,NM_001080489,,,,,,,,,,,,,,,,,
GLRA2,glycine,receptor,alpha,2,Approved,GLR,Xp22.2,,,,,,,,,,,,,,,,,
GLRA4,glycine,receptor,alpha,4,(pseudogene),Approved,Xq22.2,Z93848,NR_164162,,,,,,,,,,,,,,,
GLRX5P1,GLRX5,pseudogene,1,Approved,Xq24,NG_022696,,,,,,,,,,,,,,,,,,
GLUD1P9,glutamate,dehydrogenase,1,pseudogene,9,Approved,Xq23,,,,,,,,,,,,,,,,,
GLUD2,glutamate,dehydrogenase,2,Approved,GLUDP1,Xq24,U08997,NM_012084,,,,,,,,,,,,,,,,
GNG5B,G,protein,subunit,gamma,5B,Approved,GNG5P2,Xq23,NM_001396022,,,,,,,,,,,,,,,
GNL3L,G,protein,nucleolar,3,like,Approved,"FLJ10613,",GNL3B,Xp11.22,AK001475,NM_019067,,,,,,,,,,,,,
GOLGA2P2Y,GOLGA2,pseudogene,2,Y-linked,Approved,"GOLGA2LY1,",GOLGA2P2,Yq11.23,AF332229,NR_001555,,,,,,,,,,,,,,
GOLGA2P3Y,GOLGA2,pseudogene,3,Y-linked,Approved,"GOLGA2LY2,",GOLGA2P3,Yq11.23,NR_002195,,,,,,,,,,,,,,,
GOLGA6L11P,golgin,A6,family,like,"11,",pseudogene,Approved,GOLGA6L15P,Yq11.23,NG_002946,,,,,,,,,,,,,,
GOLGA6L12P,golgin,A6,family,like,"12,",pseudogene,Approved,Yq11.223,NG_002945,,,,,,,,,,,,,,,
GOLGA6L13P,golgin,A6,family,like,"13,",pseudogene,Approved,Yq11.223,NG_002944,,,,,,,,,,,,,,,
GOLGA6L14P,golgin,A6,family,like,"14,",pseudogene,Approved,Yq11.23,NG_002943,,,,,,,,,,,,,,,
GOLGA6L15P,symbol,"withdrawn,",see,[HGNC:23958](/data/gene-symbol-report/#!/hgnc_id/HGNC:23958),Symbol,Withdrawn,Yq11.23,,,,,,,,,,,,,,,,,
GOLGA6L16P,golgin,A6,family,like,"16,",pseudogene,Approved,Yq11.23,,,,,,,,,,,,,,,,
GOT2P5,GOT2,pseudogene,5,Approved,GOT2Y,Yp11.2,,,,,,,,,,,,,,,,,,
GOT2P6,GOT2,pseudogene,6,Approved,Xp11.21,NG_022661,,,,,,,,,,,,,,,,,,
GOT2P7,GOT2,pseudogene,7,Approved,Xp22.2,NG_026658,,,,,,,,,,,,,,,,,,
GPC3,glypican,3,Approved,SDYS,"OCI-5,","SGBS,","SGBS1,","SGB,",DGSX,Xq26.2,L47125,NM_004484,,,,,,,,,,,,
GPC3-AS1,GPC3,antisense,RNA,1,Approved,Xq26.2,AF085935,NR_148713,,,,,,,,,,,,,,,,
GPC4,glypican,4,Approved,K-glypican,Xq26.2,AF030186,NM_001448,,,,,,,,,,,,,,,,,
GPKOW,G-patch,domain,and,KOW,motifs,Approved,"T54,","GPATC5,","GPATCH5,","Spp2,",Mos2,Xp11.23,U66359,NM_015698,,,,,,,,,,
GPM6B,glycoprotein,M6B,Approved,"M6B,","MGC17150,",MGC54284,Xp22.2,NM_001001995,,,,,,,,,,,,,,,,
GPM6BP1,glycoprotein,M6B,pseudogene,1,Approved,Yq11.222,,,,,,,,,,,,,,,,,,
GPM6BP2,glycoprotein,M6B,pseudogene,2,Approved,Yq11.222,,,,,,,,,,,,,,,,,,
GPR34,G,protein-coupled,receptor,34,Approved,LPS1,Xp11.4,AF039686,NM_005300,,,,,,,,,,,,,,,
GPR50,G,protein-coupled,receptor,50,Approved,"H9,",Mel1c,Xq28,U52219,NM_004224,,,,,,,,,,,,,,
GPR50-AS1,GPR50,antisense,RNA,1,Approved,Xq28,,,,,,,,,,,,,,,,,,
GPR82,G,protein-coupled,receptor,82,Approved,Xp11.4,AF411111,NM_080817,,,,,,,,,,,,,,,,
GPR101,G,protein-coupled,receptor,101,Approved,Xq26.3,AF411115,,,,,,,,,,,,,,,,,
GPR119,G,protein-coupled,receptor,119,Approved,"hGPCR2,",GPCR2,Xq26.1,AY288416,NM_178471,,,,,,,,,,,,,,
GPR143,G,protein-coupled,receptor,143,Approved,OA1,Xp22.2,Z48804,NM_000273,,,,,,,,,,,,,,,
GPR143YP,G,protein-coupled,receptor,143,Y-linked,pseudogene,Approved,"OA1P,",GPR143P,GPR143Y,Yp11.2,NG_002814,,,,,,,,,,,,
GPR165P,G,protein-coupled,receptor,"165,",pseudogene,Approved,"PGR15,",6530406P05Rik,Xq12,NG_005303,,,,,,,,,,,,,,
GPR173,G,protein-coupled,receptor,173,Approved,SREB3,Xp11.22,AB040801,NM_018969,,,,,,,,,,,,,,,
GPR174,G,protein-coupled,receptor,174,Approved,"FKSG79,",LPS3,Xq21.1,AF345567,NM_032553,,,,,,,,,,,,,,
GPRASP1,G,protein-coupled,receptor,associated,sorting,protein,1,Approved,"GASP,",GASP1,Xq22.1,AB007903,NM_014710,,,,,,,,,,,
GPRASP2,G,protein-coupled,receptor,associated,sorting,protein,2,Approved,"GASP2,",FLJ37327,Xq22.1,AK094646,NM_138437,,,,,,,,,,,
GPRASP3,G,protein-coupled,receptor,associated,sorting,protein,family,member,3,Approved,BHLHB9,"p60TRP,","KIAA1701,",GASP3,Xq22.1,AB051488,NM_030639,,,,,,,
GPX1P1,glutathione,peroxidase,pseudogene,1,Approved,"GPXL2,",GPXP1,Xp22.2,,,,,,,,,,,,,,,,
GRIA3,glutamate,ionotropic,receptor,AMPA,type,subunit,3,Approved,GLUR3,"GluA3,","GLURC,","MRX94,","GluR-3,","GluR-C,","GluR-K3,",iGluR3,Xq25,U10301,NM_000828,,,,,
GRIPAP1,GRIP1,associated,protein,1,Approved,"GRASP-1,","GRASP1,","KIAA1167,","MPMGp800B12492Q3,",DKFZp434P0630,Xp11.23,AB032993,NM_207672,,,,,,,,,,,
GRPEL2P2,GRPEL2,pseudogene,2,Approved,Xq11.2,,,,,,,,,,,,,,,,,,,
GRPR,gastrin,releasing,peptide,receptor,Approved,"BB2,","BB2R,",BRS2,Xp22.2,NM_005314,,,,,,,,,,,,,,
GSPT2,G1,to,S,phase,transition,2,Approved,"eRF3b,",FLJ10441,Xp11.22,AI285711,,,,,,,,,,,,,
GTF3C6P1,GTF3C6,pseudogene,1,Approved,Xq21.33,NG_022679,,,,,,,,,,,,,,,,,,
GTF3C6P2,GTF3C6,pseudogene,2,Approved,Xq22.3,NG_022688,,,,,,,,,,,,,,,,,,
GTPBP6,GTP,binding,protein,6,(putative),Approved,"PGPL,",FLJ20977,Xp22.33,and,Yp11.32,Y14391,NM_012227,,,,,,,,,,,
GUCY2F,guanylate,cyclase,"2F,",retinal,Approved,"GUC2DL,","GC-F,","RetGC-2,","ROS-GC2,",CYGF,Xq22.3-q23,L37378,NM_001522,,,,,,,,,,,
GYG2,glycogenin,2,Approved,GN-2,Xp22.33,U94361,NM_003918,,,,,,,,,,,,,,,,,
GYG2-AS1,GYG2,antisense,RNA,1,Approved,Xp22.33,,,,,,,,,,,,,,,,,,
GYG2P1,glycogenin,2,pseudogene,1,Approved,GYG2P,Yq11.21,NG_002811,,,,,,,,,,,,,,,,
H2AB1,H2A.B,variant,histone,1,Approved,H2AFB1,H2A.B.2,Xq28,NM_001017990,,,,,,,,,,,,,,,
H2AB2,H2A.B,variant,histone,2,Approved,H2AFB2,H2A.B.1,Xq28,NM_001017991,,,,,,,,,,,,,,,
H2AB3,H2A.B,variant,histone,3,Approved,"H2AFB,",H2AFB3,H2A.B.1,Xq28,AF254576,NM_080720,,,,,,,,,,,,,
H2AL1MP,H2A.L,variant,histone,"1M,",pseudogene,Approved,H2AL1SP,Xp21.1,NG_068484,,,,,,,,,,,,,,,
H2AL1Q,H2A.L,variant,histone,1Q,Approved,H2AL1QP,H2A.L.1,Xp21.1,NG_066059,,,,,,,,,,,,,,,
H2AL3,H2A.L,variant,histone,3,Approved,H2AL1RP,H2A.L.3,Xp11.4,NM_001395555,,,,,,,,,,,,,,,
H2AP,H2A.P,histone,Approved,"CXorf27,",HYPM,HIP17,Xp11.4,AF049615,NM_012274,,,,,,,,,,,,,,,
H2AQ1P,H2A.Q,variant,histone,"1,",pseudogene,Approved,Xq26.3,NG_066060,,,,,,,,,,,,,,,,
H2BP7,H2B,histone,pseudogene,7,Approved,Xp22.11,NG_066062,,,,,,,,,,,,,,,,,
H2BP8,H2B,histone,pseudogene,8,Approved,Xq22.1,NG_066069,,,,,,,,,,,,,,,,,
H2BP9,H2B,histone,pseudogene,9,Approved,Xq22.2,NG_066043,,,,,,,,,,,,,,,,,
H2BW1,H2B.W,histone,1,Approved,H2BFWT,TH2B-175,Xq22.2,BC038109,NM_001002916,,,,,,,,,,,,,,,
H2BW2,H2B.W,histone,2,Approved,"H2BFM,",H2BM,Xq22.2,AK093522,NM_001164416,,,,,,,,,,,,,,,
H2BW3P,H2B.W,histone,"3,",pseudogene,Approved,Xq22.2,NR_130172,,,,,,,,,,,,,,,,,
H2BW4P,H2B.W,histone,"4,",pseudogene,Approved,H2BFXP,Xq22.2,AY730279,NR_003238,,,,,,,,,,,,,,,
H3P43,H3,histone,pseudogene,43,Approved,p54,Xp21.3,NG_030155,,,,,,,,,,,,,,,,
H3P44,H3,histone,pseudogene,44,Approved,H3F3AP5,"p55,",H3.8,Xp11.22,NG_029840,,,,,,,,,,,,,,
H3P45,H3,histone,pseudogene,45,Approved,p56,Xq22.1,NG_066052,,,,,,,,,,,,,,,,
H3P46,H3,histone,pseudogene,46,Approved,Xq24,NG_066068,,,,,,,,,,,,,,,,,
H3P47,H3,histone,pseudogene,47,Approved,p57,Xq25,NG_066053,,,,,,,,,,,,,,,,
HADHBP1,HADHB,pseudogene,1,Approved,Xp22.32,NG_022579,,,,,,,,,,,,,,,,,,
HAPSTR2,HUWE1,associated,protein,modifying,stress,responses,2,Approved,Xq27.1,NM_001271560,,,,,,,,,,,,,,
HAUS1P2,HAUS,augmin,like,complex,subunit,1,pseudogene,2,Approved,Xp22.13,,,,,,,,,,,,,,
HAUS7,HAUS,augmin,like,complex,subunit,7,Approved,UCHL5IP,UIP1,Xq28,AF267739,NM_017518,,,,,,,,,,,,
HAX1P1,HAX1,pseudogene,1,Approved,Xq28,NG_022646,,,,,,,,,,,,,,,,,,
HCCS,holocytochrome,c,synthase,Approved,MLS,CCHL,Xp22.2,,,,,,,,,,,,,,,,,
HCCS-DT,HCCS,divergent,transcript,Approved,Xp22.2,,,,,,,,,,,,,,,,,,,
HCFC1,host,cell,factor,C1,Approved,"HFC1,",MRX3,"HCF-1,","HCF1,","CFF,","VCAF,","MGC70925,",PPP1R89,Xq28,NM_005334,,,,,,,,,
HCFC1-AS1,HCFC1,antisense,RNA,1,Approved,Xq28,,,,,,,,,,,,,,,,,,
HDAC6,histone,deacetylase,6,Approved,"KIAA0901,","JM21,","HD6,","FLJ16239,",PPP1R90,Xp11.23,AF132609,NM_006044,,,,,,,,,,,,
HDAC8,histone,deacetylase,8,Approved,"HDACL1,","WTS,",MRXS6,"RPD3,",KDAC8,Xq13.1,AF230097,NM_018486,,,,,,,,,,,,
HDGFL3P1,HDGFL3,pseudogene,1,Approved,Xp11.21,,,,,,,,,,,,,,,,,,,
HDGFP1,heparin,binding,growth,factor,pseudogene,1,Approved,HDGFP,Xq26.2,AL109853,NG_004722,,,,,,,,,,,,,
HDX,highly,divergent,homeobox,Approved,CXorf43,FLJ30678,Xq21.1,BX538112,NM_144657,,,,,,,,,,,,,,,
HEPH,hephaestin,Approved,"KIAA0698,",CPL,Xq12,AB014598,NM_138737,,,,,,,,,,,,,,,,,
HIKESHIP1,HIKESHI,pseudogene,1,Approved,Xp22.11,NG_009167,,,,,,,,,,,,,,,,,,
HK2P1,hexokinase,2,pseudogene,1,Approved,HK2P,Xq21.1,NG_009860,,,,,,,,,,,,,,,,
HMGA1P1,high,mobility,group,AT-hook,1,pseudogene,1,Approved,HMGA1L1,HMGIYL1,Xp21.3,AF116914,NG_002324,,,,,,,,,,,
HMGB1P12,high,mobility,group,box,1,pseudogene,12,Approved,HMGB1L12,Xq23,,,,,,,,,,,,,,
HMGB1P15,high,mobility,group,box,1,pseudogene,15,Approved,Xp11.22,NG_030350,,,,,,,,,,,,,,
HMGB1P16,high,mobility,group,box,1,pseudogene,16,Approved,Xp21.1,NG_022656,,,,,,,,,,,,,,
HMGB1P32,high,mobility,group,box,1,pseudogene,32,Approved,Xq21.33,NG_026863,,,,,,,,,,,,,,
HMGB3,high,mobility,group,box,3,Approved,HMG4,"HMG2A,",MGC90319,Xq28,AF274572,NM_005342,,,,,,,,,,,,
HMGB3P30,high,mobility,group,box,3,pseudogene,30,Approved,Xq23,NG_022892,,,,,,,,,,,,,,
HMGB3P31,high,mobility,group,box,3,pseudogene,31,Approved,Xq26.3,NG_022638,,,,,,,,,,,,,,
HMGN1P33,high,mobility,group,nucleosome,binding,domain,1,pseudogene,33,Approved,Xp22.2,,,,,,,,,,,,,
HMGN1P34,high,mobility,group,nucleosome,binding,domain,1,pseudogene,34,Approved,Xq21.1,,,,,,,,,,,,,
HMGN1P35,high,mobility,group,nucleosome,binding,domain,1,pseudogene,35,Approved,Xq13.1,,,,,,,,,,,,,
HMGN1P37,high,mobility,group,nucleosome,binding,domain,1,pseudogene,37,Approved,Xq28,NG_005984,,,,,,,,,,,,
HMGN2P45,high,mobility,group,nucleosomal,binding,domain,2,pseudogene,45,Approved,Xp22.13,,,,,,,,,,,,,
HMGN2P48,high,mobility,group,nucleosomal,binding,domain,2,pseudogene,48,Approved,Xq28,NG_029009,,,,,,,,,,,,
HMGN5,high,mobility,group,nucleosome,binding,domain,5,Approved,NSBP1,Xq21.1,AF250329,NM_030763,,,,,,,,,,,,
HMS1,homosexuality,1,Entry,Withdrawn,X,,,,,,,,,,,,,,,,,,,
HNRNPA1P25,heterogeneous,nuclear,ribonucleoprotein,A1,pseudogene,25,Approved,Xq13.2,,,,,,,,,,,,,,,,
HNRNPA1P26,heterogeneous,nuclear,ribonucleoprotein,A1,pseudogene,26,Approved,Xq22.1,,,,,,,,,,,,,,,,
HNRNPA1P27,heterogeneous,nuclear,ribonucleoprotein,A1,pseudogene,27,Approved,Xq22.1,,,,,,,,,,,,,,,,
HNRNPA1P28,heterogeneous,nuclear,ribonucleoprotein,A1,pseudogene,28,Approved,Xq24,,,,,,,,,,,,,,,,
HNRNPA3P3,heterogeneous,nuclear,ribonucleoprotein,A3,pseudogene,3,Approved,Xq27.1,,,,,,,,,,,,,,,,
HNRNPCP10,heterogeneous,nuclear,ribonucleoprotein,C,pseudogene,10,Approved,Xq27.3,,,,,,,,,,,,,,,,
HNRNPDLP1,HNRNPDL,pseudogene,1,Approved,Xq21.33,,,,,,,,,,,,,,,,,,,
HNRNPDLP3,HNRNPDL,pseudogene,3,Approved,Xq21.33,,,,,,,,,,,,,,,,,,,
HNRNPDLP5,HNRNPDL,pseudogene,5,Approved,Xp22.2,,,,,,,,,,,,,,,,,,,
HNRNPDP1,heterogeneous,nuclear,ribonucleoprotein,D,pseudogene,1,Approved,"HNRPDP,",HNRNPDP,"AUF1B,",AUF1P,Xq11.2,NG_000874,,,,,,,,,,,
HNRNPH1P2,heterogeneous,nuclear,ribonucleoprotein,H1,pseudogene,2,Approved,Xq27.3,,,,,,,,,,,,,,,,
HNRNPH2,heterogeneous,nuclear,ribonucleoprotein,H2,Approved,HNRPH2,"hnRNPH',","FTP3,",HNRPH',Xq22.1,U01923,NM_019597,,,,,,,,,,,,
HNRNPH3P1,heterogeneous,nuclear,ribonucleoprotein,H3,pseudogene,1,Approved,Xq21.1,,,,,,,,,,,,,,,,
HPCX,hereditary,prostate,"cancer,",X-linked,Entry,Withdrawn,Xq27-q28,,,,,,,,,,,,,,,,,
HPRT1,hypoxanthine,phosphoribosyltransferase,1,Approved,HPRT,HGPRT,Xq26.2-q26.3,M26434,NM_000194,,,,,,,,,,,,,,,
HPT,hypoparathyroidism,Entry,Withdrawn,HYPX,Xq27,,,,,,,,,,,,,,,,,,,
HS6ST2,heparan,sulfate,6-O-sulfotransferase,2,Approved,HS6ST-2,Xq26.2,AB067776,NM_147174,,,,,,,,,,,,,,,
HS6ST2-AS1,HS6ST2,antisense,RNA,1,Approved,Xq26.2,,,,,,,,,,,,,,,,,,
HSD17B10,hydroxysteroid,17-beta,dehydrogenase,10,Approved,"HADH2,",MRXS10,"ERAB,","MHBD,","17b-HSD10,","ABAD,","SDR5C1,","MRPP2,",CAMR,Xp11.22,U96132,NM_004493,,,,,,,
HSFX1,heat,shock,transcription,factor,"family,",X-linked,1,Approved,LW-1,Xq28,NM_016153,,,,,,,,,,,,,
HSFX2,heat,shock,transcription,factor,"family,",X-linked,2,Approved,Xq28,,,,,,,,,,,,,,,
HSFX3,heat,shock,transcription,factor,"family,",X-linked,member,3,Approved,Xq28,,,,,,,,,,,,,,
HSFX4,heat,shock,transcription,factor,"family,",X-linked,member,4,Approved,Xq28,,,,,,,,,,,,,,
HSFY1,heat,shock,transcription,factor,Y-linked,1,Approved,HSFY,HSF2L,Yq11.222,AF332226,NM_152584,,,,,,,,,,,,
HSFY2,heat,shock,transcription,factor,Y-linked,2,Approved,FLJ25453,Yq11.222,AK058182,NM_153716,,,,,,,,,,,,,
HSFY3P,heat,shock,transcription,factor,Y-linked,"3,",pseudogene,Approved,HSFYP2,Yp11.2,NG_012371,,,,,,,,,,,,,
HSFY4P,heat,shock,transcription,factor,Y-linked,"4,",pseudogene,Approved,Yq11.223,,,,,,,,,,,,,,,
HSFY5P,heat,shock,transcription,factor,Y-linked,"5,",pseudogene,Approved,Yq11.223,,,,,,,,,,,,,,,
HSFY6P,heat,shock,transcription,factor,Y-linked,"6,",pseudogene,Approved,Yq11.223,,,,,,,,,,,,,,,
HSFY7P,heat,shock,transcription,factor,Y-linked,"7,",pseudogene,Approved,Yq11.223,,,,,,,,,,,,,,,
HSFY8P,heat,shock,transcription,factor,Y-linked,"8,",pseudogene,Approved,Yq11.23,,,,,,,,,,,,,,,
HSPA8P1,heat,shock,protein,family,A,(Hsp70),member,8,pseudogene,1,Approved,HSPAP1,Xq24,M12119,,,,,,,,,,
HSPA8P7,heat,shock,protein,family,A,(Hsp70),member,8,pseudogene,7,Approved,Xq23,NG_026750,,,,,,,,,,,
HSPA8P20,heat,shock,protein,family,A,(Hsp70),member,8,pseudogene,20,Approved,Xq25,NG_023274,,,,,,,,,,,
HSPB1P2,heat,shock,protein,family,B,(small),member,1,pseudogene,2,Approved,HSPBL3,Xp11.23,NG_008236,,,,,,,,,,
HTATSF1,HIV-1,Tat,specific,factor,1,Approved,TAT-SF1,Xq26.3,U76992,NM_014500,,,,,,,,,,,,,,
HTC2,hypertrichosis,2,"(generalized,",congenital),Entry,Withdrawn,"CGH,",HCG,Xq27.1,,,,,,,,,,,,,,,
HTR2C,5-hydroxytryptamine,receptor,2C,Approved,HTR1C,"5-HT2C,",5HTR2C,Xq23,NM_000868,,,,,,,,,,,,,,,
HTR2C-IT1,HTR2C,intronic,transcript,1,(non-protein,coding),Entry,Withdrawn,Xq23,,,,,,,,,,,,,,,
HUWE1,"HECT,",UBA,and,WWE,domain,containing,E3,ubiquitin,protein,ligase,1,Approved,"Ib772,","KIAA0312,",UREB1,Xp11.22,AB071605,NM_031407,,,,,,
IDH3G,isocitrate,dehydrogenase,(NAD(+)),3,non-catalytic,subunit,gamma,Approved,Xq28,,,,,,,,,,,,,,,
IDS,iduronate,2-sulfatase,Approved,SIDS,ID2S,Xq28,M58342,,,,,,,,,,,,,,,,,
IDSP1,iduronate,2-sulfatase,pseudogene,1,Approved,IDS2,Xq28,L36846,NG_001149,,,,,,,,,,,,,,,
IGBP1,immunoglobulin,binding,protein,1,Approved,IBP1,α4,Xq13.1,Y08915,,,,,,,,,,,,,,,
IGBP1-AS1,IGBP1,antisense,RNA,1,Approved,Xq13.1,,,,,,,,,,,,,,,,,,
IGBP1-AS2,IGBP1,antisense,RNA,2,Approved,Xq13.1,,,,,,,,,,,,,,,,,,
IGHV1-8,immunoglobulin,heavy,variable,1-Aug,Approved,14q32.33,not,on,reference,assembly,M99637,NG_001019,,,,,,,,,,,,
IGHV1-38-4,immunoglobulin,heavy,variable,1-38-4,(non-functional),Approved,IGHV1-C,IGHV1-c,14q32.33,not,on,reference,assembly,KF698736,,,,,,,,,,
IGHV1OR15-5,immunoglobulin,heavy,variable,1/OR15-5,(non-functional),Approved,IGHV1/OR15-5,15q11.2,not,on,reference,assembly,Z29633,NG_016978,,,,,,,,,,
IGHV2-10,immunoglobulin,heavy,variable,2-Oct,(pseudogene),Approved,14q32.33,not,on,reference,assembly,M99647,NG_001019,,,,,,,,,,,
IGHV3-30-3,immunoglobulin,heavy,variable,3-30-3,Approved,14q32.33,not,on,reference,assembly,X92283,,,,,,,,,,,,,
IGHV3-30-5,immunoglobulin,heavy,variable,3-30-5,Approved,14q32.33,not,on,reference,assembly,M83134,,,,,,,,,,,,,
IGHV3-38-3,immunoglobulin,heavy,variable,3-38-3,(non-functional),Approved,IGHV3-D,IGHV3-d,14q32.33,not,on,reference,assembly,KF698732,,,,,,,,,,
IGHV3-43D,immunoglobulin,heavy,variable,3-43D,Approved,14q32.33,not,on,reference,assembly,KC713950,,,,,,,,,,,,,
IGHV4-30-4,immunoglobulin,heavy,variable,4-30-4,Approved,"IGHV4-3,",IGHV4304,14q32.33,not,on,reference,assembly,Z14238,,,,,,,,,,,
IGHV4-31,immunoglobulin,heavy,variable,Apr-31,Approved,14q32.33,not,on,reference,assembly,L10098,NG_001019,,,,,,,,,,,,
IGHV4-38-2,immunoglobulin,heavy,variable,4-38-2,Approved,IGHV4-B,14q32.33,not,on,reference,assembly,Z12367,,,,,,,,,,,,
IGHVII-31-1,immunoglobulin,heavy,variable,(II)-31-1,(pseudogene),Approved,IGHV(II)-31-1,14q32.33,not,on,reference,assembly,AB019439,,,,,,,,,,,
IGKV1OR15-118,immunoglobulin,kappa,variable,1/OR15-118,(pseudogene),Approved,IGKVP2,"IGKV1/OR-118,",IGKV1/OR15-118,15,not,on,reference,assembly,,,,,,,,,,
IGKV1ORY-1,immunoglobulin,kappa,variable,1/ORY-1,(pseudogene),Approved,IGKV1/ORY-1,Yq11.21,,,,,,,,,,,,,,,,
IGSF1,immunoglobulin,superfamily,member,1,Approved,"KIAA0364,","IGDC1,","IGCD1,","INHBP,","MGC75490,",PGSF2,Xq25,AF034198,,,,,,,,,,,
IHG1,iris,hypoplasia,with,glaucoma,1,Entry,Withdrawn,IHG,X,,,,,,,,,,,,,,,
IKBKG,inhibitor,of,nuclear,factor,kappa,B,kinase,regulatory,subunit,gamma,Approved,"IP2,",IP1,"IKK-gamma,","NEMO,","Fip3p,","FIP-3,","FIP3,","ZC2HC9,","IKKAP1,",IKKG,Xq28,AF074382,NM_003639
IKBKGP1,inhibitor,of,nuclear,factor,kappa,B,kinase,subunit,gamma,pseudogene,1,Approved,IKBKGP,deltaNEMO,Xq28,NG_001576,,,,,,,,
IL1RAPL1,interleukin,1,receptor,accessory,protein,like,1,Approved,"IL1RAPL,","MRX34,","MRX21,",MRX10,"OPHN4,","TIGIRR-2,",IL1R8,Xp21.3-p21.2,AJ243874,NM_014271,,,,,,
IL1RAPL2,interleukin,1,receptor,accessory,protein,like,2,Approved,"IL-1R9,","TIGIRR-1,","IL1RAPL-2,",IL1R9,Xq22.3,AF181285,NM_017416,,,,,,,,,
IL2RG,interleukin,2,receptor,subunit,gamma,Approved,"SCIDX1,","IMD4,",CIDX,CD132,Xq13.1,D11086,,,,,,,,,,,,
IL3RA,interleukin,3,receptor,subunit,alpha,Approved,CD123,Xp22.3,and,Yp13.3,M74782,,,,,,,,,,,,,
IL9R,interleukin,9,receptor,Approved,CD129,Xq28,and,Yq12,M84747,NM_002186,,,,,,,,,,,,,,
IL13RA1,interleukin,13,receptor,subunit,alpha,1,Approved,"IL-13Ra,","NR4,",CD213a1,Xq24,U62858,NM_001560,,,,,,,,,,,
IL13RA2,interleukin,13,receptor,subunit,alpha,2,Approved,"IL-13R,","IL13BP,","CD213a2,",CT19,Xq23,X95302,NM_000640,,,,,,,,,,
IMPDH1P2,inosine,monophosphate,dehydrogenase,1,pseudogene,2,Approved,Xp11.4,,,,,,,,,,,,,,,,
IMPDH1P4,inosine,monophosphate,dehydrogenase,1,pseudogene,4,Approved,Xp11.3,,,,,,,,,,,,,,,,
INE1,inactivation,escape,1,Approved,NCRNA00010,Xp11.3,Y10696,NR_024616,,,,,,,,,,,,,,,,
INE2,inactivation,escape,2,Approved,NCRNA00011,Xp22.2,Y10697,NR_002725,,,,,,,,,,,,,,,,
INGX,inhibitor,of,growth,"family,",X-linked,(pseudogene),Approved,ING2,ING1-like,Xq13.1,AF149724,,,,,,,,,,,,,
INTS6L,integrator,complex,subunit,6,like,Approved,DDX26B,FLJ41215,Xq26.3,AK096544,NM_182540,,,,,,,,,,,,,
INTS6L-AS1,INTS6L,antisense,RNA,1,Approved,DDX26B-AS1,Xq26.3,,,,,,,,,,,,,,,,,
IP1,symbol,"withdrawn,",see,[HGNC:5961](/data/gene-symbol-report/#!/hgnc_id/HGNC:5961),Symbol,Withdrawn,Xp11.21-cen,,,,,,,,,,,,,,,,,
IP2,symbol,"withdrawn,",see,[HGNC:5961](/data/gene-symbol-report/#!/hgnc_id/HGNC:5961),Symbol,Withdrawn,Xq27-q28,,,,,,,,,,,,,,,,,
IPO7P1,importin,7,pseudogene,1,Approved,Xp11.22,,,,,,,,,,,,,,,,,,
IQSEC2,IQ,motif,and,Sec7,domain,ArfGEF,2,Approved,"MRX1,","MRX78,",MRX18,"KIAA0522,","BRAG1,",IQ-ArfGEF,Xp11.22,AB011094,NM_001111125,,,,,,,
IRAK1,interleukin,1,receptor,associated,kinase,1,Approved,"IRAK,",pelle,Xq28,L76191,,,,,,,,,,,,,
IRS4,insulin,receptor,substrate,4,Approved,"PY160,",IRS-4,Xq22.3,AF007567,NM_003604,,,,,,,,,,,,,,
IRS4-AS1,IRS4,antisense,RNA,1,Approved,Xq22.3,NR_110652,,,,,,,,,,,,,,,,,
ITGB1BP2,integrin,subunit,beta,1,binding,protein,2,Approved,CHORDC3,Xq13.1,AF140690,NM_012278,,,,,,,,,,,,
ITIH6,inter-alpha-trypsin,inhibitor,heavy,chain,family,member,6,Approved,ITIH5L,UNQ6369,Xp11.22,AY358170,NM_198510,,,,,,,,,,,
ITM2A,integral,membrane,protein,2A,Approved,"BRICD2A,",E25A,Xq21.1,BC034485,NM_004867,,,,,,,,,,,,,,
ITPK1P1,ITPK1,pseudogene,1,Approved,Xp11.3,NG_026687,,,,,,,,,,,,,,,,,,
JADE3,jade,family,PHD,finger,3,Approved,PHF16,"KIAA0215,",JADE-3,Xp11.3,AF127774,NM_014735,,,,,,,,,,,,
JMS,symbol,"withdrawn,",see,[HGNC:886](/data/gene-symbol-report/#!/hgnc_id/HGNC:886),Symbol,Withdrawn,Xq12-q21,,,,,,,,,,,,,,,,,
JPX,JPX,"transcript,",XIST,activator,Approved,NCRNA00183,"ENOX,","LINC00183,",DCBALD06,Xq13.2,AV714079,NR_024582,,,,,,,,,,,,
KANTR,KANTR,integral,membrane,protein,Approved,LINC01155,Spasm,Xp11.22,"EF565109,",CF994433,NM_001397448,,,,,,,,,,,,,
KAT7P1,KAT7,pseudogene,1,Approved,Xq21.33,NG_030159,,,,,,,,,,,,,,,,,,
KCND1,potassium,voltage-gated,channel,subfamily,D,member,1,Approved,Kv4.1,Xp11.23,AF166003,NM_004979,,,,,,,,,,,,
KCNE5,potassium,voltage-gated,channel,subfamily,E,regulatory,subunit,5,Approved,KCNE1L,Xq23,AJ012743,NM_012282,,,,,,,,,,,
KCTD9P2,potassium,channel,tetramerization,domain,containing,9,pseudogene,2,Approved,KCTD9L,Xq22.3,NG_011074,,,,,,,,,,,,
KDM5C,lysine,demethylase,5C,Approved,"SMCX,","JARID1C,",MRX13,"DXS1272E,",XE169,Xp11.22,Z29650,NM_004187,,,,,,,,,,,,
KDM5C-IT1,KDM5C,intronic,transcript,1,Approved,Xp11.22,,,,,,,,,,,,,,,,,,
KDM5D,lysine,demethylase,5D,Approved,"HYA,","HY,","SMCY,",JARID1D,KIAA0234,Yq11.223,U52191,NM_004653,,,,,,,,,,,,
KDM5DP1,lysine,demethylase,5D,pseudogene,1,Approved,SMCYP,Yq11.223,NG_002818,,,,,,,,,,,,,,,
KDM6A,lysine,demethylase,6A,Approved,UTX,Xp11.3,AF000992,NM_021140,,,,,,,,,,,,,,,,
KFSD,symbol,"withdrawn,",see,[HGNC:15455](/data/gene-symbol-report/#!/hgnc_id/HGNC:15455),Symbol,Withdrawn,Xp22.2-p21.2,,,,,,,,,,,,,,,,,
KIAA1210,KIAA1210,Approved,Xq24,AB033036,NM_020721,,,,,,,,,,,,,,,,,,,
KIF4A,kinesin,family,member,4A,Approved,"KIF4-G1,","KIF4,","HSA271784,","FLJ12530,","FLJ12655,","FLJ14204,","FLJ20631,",MRX100,Xq13.1,AF179308,NM_012310,,,,,,,,
KIF4CP,kinesin,family,member,"4C,",pseudogene,Approved,KIF4P1,Xq21.1,NG_016703,,,,,,,,,,,,,,,
KLF8,KLF,transcription,factor,8,Approved,"BKLF3,","ZNF741,",DXS741,Xp11.21,U28282,NM_007250,,,,,,,,,,,,,
KLHL4,kelch,like,family,member,4,Approved,"KIAA1687,","DKELCHL,",KHL4,Xq21.31,AF284765,,,,,,,,,,,,,
KLHL13,kelch,like,family,member,13,Approved,"BKLHD2,",KIAA1309,FLJ10262,Xq24,AB037730,NM_033495,,,,,,,,,,,,
KLHL15,kelch,like,family,member,15,Approved,KIAA1677,Xp22.11,AB051464,NM_030624,,,,,,,,,,,,,,
KLHL34,kelch,like,family,member,34,Approved,"FLJ34960,",RP11-450P7.3,Xp22.12,AK092279,NM_153270,,,,,,,,,,,,,
KPNA4P1,KPNA4,pseudogene,1,Approved,Xq11.2,NG_026710,,,,,,,,,,,,,,,,,,
KPNB1P1,KPNB1,pseudogene,1,Approved,Xq21.33,NG_022625,,,,,,,,,,,,,,,,,,
KRBOX4,KRAB,box,domain,containing,4,Approved,ZNF673,FLJ20344,Xp11.3,NM_017776,,,,,,,,,,,,,,
KRT8P6,keratin,8,pseudogene,6,Approved,Xq26.3,NG_021118,,,,,,,,,,,,,,,,,
KRT8P8,keratin,8,pseudogene,8,Approved,Xq28,NT_011726,,,,,,,,,,,,,,,,,
KRT8P14,keratin,8,pseudogene,14,Approved,Xp11.3,NT_079573,,,,,,,,,,,,,,,,,
KRT8P17,keratin,8,pseudogene,17,Approved,Xp11.21,NT_011630,,,,,,,,,,,,,,,,,
KRT8P27,keratin,8,pseudogene,27,Approved,Xq11.2,NT_011669,,,,,,,,,,,,,,,,,
KRT18P10,keratin,18,pseudogene,10,Approved,Yp11.2,NG_002937,,,,,,,,,,,,,,,,,
KRT18P11,keratin,18,pseudogene,11,Approved,KRT18L1,Xq21.31,NG_005219,,,,,,,,,,,,,,,,
KRT18P44,keratin,18,pseudogene,44,Approved,Xq25,NT_011786,,,,,,,,,,,,,,,,,
KRT18P48,keratin,18,pseudogene,48,Approved,Xq28,NT_011726,,,,,,,,,,,,,,,,,
KRT18P49,keratin,18,pseudogene,49,Approved,Xq22.3,NT_011651,,,,,,,,,,,,,,,,,
KRT18P53,keratin,18,pseudogene,53,Approved,Xp22.33,,,,,,,,,,,,,,,,,,
KRT18P68,keratin,18,pseudogene,68,Approved,Xp11.3,,,,,,,,,,,,,,,,,,
L1CAM,L1,cell,adhesion,molecule,Approved,"HSAS1,","SPG1,","HSAS,","MASA,","MIC5,",S10,"CD171,","NCAM-L1,",CAML1,Xq28,M74387,NM_024003,,,,,,,
L1CAM-AS1,L1CAM,antisense,RNA,1,Approved,LCA10,Xq28,NR_130768,,,,,,,,,,,,,,,,
LAGE3,L,antigen,family,member,3,Approved,"ITBA2,","CVG5,","DXS9951E,","DXS9879E,","ESO3,",Pcc1,Xq28,X92896,NM_006014,,,,,,,,,
LAMP2,lysosomal,associated,membrane,protein,2,Approved,CD107b,Xq24,X77196,,,,,,,,,,,,,,,
LANCL3,LanC,like,family,member,3,Approved,FLJ42925,Xp21.1,AK124915,NM_198511,,,,,,,,,,,,,,
LARP1BP3,LARP1B,pseudogene,3,Approved,Xq26.2,NG_022704,,,,,,,,,,,,,,,,,,
LAS1L,LAS1,like,ribosome,biogenesis,factor,Approved,"FLJ12525,",Las1,Xq12,BC014545,NM_031206,,,,,,,,,,,,,
LDHBP2,lactate,dehydrogenase,B,pseudogene,2,Approved,"LDHBP,",LDHBL2,Xq13.3,M60601,NG_001155,,,,,,,,,,,,,
LDOC1,LDOC1,regulator,of,NFKB,signaling,Approved,BCUR1,"Mar7,","Mart7,","SIRH7,",RTL7,Xq27.1,AB019527,NM_012317,,,,,,,,,,
LHFPL1,LHFPL,tetraspan,subfamily,member,1,Approved,Xq23,AY217350,NM_178175,,,,,,,,,,,,,,,
LIMK2P1,LIMK2,pseudogene,1,Approved,Xp22.2,NG_022582,,,,,,,,,,,,,,,,,,
LINC00102,long,intergenic,non-protein,coding,RNA,102,Approved,NCRNA00102,OTTHUMT00000055623,Xp22.33,and,Yp11.31,,,,,,,,,,,,
LINC00106,long,intergenic,non-protein,coding,RNA,106,Approved,"CXYorf8,",NCRNA00106,OTTHUMG00000021061,Xp22.33,and,Yp11.32,,,,,,,,,,,
LINC00108,long,intergenic,non-protein,coding,RNA,108,Entry,Withdrawn,"CXYorf11,",NCRNA00108,OTTHUMT00000107057,Xp22.33,and,Yp11.32,,,,,,,,,,
LINC00265-2P,long,intergenic,non-protein,coding,RNA,"265-2,",pseudogene,Approved,"NCRNA00265B,",NCRNA00265-2P,Yq11.23,NG_029045,,,,,,,,,,,,
LINC00265-3P,long,intergenic,non-protein,coding,RNA,"265-3,",pseudogene,Approved,"NCRNA00265C,",NCRNA00265-3P,Yq11.23,NG_029048,,,,,,,,,,,,
LINC00266-2P,long,intergenic,non-protein,coding,RNA,"266-2,",pseudogene,Entry,Withdrawn,"NCRNA00266B,",NCRNA00266-2P,NCRNA00266Y1,Yq11.23,,,,,,,,,,,
LINC00266-4P,symbol,"withdrawn,",see,[HGNC:51709](/data/gene-symbol-report/#!/hgnc_id/HGNC:51709),Symbol,Withdrawn,"NCRNA00266D,",NCRNA00266-4P,NCRNA00266Y2,Yq11.23,,,,,,,,,,,,,,
LINC00268-2P,long,intergenic,non-protein,coding,RNA,"268-2,",pseudogene,Approved,"NCRNA00268B,",NCRNA00268-2P,Yq11.1,,,,,,,,,,,,,
LINC00269,long,intergenic,non-protein,coding,RNA,269,Approved,"CXorf62,",NCRNA00269,FLJ33610,Xq13.1,AK090929,,,,,,,,,,,,
LINC00273-2P,long,intergenic,non-protein,coding,RNA,"273-2,",pseudogene,Entry,Withdrawn,"NCRNA00273B,",NCRNA00273-2P,Yp11.2,,,,,,,,,,,,
LINC00278,long,intergenic,non-protein,coding,RNA,278,Approved,NCRNA00278,YY1BM,Yp11.31,,,,,,,,,,,,,,
LINC00279,long,intergenic,non-protein,coding,RNA,279,Approved,NCRNA00279,Yp11.2,NR_138045,,,,,,,,,,,,,,
LINC00280,long,intergenic,non-protein,coding,RNA,280,Approved,NCRNA00280,Yp11.2,,,,,,,,,,,,,,,
LINC00629,long,intergenic,non-protein,coding,RNA,629,Approved,Xq26.3,BQ374946,NR_038998,,,,,,,,,,,,,,
LINC00630,long,intergenic,non-protein,coding,RNA,630,Approved,Xq22.1,"BC032741,","BC040959,",DA332880,NR_038988,,,,,,,,,,,,
LINC00632,long,intergenic,non-protein,coding,RNA,632,Approved,CDR1-AS,"ASINC,","ARST,","CDR1NAT,","ciRS-7,","CDR1as,",MDHDH,Xq27.1,AK054978,,,,,,,,
LINC00685,long,intergenic,non-protein,coding,RNA,685,Approved,"CXYorf10,","NCRNA00107,",PPP2R3B-AS1,OTTHUMT00000055574,Xp22.33,and,Yp11.32,BC041934,,,,,,,,,
LINC00850,long,intergenic,non-protein,coding,RNA,850,Approved,KUCG1,Xq28,JX283354,NR_109813,,,,,,,,,,,,,
LINC00889,symbol,"withdrawn,",see,[HGNC:3670](/data/gene-symbol-report/#!/hgnc_id/HGNC:3670),Symbol,Withdrawn,FLJ30672,Xq26.3,,,,,,,,,,,,,,,,
LINC00891,long,intergenic,non-protein,coding,RNA,891,Approved,FLJ46446,Xq13.1,BX276092,,,,,,,,,,,,,,
LINC00892,long,intergenic,non-protein,coding,RNA,892,Approved,Xq26.3,,,,,,,,,,,,,,,,
LINC01186,long,intergenic,non-protein,coding,RNA,1186,Approved,ZNF674-1,Xp11.3,BC015977,NR_110388,,,,,,,,,,,,,
LINC01201,long,intergenic,non-protein,coding,RNA,1201,Approved,TCONS_00017091,Xq26.1,AA418797,,,,,,,,,,,,,,
LINC01203,long,intergenic,non-protein,coding,RNA,1203,Approved,Xp22.2,,,,,,,,,,,,,,,,
LINC01204,long,intergenic,non-protein,coding,RNA,1204,Approved,Xp11.3,,,,,,,,,,,,,,,,
LINC01278,long,intergenic,non-protein,coding,RNA,1278,Approved,Xq11.1,,,,,,,,,,,,,,,,
LINC01281,long,intergenic,non-protein,coding,RNA,1281,Approved,Xp11.4,,,,,,,,,,,,,,,,
LINC01282,long,intergenic,non-protein,coding,RNA,1282,Approved,Xp11.4,BC043536,,,,,,,,,,,,,,,
LINC01283,long,intergenic,non-protein,coding,RNA,1283,Approved,Xp11.4,,,,,,,,,,,,,,,,
LINC01284,long,intergenic,non-protein,coding,RNA,1284,Approved,Xp11.22,,,,,,,,,,,,,,,,
LINC01285,long,intergenic,non-protein,coding,RNA,1285,Approved,Xq24,NR_110393,,,,,,,,,,,,,,,
LINC01402,long,intergenic,non-protein,coding,RNA,1402,Approved,TCONS_00017087,Xq24,AA360663,NR_126557,,,,,,,,,,,,,
LINC01456,long,intergenic,non-protein,coding,RNA,1456,Approved,Xp22.13,BE792552,,,,,,,,,,,,,,,
LINC01496,long,intergenic,non-protein,coding,RNA,1496,Approved,Xp11.22,,,,,,,,,,,,,,,,
LINC01545,long,intergenic,non-protein,coding,RNA,1545,Approved,CXorf31,OTTHUMG00000021429,Xp11.3,BC038573,NR_046101,,,,,,,,,,,,
LINC01546,long,intergenic,non-protein,coding,RNA,1546,Approved,CXorf28,VAL,Xp22.33,NR_038428,,,,,,,,,,,,,
LINC01560,long,intergenic,non-protein,coding,RNA,1560,Approved,CXorf24,Xp11.3,BC025179,NR_126059,,,,,,,,,,,,,
LINC02154,long,intergenic,non-protein,coding,RNA,2154,Approved,"GS1-600G8.5,",MALR,Xp22.2,NR_146309,,,,,,,,,,,,,
LINC02243,long,intergenic,non-protein,coding,RNA,2243,Approved,ENST00000441841,Xq26.3,NR_134925,,,,,,,,,,,,,,
LINC02589,long,intergenic,non-protein,coding,RNA,2589,Approved,Xq22.2,NR_131236,,,,,,,,,,,,,,,
LINC02595,long,intergenic,non-protein,coding,RNA,2595,Approved,Xp11.3,AK098783,NR_125365,,,,,,,,,,,,,,
LINC02601,long,intergenic,non-protein,coding,RNA,2601,Approved,Xp11.4,NR_135616,,,,,,,,,,,,,,,
LINC02927,long,intergenic,non-protein,coding,RNA,2927,Approved,Xq28,,,,,,,,,,,,,,,,
LINC02931,long,intergenic,non-protein,coding,RNA,2931,Approved,Xq26.3,,,,,,,,,,,,,,,,
LINC02968,long,intergenic,non-protein,coding,RNA,2968,Approved,AL683807.1,Xp22.33,and,Yp11.2,,,,,,,,,,,,,
LINC03053,long,intergenic,non-protein,coding,RNA,3053,Approved,AC092198.1,Xp11.4,,,,,,,,,,,,,,,
LINC03070,long,intergenic,non-protein,coding,RNA,3070,Approved,AC110995.1,Xp22.32,,,,,,,,,,,,,,,
LINC03077,long,intergenic,non-protein,coding,RNA,3077,Approved,RP11-485F13.1,Xq21.33,,,,,,,,,,,,,,,
LINC03098,long,intergenic,non-protein,coding,RNA,3098,Approved,Xq24,,,,,,,,,,,,,,,,
LINC03099,long,intergenic,non-protein,coding,RNA,3099,Approved,Xp11.4,NR_110386,,,,,,,,,,,,,,,
LINC03112,long,intergenic,non-protein,coding,RNA,3112,Approved,Xp22.33,,,,,,,,,,,,,,,,
LINC03113,long,intergenic,non-protein,coding,RNA,3113,Approved,Xp22.31,,,,,,,,,,,,,,,,
LINC03114,long,intergenic,non-protein,coding,RNA,3114,Approved,Xp22.31,,,,,,,,,,,,,,,,
LONRF3,LON,peptidase,N-terminal,domain,and,ring,finger,3,Approved,RNF127,FLJ22612,Xq24,AK026265,NM_024778,,,,,,,,,,
LPAR4,lysophosphatidic,acid,receptor,4,Approved,GPR23,"P2Y9,","P2Y5-LIKE,","P2RY9,",LPA4,Xq21.1,U90322,NM_005296,,,,,,,,,,,
LRCH2,leucine,rich,repeats,and,calponin,homology,domain,containing,2,Approved,KIAA1495,Xq23,AB040928,NM_020871,,,,,,,,,,
LRRFIP2P1,LRRFIP2,pseudogene,1,Approved,Xq13.2,NG_022611,,,,,,,,,,,,,,,,,,
LUZP4,leucine,zipper,protein,4,Approved,"HOM-TES-85,","CT-8,",CT28,Xq23,AF124430,NM_016383,,,,,,,,,,,,,
M6PRP1,M6PR,pseudogene,1,Approved,Xq23,NG_022689,,,,,,,,,,,,,,,,,,
MAA,microphthalmia,or,anophthalmia,and,associated,anomalies,Entry,Withdrawn,X,,,,,,,,,,,,,,,
MAFD2,major,affective,disorder,2,Entry,Withdrawn,Xq27-q28,,,,,,,,,,,,,,,,,
MAGEA1,MAGE,family,member,A1,Approved,MAGE1,"MGC9326,",CT1.1,Xq28,NM_004988,,,,,,,,,,,,,,
MAGEA2,MAGE,family,member,A2,Approved,MAGE2,"MAGEA2A,",CT1.2,Xq28,BC063681,NM_005361,,,,,,,,,,,,,
MAGEA2B,MAGE,family,member,A2B,Approved,"MAGE2,","MGC16973,",MAGEA2,Xq28,BC013098,NM_153488,,,,,,,,,,,,,
MAGEA3,MAGE,family,member,A3,Approved,MAGE3,"HYPD,","HIP8,","MGC14613,",CT1.3,Xq28,NM_005362,,,,,,,,,,,,
MAGEA3-DT,MAGEA3,divergent,transcript,Approved,Xq28,,,,,,,,,,,,,,,,,,,
MAGEA4,MAGE,family,member,A4,Approved,MAGE4,"MAGE4A,","MAGE4B,","MAGE-41,","MAGE-X2,","MGC21336,",CT1.4,Xq28,NM_002362,,,,,,,,,,
MAGEA4-AS1,MAGEA4,antisense,RNA,1,Approved,Xq28,NR_136578,,,,,,,,,,,,,,,,,
MAGEA5P,MAGE,family,member,"A5,",pseudogene,Approved,"MAGE5,",MAGEA5,"MGC129526,",CT1.5,Xq28,NR_171383,,,,,,,,,,,,
MAGEA6,MAGE,family,member,A6,Approved,MAGE6,"CT1.6,","MAGE3B,",MAGE-3b,Xq28,NM_005363,,,,,,,,,,,,,
MAGEA6-DT,MAGEA6,divergent,transcript,Approved,Xq28,,,,,,,,,,,,,,,,,,,
MAGEA7P,MAGE,family,member,"A7,",pseudogene,Approved,"MAGE7,",MAGEA7,Xq28,U10692,NG_001156,,,,,,,,,,,,,
MAGEA8,MAGE,family,member,A8,Approved,MAGE8,"MGC2182,",CT1.8,Xq28,NM_005364,,,,,,,,,,,,,,
MAGEA8-AS1,MAGEA8,antisense,RNA,1,Approved,RP5-869M20.2,Xq28,CB961226,NR_102703,,,,,,,,,,,,,,,
MAGEA9,MAGE,family,member,A9,Approved,MAGE9,"MGC8421,",CT1.9,Xq28,NM_005365,,,,,,,,,,,,,,
MAGEA9B,MAGE,family,member,A9B,Approved,Xq28,NM_001080790,,,,,,,,,,,,,,,,,
MAGEA10,MAGE,family,member,A10,Approved,MAGE10,"MGC10599,",CT1.10,Xq28,NM_021048,,,,,,,,,,,,,,
MAGEA11,MAGE,family,member,A11,Approved,MAGE11,"MAGE-11,","MAGEA-11,","MGC10511,",CT1.11,Xq28,NM_005366,,,,,,,,,,,,
MAGEA12,MAGE,family,member,A12,Approved,MAGE12,CT1.12,Xq28,NM_005367,,,,,,,,,,,,,,,
MAGEA13P,MAGE,family,member,"A13,",pseudogene,Approved,LOC139363,Xq26.3,XR_040398,,,,,,,,,,,,,,,
MAGEB1,MAGE,family,member,B1,Approved,"MAGEL1,","MAGE-Xp,","DAM10,","MGC9322,",CT3.1,Xp21.2,NM_002363,,,,,,,,,,,,
MAGEB2,MAGE,family,member,B2,Approved,"DAM6,","MAGE-XP-2,","MGC26438,",CT3.2,Xp21.2,AF015766,NM_002364,,,,,,,,,,,,
MAGEB3,MAGE,family,member,B3,Approved,CT3.5,Xp21.2,AK057441,NM_002365,,,,,,,,,,,,,,,
MAGEB4,MAGE,family,member,B4,Approved,"MGC33144,",CT3.6,Xp21.2,NM_002367,,,,,,,,,,,,,,,
MAGEB5,MAGE,family,member,B5,Approved,"MAGE-B5,",CT3.3,Xp21.3,AF333705,NM_001271752,,,,,,,,,,,,,,
MAGEB6,MAGE,family,member,B6,Approved,"FLJ40242,","MAGE-B6,","MAGEB6A,",CT3.4,Xp21.3,AF320514,NM_173523,,,,,,,,,,,,
MAGEB6B,MAGE,family,member,B6B,Approved,MAGEB6P1,Xp21.3,NG_008389,,,,,,,,,,,,,,,,
MAGEB10,MAGE,family,member,B10,Approved,FLJ32965,Xp21.3,NM_182506,,,,,,,,,,,,,,,,
MAGEB16,MAGE,family,member,B16,Approved,Xp21.1,,,,,,,,,,,,,,,,,,
MAGEB17,MAGE,family,member,B17,Approved,Xp22.2,NM_001277307,,,,,,,,,,,,,,,,,
MAGEB17-AS1,MAGEB17,antisense,RNA,1,Approved,lnc-AP1S2-2,Xp22.2,,,,,,,,,,,,,,,,,
MAGEB18,MAGE,family,member,B18,Approved,MGC33889,Xp21.3,AK057361,NM_173699,,,,,,,,,,,,,,,
MAGEC1,MAGE,family,member,C1,Approved,"MAGE-C1,","CT7,","MGC39366,",CT7.1,Xq27.2,AF064589,NM_005462,,,,,,,,,,,,
MAGEC2,MAGE,family,member,C2,Approved,MAGEE1,"CT10,","MAGE-C2,",HCA587,Xq27.2,AF116195,NM_016249,,,,,,,,,,,,
MAGEC3,MAGE,family,member,C3,Approved,"HCA2,","MAGE-C3,",CT7.2,Xq27.2,AF490508,NM_138702,,,,,,,,,,,,,
MAGED1,MAGE,family,member,D1,Approved,"NRAGE,",DLXIN-1,Xp11.22,AF124440,NM_001005332,,,,,,,,,,,,,,
MAGED2,MAGE,family,member,D2,Approved,"JCL-1,","BCG1,","11B6,","MAGE-D2,","HCA10,","MAGED,",MGC8386,Xp11.21,AF128527,NM_014599,,,,,,,,,
MAGED4,MAGE,family,member,D4,Approved,"MAGE1,","MGC3210,","KIAA1859,",MAGE-E1,Xp11.22,AF320908,NM_001098800,,,,,,,,,,,,
MAGED4B,MAGE,family,member,D4B,Approved,Xp11.22,,,,,,,,,,,,,,,,,,
MAGEE1,MAGE,family,member,E1,Approved,"KIAA1587,",DAMAGE,Xq13.3,AF490507,NM_020932,,,,,,,,,,,,,,
MAGEE2,MAGE,family,member,E2,Approved,HCA3,Xq13.3,AF490509,NM_138703,,,,,,,,,,,,,,,
MAGEH1,MAGE,family,member,H1,Approved,Apr-01,Xp11.21,AF320912,NM_014061,,,,,,,,,,,,,,,
MAGIX,MAGI,family,"member,",X-linked,Approved,"PDZX,","JM10,",FLJ21687,Xp11.23,AK025340,NM_024859,,,,,,,,,,,,,
MAGT1,magnesium,transporter,1,Approved,"DKFZp564K142,","IAP,","OST3B,","MRX95,",SLC58A1,Xq21.1,NM_032121,,,,,,,,,,,,,
MAMLD1,mastermind,like,domain,containing,1,Approved,CXorf6,"CG1,",F18,Xq28,U46023,NM_005491,,,,,,,,,,,,
MAOA,monoamine,oxidase,A,Approved,Xp11.3,NM_000240,,,,,,,,,,,,,,,,,,
MAOB,monoamine,oxidase,B,Approved,Xp11.3,NM_000898,,,,,,,,,,,,,,,,,,
MAP2K4P1,mitogen-activated,protein,kinase,kinase,4,pseudogene,1,Approved,Xq13.2,,,,,,,,,,,,,,,
MAP3K15,mitogen-activated,protein,kinase,kinase,kinase,15,Approved,"bA723P2.3,","FLJ16518,",ASK3,Xp22.12,AK131412,NM_001001671,,,,,,,,,,,
MAP7D2,MAP7,domain,containing,2,Approved,FLJ14503,Xp22.12,BC089400,NM_152780,,,,,,,,,,,,,,,
MAP7D3,MAP7,domain,containing,3,Approved,FLJ12649,Xq26.3,AL832120,,,,,,,,,,,,,,,,
MATR3P1,MATR3,pseudogene,1,Approved,Xq13.1,NG_027489,,,,,,,,,,,,,,,,,,
MBNL3,muscleblind,like,splicing,regulator,3,Approved,"CHCR,","FLJ11316,","MBLX39,",MBXL,Xq26.2,AF491305,NM_018388,,,,,,,,,,,
MBTPS2,membrane,bound,transcription,factor,"peptidase,",site,2,Approved,KFSD,S2P,Xp22.12,AF019612,,,,,,,,,,,,
MCF2,MCF.2,cell,line,derived,transforming,sequence,Approved,"DBL,",ARHGEF21,Xq27.1,NM_005369,,,,,,,,,,,,,
MCRIP2P1,MAPK,regulated,corepressor,interacting,protein,2,pseudogene,1,Approved,FAM195CP,Xq26.2,,,,,,,,,,,,,
MCS,symbol,"withdrawn,",see,[HGNC:24931](/data/gene-symbol-report/#!/hgnc_id/HGNC:24931),Symbol,Withdrawn,MRXS4,Xq13-q22,,,,,,,,,,,,,,,,
MCTS1,MCTS1,re-initiation,and,release,factor,Approved,MCT-1,Xq24,AB034206,NM_014060,,,,,,,,,,,,,,
MDH1P1,MDH1,pseudogene,1,Approved,Xp11.21,NG_022662,,,,,,,,,,,,,,,,,,
MDM4P1,MDM4,pseudogene,1,Approved,Xp22.13,NG_028795,,,,,,,,,,,,,,,,,,
MEAX,symbol,"withdrawn,",see,[HGNC:22082](/data/gene-symbol-report/#!/hgnc_id/HGNC:22082),Symbol,Withdrawn,X,,,,,,,,,,,,,,,,,
MECP2,methyl-CpG,binding,protein,2,Approved,"RTT,","MRX16,",MRX79,Xq28,AF158180,NM_004992,,,,,,,,,,,,,
MED12,mediator,complex,subunit,12,Approved,"TNRC11,",FGS1,"CAGH45,","HOPA,","OPA1,","TRAP230,","KIAA0192,","OKS,","ARC240,",Kto,Xq13.1,U80742,NM_005120,,,,,,
MED13P1,mediator,complex,subunit,13,pseudogene,1,Approved,Yq11.221,NG_023546,,,,,,,,,,,,,,,
MED14,mediator,complex,subunit,14,Approved,"CXorf4,",CRSP2,"EXLM1,","CRSP150,","TRAP170,","RGR1,",CSRP,Xp11.4,AB006651,NM_004229,,,,,,,,,
MED14OS,MED14,opposite,strand,Approved,MED14-AS1,Xp11.4,NM_001289773,,,,,,,,,,,,,,,,,
MED14P1,mediator,complex,subunit,14,pseudogene,1,Approved,"CXorf4P,","CRSP2P,",MED14P,Yq11.221,NG_002807,,,,,,,,,,,,
MED28P4,mediator,complex,subunit,28,pseudogene,4,Approved,Xp11.3,NG_022594,,,,,,,,,,,,,,,
MEHMO,mental,"retardation,",epileptic,"seizures,",hypogonadism,and,"-genitalism,",microcephaly,and,obesity,syndrome,Entry,Withdrawn,Xp22.13-p21.1,,,,,,,,,,
MEMO1P4,MEMO1,pseudogene,4,Approved,Xq25,NG_022698,,,,,,,,,,,,,,,,,,
MEP1AP2,meprin,A,subunit,alpha,pseudogene,2,Approved,MEP1AL2,9q21.11,not,on,reference,assembly,,,,,,,,,,,
METTL1P1,METTL1,pseudogene,1,Approved,Xp21.3,NG_007382,,,,,,,,,,,,,,,,,,
METTL15P3,methyltransferase,like,15,pseudogene,3,Approved,Xp22.11,NG_022648,,,,,,,,,,,,,,,,
MF4,symbol,"withdrawn,",see,[HGNC:3672](/data/gene-symbol-report/#!/hgnc_id/HGNC:3672),Symbol,Withdrawn,X,,,,,,,,,,,,,,,,,
MFFP3,MFF,pseudogene,3,Approved,Xp11.3,NR_102268,,,,,,,,,,,,,,,,,,
MFN1P1,MFN1,pseudogene,1,Approved,Xq23,NG_028800,,,,,,,,,,,,,,,,,,
MGAT2P1,MGAT2,pseudogene,1,Approved,Xq26.3,,,,,,,,,,,,,,,,,,,
MGAT2P2,MGAT2,pseudogene,2,Approved,Xq26.3,,,,,,,,,,,,,,,,,,,
MGC1,symbol,"withdrawn,",see,[HGNC:29861](/data/gene-symbol-report/#!/hgnc_id/HGNC:29861),Symbol,Withdrawn,Xq12-q26,,,,,,,,,,,,,,,,,
MIC5,symbol,"withdrawn,",see,[HGNC:6470](/data/gene-symbol-report/#!/hgnc_id/HGNC:6470),Symbol,Withdrawn,S10,Xq27-q28,,,,,,,,,,,,,,,,
MID1,midline,1,Approved,"OS,","FXY,","TRIM18,",RNF59,Xp22,Y13667,,,,,,,,,,,,,,,
MID1IP1,MID1,interacting,protein,1,Approved,"STRAIT11499,","FLJ10386,","MIG12,","THRSPL,",G12-like,Xp11.4,,,,,,,,,,,,,
MID1IP1-AS1,MID1IP1,antisense,RNA,1,Approved,Xp11.4,NR_046706,,,,,,,,,,,,,,,,,
MID2,midline,2,Approved,"FXY2,","TRIM1,","RNF60,",MRX101,Xq22.3,NM_012216,,,,,,,,,,,,,,,
MIR18B,microRNA,18b,Approved,MIRN18B,hsa-mir-18b,Xq26.2,NR_029949,,,,,,,,,,,,,,,,,
MIR19B2,microRNA,19b-2,Approved,MIRN19B2,hsa-mir-19b-2,Xq26.2,NR_029491,,,,,,,,,,,,,,,,,
MIR20B,microRNA,20b,Approved,MIRN20B,hsa-mir-20b,Xq26.2,NR_029950,,,,,,,,,,,,,,,,,
MIR23C,microRNA,23c,Approved,hsa-mir-23c,Xp22.12,NR_037414,,,,,,,,,,,,,,,,,,
MIR92A2,microRNA,92a-2,Approved,"MIRN92-2,",MIRN92A2,"hsa-mir-92-2,",hsa-mir-92a-2,Xq26.2,NR_029509,,,,,,,,,,,,,,,
MIR98,microRNA,98,Approved,MIRN98,"hsa-mir-98,",MIRLET7L,Xp11.22,NR_029513,,,,,,,,,,,,,,,,
MIR105-1,microRNA,105-1,Approved,MIRN105-1,hsa-mir-105-1,Xq28,NR_029521,,,,,,,,,,,,,,,,,
MIR105-2,microRNA,105-2,Approved,MIRN105-2,hsa-mir-105-2,Xq28,NR_029522,,,,,,,,,,,,,,,,,
MIR106A,microRNA,106a,Approved,MIRN106A,hsa-mir-106a,Xq26.2,NR_029523,,,,,,,,,,,,,,,,,
MIR188,microRNA,188,Approved,MIRN188,hsa-mir-188,Xp11.23,NR_029708,,,,,,,,,,,,,,,,,
MIR220A,microRNA,220a,Entry,Withdrawn,"MIRN220,",MIRN220A,hsa-mir-220,Xq25,,,,,,,,,,,,,,,,
MIR221,microRNA,221,Approved,MIRN221,hsa-mir-221,Xp11.3,NR_029635,,,,,,,,,,,,,,,,,
MIR222,microRNA,222,Approved,MIRN222,hsa-mir-222,Xp11.3,NR_029636,,,,,,,,,,,,,,,,,
MIR222HG,miR222/221,cluster,host,gene,Approved,Lnc-Ang362,Xp11.3,,,,,,,,,,,,,,,,,
MIR223,microRNA,223,Approved,MIRN223,hsa-mir-223,Xq12,NR_029637,,,,,,,,,,,,,,,,,
MIR223HG,MIR223,host,gene,Approved,linc-223,Xq12,,,,,,,,,,,,,,,,,,
MIR224,microRNA,224,Approved,MIRN224,hsa-mir-224,Xq28,NR_029638,,,,,,,,,,,,,,,,,
MIR320D2,microRNA,320d-2,Approved,MIRN320D2,hsa-mir-320d-2,Xq27.1,NR_031725,,,,,,,,,,,,,,,,,
MIR325,microRNA,325,Approved,MIRN325,hsa-mir-325,Xq21.1,NR_029905,,,,,,,,,,,,,,,,,
MIR325HG,MIR325,host,gene,Approved,MIR384HG,Xq13.3-q21.1,AK311342,NR_110400,,,,,,,,,,,,,,,,
MIR361,microRNA,361,Approved,MIRN361,hsa-mir-361,Xq21.2,NR_029848,,,,,,,,,,,,,,,,,
MIR362,microRNA,362,Approved,MIRN362,hsa-mir-362,Xp11.23,NR_029850,,,,,,,,,,,,,,,,,
MIR363,microRNA,363,Approved,MIRN363,"hsa-mir-363,",MIR-363,Xq26.2,NR_029852,,,,,,,,,,,,,,,,
MIR374A,microRNA,374a,Approved,"MIRN374,",MIRN374A,"hsa-mir-374,",hsa-mir-374a,Xq13.2,NR_030785,,,,,,,,,,,,,,,
MIR374B,microRNA,374b,Approved,MIRN374B,hsa-mir-374b,Xq13.2,NR_030620,,,,,,,,,,,,,,,,,
MIR374C,microRNA,374c,Approved,hsa-mir-374c,Xq13.2,NR_037511,,,,,,,,,,,,,,,,,,
MIR384,microRNA,384,Approved,MIRN384,hsa-mir-384,Xq21.1,NR_029909,,,,,,,,,,,,,,,,,
MIR421,microRNA,421,Approved,MIRN421,hsa-mir-421,Xq13.2,NR_030398,,,,,,,,,,,,,,,,,
MIR424,microRNA,424,Approved,MIRN424,hsa-mir-424,Xq26.3,NR_029946,,,,,,,,,,,,,,,,,
MIR448,microRNA,448,Approved,MIRN448,hsa-mir-448,Xq23,NR_029955,,,,,,,,,,,,,,,,,
MIR450A1,microRNA,450a-1,Approved,"MIRN450,","MIRN450-1,",MIRN450A1,"hsa-mir-450,","hsa-mir-450-1,",hsa-mir-450a-1,Xq26.3,NR_029962,,,,,,,,,,,,,
MIR450A2,microRNA,450a-2,Approved,"MIRN450-2,",MIRN450A2,"hsa-mir-450-2,",hsa-mir-450a-2,Xq26.3,NR_030227,,,,,,,,,,,,,,,
MIR450B,microRNA,450b,Approved,MIRN450B,hsa-mir-450b,Xq26.3,NR_030587,,,,,,,,,,,,,,,,,
MIR452,microRNA,452,Approved,MIRN452,hsa-mir-452,Xq28,NR_029973,,,,,,,,,,,,,,,,,
MIR500A,microRNA,500a,Approved,"MIRN500,",MIR500,hsa-mir-500,Xp11.23,NR_030224,,,,,,,,,,,,,,,,
MIR500B,microRNA,500b,Approved,hsa-mir-500b,Xp11.23,NR_036257,,,,,,,,,,,,,,,,,,
MIR501,microRNA,501,Approved,MIRN501,hsa-mir-501,Xp11.23,NR_030225,,,,,,,,,,,,,,,,,
MIR502,microRNA,502,Approved,MIRN502,hsa-mir-502,Xp11.23,NR_030226,,,,,,,,,,,,,,,,,
MIR503,microRNA,503,Approved,MIRN503,hsa-mir-503,Xq26.3,NR_030228,,,,,,,,,,,,,,,,,
MIR503HG,MIR503,host,gene,Approved,"MGC16121,",H19X,Xq26.3,NR_024607,,,,,,,,,,,,,,,,
MIR504,microRNA,504,Approved,MIRN504,hsa-mir-504,Xq26.3,NR_030229,,,,,,,,,,,,,,,,,
MIR505,microRNA,505,Approved,MIRN505,hsa-mir-505,Xq27.1,NR_030230,,,,,,,,,,,,,,,,,
MIR506,microRNA,506,Approved,MIRN506,hsa-mir-506,Xq27.3,NR_030233,,,,,,,,,,,,,,,,,
MIR507,microRNA,507,Approved,MIRN507,hsa-mir-507,Xq27.3,NR_030234,,,,,,,,,,,,,,,,,
MIR508,microRNA,508,Approved,MIRN508,hsa-mir-508,Xq27.3,NR_030235,,,,,,,,,,,,,,,,,
MIR509-1,microRNA,509-1,Approved,"MIRN509,",MIRN509-1,"hsa-mir-509,",hsa-mir-509-1,Xq27.3,NR_030236,,,,,,,,,,,,,,,
MIR509-2,microRNA,509-2,Approved,MIRN509-2,hsa-mir-509-2,Xq27.3,NR_030586,,,,,,,,,,,,,,,,,
MIR509-3,microRNA,509-3,Approved,MIRN509-3,hsa-mir-509-3,Xq27.3,NR_030629,,,,,,,,,,,,,,,,,
MIR510,microRNA,510,Approved,MIRN510,hsa-mir-510,Xq27.3,NR_030237,,,,,,,,,,,,,,,,,
MIR513A1,microRNA,513a-1,Approved,"MIRN513-1,",MIRN513A1,"hsa-mir-513-1,",hsa-mir-513a-1,Xq27.3,NR_030231,,,,,,,,,,,,,,,
MIR513A2,microRNA,513a-2,Approved,"MIRN513-2,","MIRN513A-2,",MIRN513A2,hsa-mir-513-2,Xq27.3,NR_030232,,,,,,,,,,,,,,,
MIR513B,microRNA,513b,Approved,MIRN513B,hsa-mir-513b,Xq27.3,NR_031708,,,,,,,,,,,,,,,,,
MIR513C,microRNA,513c,Approved,MIRN513C,hsa-mir-513c,Xq27.3,NR_031709,,,,,,,,,,,,,,,,,
MIR514A1,microRNA,514a-1,Approved,"MIRN514-1,",MIR514-1,hsa-mir-514-1,Xq27.3,NR_030238,,,,,,,,,,,,,,,,
MIR514A2,microRNA,514a-2,Approved,"MIRN514-2,",MIR514-2,hsa-mir-514-2,Xq27.3,NR_030239,,,,,,,,,,,,,,,,
MIR514A3,microRNA,514a-3,Approved,"MIRN514-3,",MIR514-3,hsa-mir-514-3,Xq27.3,NR_030240,,,,,,,,,,,,,,,,
MIR514B,microRNA,514b,Approved,hsa-mir-514b,Xq27.3,NR_036173,,,,,,,,,,,,,,,,,,
MIR532,microRNA,532,Approved,MIRN532,hsa-mir-532,Xp11.23,NR_030241,,,,,,,,,,,,,,,,,
MIR542,microRNA,542,Approved,MIRN542,hsa-mir-542,Xq26.3,NR_030399,,,,,,,,,,,,,,,,,
MIR545,microRNA,545,Approved,MIRN545,hsa-mir-545,Xq13.2,NR_030258,,,,,,,,,,,,,,,,,
MIR548AJ2,microRNA,548aj-2,Approved,hsa-mir-548aj-2,Xp11.4,NR_039674,,,,,,,,,,,,,,,,,,
MIR548AM,microRNA,548am,Approved,hsa-mir-548am,Xp22.2,NR_039762,,,,,,,,,,,,,,,,,,
MIR548AN,microRNA,548an,Approved,hsa-mir-548an,Xq22.3,NR_039765,,,,,,,,,,,,,,,,,,
MIR548AX,microRNA,548ax,Approved,hsa-mir-548ax,Xp22.2,NR_049865,,,,,,,,,,,,,,,,,,
MIR548F5,microRNA,548f-5,Approved,MIRN548F5,hsa-mir-548f-5,Xp21.1,NR_031646,,,,,,,,,,,,,,,,,
MIR548I4,microRNA,548i-4,Approved,MIRN548I4,hsa-mir-548i-4,Xq21.1,NR_031690,,,,,,,,,,,,,,,,,
MIR548M,microRNA,548m,Approved,MIRN548M,hsa-mir-548m,Xq21.33,NR_031667,,,,,,,,,,,,,,,,,
MIR651,microRNA,651,Approved,MIRN651,hsa-mir-651,Xp22.31,NR_030380,,,,,,,,,,,,,,,,,
MIR652,microRNA,652,Approved,MIRN652,hsa-mir-652,Xq23,NR_030381,,,,,,,,,,,,,,,,,
MIR660,microRNA,660,Approved,MIRN660,hsa-mir-660,Xp11.23,NR_030397,,,,,,,,,,,,,,,,,
MIR664B,microRNA,664b,Approved,MIR644B,hsa-mir-664b,Xq28,NR_049842,,,,,,,,,,,,,,,,,
MIR676,microRNA,676,Approved,hsa-mir-676,Xq13.1,NR_037494,,,,,,,,,,,,,,,,,,
MIR718,microRNA,718,Approved,hsa-mir-718,Xq28,NR_031757,,,,,,,,,,,,,,,,,,
MIR764,microRNA,764,Approved,hsa-mir-764,Xq23,NR_031581,,,,,,,,,,,,,,,,,,
MIR766,microRNA,766,Approved,MIRN766,hsa-mir-766,Xq24,NR_030413,,,,,,,,,,,,,,,,,
MIR767,microRNA,767,Approved,MIRN767,hsa-mir-767,Xq28,NR_030409,,,,,,,,,,,,,,,,,
MIR888,microRNA,888,Approved,MIRN888,hsa-mir-888,Xq27.3,NR_030592,,,,,,,,,,,,,,,,,
MIR890,microRNA,890,Approved,MIRN890,hsa-mir-890,Xq27.3,NR_030589,,,,,,,,,,,,,,,,,
MIR891A,microRNA,891a,Approved,MIRN891A,hsa-mir-891a,Xq27.3,NR_030581,,,,,,,,,,,,,,,,,
MIR891B,microRNA,891b,Approved,MIRN891B,hsa-mir-891b,Xq27.3,NR_030590,,,,,,,,,,,,,,,,,
MIR892A,microRNA,892a,Approved,MIRN892A,hsa-mir-892a,Xq27.3,NR_030584,,,,,,,,,,,,,,,,,
MIR892B,microRNA,892b,Approved,MIRN892B,hsa-mir-892b,Xq27.3,NR_030593,,,,,,,,,,,,,,,,,
MIR892C,microRNA,892c,Approved,hsa-mir-892c,Xq27.3,NR_106783,,,,,,,,,,,,,,,,,,
MIR934,microRNA,934,Approved,MIRN934,hsa-mir-934,Xq26.3,NR_030631,,,,,,,,,,,,,,,,,
MIR1184-1,microRNA,1184-1,Approved,"MIRN1184,",MIR1184,hsa-mir-1184,Xq28,NR_036049,,,,,,,,,,,,,,,,
MIR1184-2,microRNA,1184-2,Approved,hsa-mir-1184-2,Xq28,NR_036259,,,,,,,,,,,,,,,,,,
MIR1184-3,microRNA,1184-3,Approved,hsa-mir-1184-3,Xq28,NR_036260,,,,,,,,,,,,,,,,,,
MIR1264,microRNA,1264,Approved,MIRN1264,hsa-mir-1264,Xq23,NR_031563,,,,,,,,,,,,,,,,,
MIR1277,microRNA,1277,Approved,MIRN1277,hsa-mir-1277,Xq24,NR_031685,,,,,,,,,,,,,,,,,
MIR1298,microRNA,1298,Approved,MIRN1298,hsa-mir-1298,Xq23,NR_031578,,,,,,,,,,,,,,,,,
MIR1308,microRNA,1308,Entry,Withdrawn,MIRN1308,hsa-mir-1308,Xp22.2-p22.1,,,,,,,,,,,,,,,,,
MIR1321,microRNA,1321,Approved,MIRN1321,hsa-mir-1321,Xq21.2,NR_031710,,,,,,,,,,,,,,,,,
MIR1468,microRNA,1468,Approved,MIRN1468,hsa-mir-1468,Xq11.1,NR_031567,,,,,,,,,,,,,,,,,
MIR1587,microRNA,1587,Approved,hsa-mir-1587,Xp11.4,NR_039763,,,,,,,,,,,,,,,,,,
MIR1911,microRNA,1911,Approved,MIRN1911,hsa-mir-1911,Xq23,NR_031732,,,,,,,,,,,,,,,,,
MIR1912,microRNA,1912,Approved,MIRN1912,hsa-mir-1912,Xq23,NR_031733,,,,,,,,,,,,,,,,,
MIR2114,microRNA,2114,Approved,hsa-mir-2114,Xq28,NR_031748,,,,,,,,,,,,,,,,,,
MIR3202-1,microRNA,3202-1,Approved,hsa-mir-3202-1,Xq28,NR_036174,,,,,,,,,,,,,,,,,,
MIR3202-2,microRNA,3202-2,Approved,hsa-mir-3202-2,Xq28,NR_036175,,,,,,,,,,,,,,,,,,
MIR3672,microRNA,3672,Approved,hsa-mir-3672,Xq24,NR_037444,,,,,,,,,,,,,,,,,,
MIR3690,microRNA,3690,Approved,"MIR3690-2,",MIR3690-1,"hsa-mir-3690,",hsa-mir-3690-2,Xp22.32,and,Yp11.3,NR_037461,,,,,,,,,,,,,
MIR3690-2,symbol,"withdrawn,",see,[HGNC:38967](/data/gene-symbol-report/#!/hgnc_id/HGNC:38967),Symbol,Withdrawn,hsa-mir-3690-2,Y,,,,,,,,,,,,,,,,
MIR3915,microRNA,3915,Approved,hsa-mir-3915,Xp21.1,NR_037478,,,,,,,,,,,,,,,,,,
MIR3937,microRNA,3937,Approved,hsa-mir-3937,Xp11.4,NR_037501,,,,,,,,,,,,,,,,,,
MIR3978,microRNA,3978,Approved,hsa-mir-3978,Xq23,NR_039774,,,,,,,,,,,,,,,,,,
MIR4328,microRNA,4328,Approved,hsa-mir-4328,Xq21.1,NR_036258,,,,,,,,,,,,,,,,,,
MIR4329,microRNA,4329,Approved,hsa-mir-4329,Xq23,NR_036255,,,,,,,,,,,,,,,,,,
MIR4330,microRNA,4330,Approved,hsa-mir-4330,Xq28,NR_036256,,,,,,,,,,,,,,,,,,
MIR4536-1,microRNA,4536-1,Approved,MIR4536,hsa-mir-4536,Xp11.21,NR_039764,,,,,,,,,,,,,,,,,
MIR4536-2,microRNA,4536-2,Approved,hsa-mir-4536-2,Xp11.21,NR_130469,,,,,,,,,,,,,,,,,,
MIR4666B,microRNA,4666b,Approved,hsa-mir-4666b,Xp21.2,NR_049877,,,,,,,,,,,,,,,,,,
MIR4767,microRNA,4767,Approved,hsa-mir-4767,Xp22.31,NR_039924,,,,,,,,,,,,,,,,,,
MIR4768,microRNA,4768,Approved,hsa-mir-4768,Xp22.13,NR_039925,,,,,,,,,,,,,,,,,,
MIR4769,microRNA,4769,Approved,hsa-mir-4769,Xp11.3,NR_039926,,,,,,,,,,,,,,,,,,
MIR4770,microRNA,4770,Approved,hsa-mir-4770,Xp22.31,NR_039927,,,,,,,,,,,,,,,,,,
MIR6086,microRNA,6086,Approved,hsa-mir-6086,Xp22.2,NR_106734,,,,,,,,,,,,,,,,,,
MIR6087,microRNA,6087,Entry,Withdrawn,hsa-mir-6087,Xq22.3,,,,,,,,,,,,,,,,,,
MIR6089,microRNA,6089,Approved,"MIR6089-1,",MIR6089-2,hsa-mir-6089-1,Xp22.3,and,Yp11.3,NR_106737,,,,,,,,,,,,,,
MIR6089-2,symbol,"withdrawn,",see,[HGNC:50179](/data/gene-symbol-report/#!/hgnc_id/HGNC:50179),Symbol,Withdrawn,hsa-mir-6089-2,Y,,,,,,,,,,,,,,,,
MIR6134,microRNA,6134,Approved,hsa-mir-6134,Xp21.3,NR_106750,,,,,,,,,,,,,,,,,,
MIR6857,microRNA,6857,Approved,hsa-mir-6857,Xp11.22,NR_106916,,,,,,,,,,,,,,,,,,
MIR6858,microRNA,6858,Approved,hsa-mir-6858,Xq28,NR_106917,,,,,,,,,,,,,,,,,,
MIR6894,microRNA,6894,Approved,hsa-mir-6894,Xp11.22,NR_106954,,,,,,,,,,,,,,,,,,
MIR6895,microRNA,6895,Approved,hsa-mir-6895,Xp11.22,NR_106955,,,,,,,,,,,,,,,,,,
MIR8088,microRNA,8088,Approved,hsa-mir-8088,Xp11.22,NR_107055,,,,,,,,,,,,,,,,,,
MIR9985,microRNA,9985,Approved,hsa-mir-9985,Yp11.2,NR_162096,,,,,,,,,,,,,,,,,,
MIR12120,microRNA,12120,Approved,hsa-mir-12120,Yq11.221,NR_162134,,,,,,,,,,,,,,,,,,
MIR12129,microRNA,12129,Approved,hsa-mir-12129,Xq28,NR_162143,,,,,,,,,,,,,,,,,,
MIRLET7F2,microRNA,let-7f-2,Approved,MIRNLET7F2,hsa-let-7f-2,Xp11.22,NR_029484,,,,,,,,,,,,,,,,,
MKI67P1,marker,of,proliferation,Ki-67,pseudogene,1,Approved,Xp11.3,,,,,,,,,,,,,,,,
MKRN4P,makorin,ring,finger,protein,"4,",pseudogene,Approved,"ZNF127L1,","MKRN4,",MKRNP5,"ZNF-Xp,",RNF64,Xp11.4,U41315,NG_004713,,,,,,,,,
MKRN5P,makorin,ring,finger,protein,"5,",pseudogene,Approved,"ZNF127L2,",MKRNP1,ZNF-Xq,Xq13.2,U41316,,,,,,,,,,,,
MLS,symbol,"withdrawn,",see,[HGNC:4837](/data/gene-symbol-report/#!/hgnc_id/HGNC:4837),Symbol,Withdrawn,Xp22,,,,,,,,,,,,,,,,,
MMADHCP1,MMADHC,pseudogene,1,Approved,Xq13.3,NG_009051,,,,,,,,,,,,,,,,,,
MMGT1,membrane,magnesium,transporter,1,Approved,TMEM32,EMC5,Xq26.3,AL157477,NM_173470,,,,,,,,,,,,,,
MOB1AP2,MOB,kinase,activator,1A,pseudogene,2,Approved,MOBKL1BP2,Xp21.1,,,,,,,,,,,,,,,
MORC4,MORC,family,CW-type,zinc,finger,4,Approved,ZCWCC2,"ZCW4,",FLJ11565,Xq22.3,AK021627,NM_024657,,,,,,,,,,,
MORF4L1P5,mortality,factor,4,like,1,pseudogene,5,Approved,MORF4LP5,Xq11.2,,,,,,,,,,,,,,
MORF4L1P6,mortality,factor,4,like,1,pseudogene,6,Approved,Xq13.2,,,,,,,,,,,,,,,
MORF4L2,mortality,factor,4,like,2,Approved,"KIAA0026,",MRGX,Xq22.2,AF100620,NM_012286,,,,,,,,,,,,,
MORF4L2-AS1,MORF4L2,antisense,RNA,1,Approved,Xq22.2,BC043382,NR_038978,,,,,,,,,,,,,,,,
MOSPD1,motile,sperm,domain,containing,1,Approved,dJ473B4,Xq26.3,Z83826,NM_019556,,,,,,,,,,,,,,
MOSPD2,motile,sperm,domain,containing,2,Approved,MGC26706,Xp22.2,AL834345,NM_152581,,,,,,,,,,,,,,
MPC1L,mitochondrial,pyruvate,carrier,1,like,Approved,SLC54A3,Xp11.4,NM_001195522,,,,,,,,,,,,,,,
MPP1,MAGUK,p55,scaffold,protein,1,Approved,DXS552E,PEMP,Xq28,NM_002436,,,,,,,,,,,,,,
MPV17L2P1,MPV17L2,pseudogene,1,Approved,Xp11.22,,,,,,,,,,,,,,,,,,,
MRFAP1P1,MRFAP1,pseudogene,1,Approved,Xq28,,,,,,,,,,,,,,,,,,,
MRPL32P1,MRPL32,pseudogene,1,Approved,Xp11.23,NG_002857,,,,,,,,,,,,,,,,,,
MRPL32P2,MRPL32,pseudogene,2,Approved,Xp11.22,,,,,,,,,,,,,,,,,,,
MRPL35P4,mitochondrial,ribosomal,protein,L35,pseudogene,4,Approved,Xp22.2,NG_002861,,,,,,,,,,,,,,,
MRPL57P10,mitochondrial,ribosomal,protein,L57,pseudogene,10,Approved,MRP63P10,Yp11.2,AY135245,NG_002837,,,,,,,,,,,,,
MRPS17P9,mitochondrial,ribosomal,protein,S17,pseudogene,9,Approved,Xq24,NG_002876,,,,,,,,,,,,,,,
MRPS18CP7,MRPS18C,pseudogene,7,Approved,Xp11.22,,,,,,,,,,,,,,,,,,,
MRPS22P1,mitochondrial,ribosomal,protein,S22,pseudogene,1,Approved,Xq21.31,NG_002889,,,,,,,,,,,,,,,
MRRFP1,mitochondrial,ribosome,recycling,factor,pseudogene,1,Approved,MRRFP,Xq25,NG_005178,,,,,,,,,,,,,,
MRSD,mental,retardation-skeletal,dysplasia,Entry,Withdrawn,Xq27-q28,,,,,,,,,,,,,,,,,,
MRX1,symbol,"withdrawn,",see,[HGNC:29059](/data/gene-symbol-report/#!/hgnc_id/HGNC:29059),Symbol,Withdrawn,Xp11.3-q12,,,,,,,,,,,,,,,,,
MRX2,symbol,"withdrawn,",see,[HGNC:9330](/data/gene-symbol-report/#!/hgnc_id/HGNC:9330),Symbol,Withdrawn,Xp22.2-p22.1,,,,,,,,,,,,,,,,,
MRX3,symbol,"withdrawn,",see,[HGNC:4839](/data/gene-symbol-report/#!/hgnc_id/HGNC:4839),Symbol,Withdrawn,Xq28,,,,,,,,,,,,,,,,,
MRX4,mental,"retardation,",X-linked,4,Entry,Withdrawn,Xp11.22-q21.3,,,,,,,,,,,,,,,,,
MRX5,mental,"retardation,",X-linked,5,Entry,Withdrawn,Xp11.4-q21.2,,,,,,,,,,,,,,,,,
MRX6,mental,"retardation,",X-linked,6,(Okinawa,type),Entry,Withdrawn,Xq27,,,,,,,,,,,,,,,
MRX7,mental,"retardation,",X-linked,7,Entry,Withdrawn,Xp11.23-q12,,,,,,,,,,,,,,,,,
MRX8,mental,"retardation,",X-linked,8,Entry,Withdrawn,Xq21,,,,,,,,,,,,,,,,,
MRX9,symbol,"withdrawn,",see,[HGNC:13254](/data/gene-symbol-report/#!/hgnc_id/HGNC:13254),Symbol,Withdrawn,Xq12,,,,,,,,,,,,,,,,,
MRX10,symbol,"withdrawn,",see,[HGNC:5996](/data/gene-symbol-report/#!/hgnc_id/HGNC:5996),Symbol,Withdrawn,MRX10,X,,,,,,,,,,,,,,,,
MRX11,mental,"retardation,",X-linked,11,Entry,Withdrawn,Xp21.3-p11.22,,,,,,,,,,,,,,,,,
MRX12,symbol,"withdrawn,",see,[HGNC:19073](/data/gene-symbol-report/#!/hgnc_id/HGNC:19073),Symbol,Withdrawn,Xp21.3-q21.1,,,,,,,,,,,,,,,,,
MRX13,symbol,"withdrawn,",see,[HGNC:11114](/data/gene-symbol-report/#!/hgnc_id/HGNC:11114),Symbol,Withdrawn,X,,,,,,,,,,,,,,,,,
MRX14,mental,"retardation,",X-linked,14,Entry,Withdrawn,Xp11.3-q13.2,,,,,,,,,,,,,,,,,
MRX15,mental,"retardation,",X-linked,15,Entry,Withdrawn,Xp21.1-p11.22,,,,,,,,,,,,,,,,,
MRX16,symbol,"withdrawn,",see,[HGNC:6990](/data/gene-symbol-report/#!/hgnc_id/HGNC:6990),Symbol,Withdrawn,MRX16,Xq28,,,,,,,,,,,,,,,,
MRX17,mental,"retardation,",X-linked,17,Entry,Withdrawn,Xp11.22,,,,,,,,,,,,,,,,,
MRX18,symbol,"withdrawn,",see,[HGNC:29059](/data/gene-symbol-report/#!/hgnc_id/HGNC:29059),Symbol,Withdrawn,Xp21.2-p11.23,,,,,,,,,,,,,,,,,
MRX19,symbol,"withdrawn,",see,[HGNC:10432](/data/gene-symbol-report/#!/hgnc_id/HGNC:10432),Symbol,Withdrawn,MRX19,Xp22,,,,,,,,,,,,,,,,
MRX20,mental,"retardation,",X-linked,20,Entry,Withdrawn,Xp11-q21,,,,,,,,,,,,,,,,,
MRX21,symbol,"withdrawn,",see,[HGNC:5996](/data/gene-symbol-report/#!/hgnc_id/HGNC:5996),Symbol,Withdrawn,MRX21,Xp22.3-p21.1,,,,,,,,,,,,,,,,
MRX22,symbol,"withdrawn,",see,[HGNC:10923](/data/gene-symbol-report/#!/hgnc_id/HGNC:10923),Symbol,Withdrawn,MRX22,X,,,,,,,,,,,,,,,,
MRX23,mental,"retardation,",X-linked,23,Entry,Withdrawn,Xq23-q24,,,,,,,,,,,,,,,,,
MRX24,mental,"retardation,",X-linked,24,Entry,Withdrawn,Xp22.3-p22.2,,,,,,,,,,,,,,,,,
MRX25,mental,"retardation,",X-linked,25,Entry,Withdrawn,Xq28,,,,,,,,,,,,,,,,,
MRX26,mental,"retardation,",X-linked,26,Entry,Withdrawn,Xp11.3-q21.33,,,,,,,,,,,,,,,,,
MRX27,mental,"retardation,",X-linked,27,Entry,Withdrawn,Xq24-q26,,,,,,,,,,,,,,,,,
MRX28,mental,"retardation,",X-linked,28,Entry,Withdrawn,Xq28,,,,,,,,,,,,,,,,,
MRX29,symbol,"withdrawn,",see,[HGNC:18060](/data/gene-symbol-report/#!/hgnc_id/HGNC:18060),Symbol,Withdrawn,MRX29,Xp21,,,,,,,,,,,,,,,,
MRX31,mental,"retardation,",X-linked,31,Entry,Withdrawn,Xp11.22,,,,,,,,,,,,,,,,,
MRX32,symbol,"withdrawn,",see,[HGNC:18060](/data/gene-symbol-report/#!/hgnc_id/HGNC:18060),Symbol,Withdrawn,MRX32,Xp21.2-p22.1,,,,,,,,,,,,,,,,
MRX33,symbol,"withdrawn,",see,[HGNC:18060](/data/gene-symbol-report/#!/hgnc_id/HGNC:18060),Symbol,Withdrawn,MRX33,Xp11.4-p22.12,,,,,,,,,,,,,,,,
MRX34,symbol,"withdrawn,",see,[HGNC:5996](/data/gene-symbol-report/#!/hgnc_id/HGNC:5996),Symbol,Withdrawn,Xpter-qter,,,,,,,,,,,,,,,,,
MRX35,symbol,"withdrawn,",see,[HGNC:19073](/data/gene-symbol-report/#!/hgnc_id/HGNC:19073),Symbol,Withdrawn,Xq22-q26,,,,,,,,,,,,,,,,,
MRX36,symbol,"withdrawn,",see,[HGNC:18060](/data/gene-symbol-report/#!/hgnc_id/HGNC:18060),Symbol,Withdrawn,Xp22,,,,,,,,,,,,,,,,,
MRX37,mental,"retardation,",X-linked,37,Entry,Withdrawn,Xp22.32-p22.31,,,,,,,,,,,,,,,,,
MRX38,symbol,"withdrawn,",see,[HGNC:18060](/data/gene-symbol-report/#!/hgnc_id/HGNC:18060),Symbol,Withdrawn,MRX38,Xp22.13-p21.1,,,,,,,,,,,,,,,,
MRX39,mental,"retardation,",X-linked,39,Entry,Withdrawn,X,,,,,,,,,,,,,,,,,
MRX40,mental,"retardation,",X-linked,40,Entry,Withdrawn,Xq21.1,,,,,,,,,,,,,,,,,
MRX42,mental,"retardation,",X-linked,42,Entry,Withdrawn,X,,,,,,,,,,,,,,,,,
MRX43,symbol,"withdrawn,",see,[HGNC:18060](/data/gene-symbol-report/#!/hgnc_id/HGNC:18060),Symbol,Withdrawn,Xp22.31-p21.2,,,,,,,,,,,,,,,,,
MRX44,symbol,"withdrawn,",see,[HGNC:13254](/data/gene-symbol-report/#!/hgnc_id/HGNC:13254),Symbol,Withdrawn,MRX44,Xp11.3-p11.21,,,,,,,,,,,,,,,,
MRX45,symbol,"withdrawn,",see,[HGNC:13156](/data/gene-symbol-report/#!/hgnc_id/HGNC:13156),Symbol,Withdrawn,MRX45,Xp11.3-p11.21,,,,,,,,,,,,,,,,
MRX46,symbol,"withdrawn,",see,[HGNC:685](/data/gene-symbol-report/#!/hgnc_id/HGNC:685),Symbol,Withdrawn,Xq25-q26,,,,,,,,,,,,,,,,,
MRX47,symbol,"withdrawn,",see,[HGNC:8592](/data/gene-symbol-report/#!/hgnc_id/HGNC:8592),Symbol,Withdrawn,MRX47,Xq23-q24,,,,,,,,,,,,,,,,
MRX49,mental,"retardation,",X-linked,49,Entry,Withdrawn,Xp22.3-p22.2,,,,,,,,,,,,,,,,,
MRX50,symbol,"withdrawn,",see,[HGNC:11494](/data/gene-symbol-report/#!/hgnc_id/HGNC:11494),Symbol,Withdrawn,Xp11.3-p11.21,,,,,,,,,,,,,,,,,
MRX51,mental,"retardation,",X-linked,51,Entry,Withdrawn,Xp11.3-p11.23,,,,,,,,,,,,,,,,,
MRX52,symbol,"withdrawn,",see,[HGNC:886](/data/gene-symbol-report/#!/hgnc_id/HGNC:886),Symbol,Withdrawn,Xp11.21-q21.32,,,,,,,,,,,,,,,,,
MRX53,mental,"retardation,",X-linked,53,Entry,Withdrawn,Xq22.2-q24,,,,,,,,,,,,,,,,,
MRX54,symbol,"withdrawn,",see,[HGNC:18060](/data/gene-symbol-report/#!/hgnc_id/HGNC:18060),Symbol,Withdrawn,Xp22.1,,,,,,,,,,,,,,,,,
MRX55,symbol,"withdrawn,",see,[HGNC:9330](/data/gene-symbol-report/#!/hgnc_id/HGNC:9330),Symbol,Withdrawn,MRX55,Xp11,,,,,,,,,,,,,,,,
MRX56,mental,"retardation,",X-linked,56,Entry,Withdrawn,X,,,,,,,,,,,,,,,,,
MRX57,mental,"retardation,",X-linked,57,Entry,Withdrawn,X,,,,,,,,,,,,,,,,,
MRX58,symbol,"withdrawn,",see,[HGNC:11854](/data/gene-symbol-report/#!/hgnc_id/HGNC:11854),Symbol,Withdrawn,MRX58,Xp11.3-q13.1,,,,,,,,,,,,,,,,
MRX59,symbol,"withdrawn,",see,[HGNC:560](/data/gene-symbol-report/#!/hgnc_id/HGNC:560),Symbol,Withdrawn,MRX59,Xp22.2-p21.1,,,,,,,,,,,,,,,,
MRX60,symbol,"withdrawn,",see,[HGNC:8148](/data/gene-symbol-report/#!/hgnc_id/HGNC:8148),Symbol,Withdrawn,MRX60,Xq12,,,,,,,,,,,,,,,,
MRX61,mental,"retardation,",X-linked,61,Entry,Withdrawn,Xq13.1-q25,,,,,,,,,,,,,,,,,
MRX62,symbol,"withdrawn,",see,[HGNC:20439](/data/gene-symbol-report/#!/hgnc_id/HGNC:20439),Symbol,Withdrawn,X,,,,,,,,,,,,,,,,,
MRX63,symbol,"withdrawn,",see,[HGNC:3571](/data/gene-symbol-report/#!/hgnc_id/HGNC:3571),Symbol,Withdrawn,MRX63,X,,,,,,,,,,,,,,,,
MRX64,mental,"retardation,",X-linked,64,Entry,Withdrawn,Xq28,,,,,,,,,,,,,,,,,
MRX65,symbol,"withdrawn,",see,[HGNC:13128](/data/gene-symbol-report/#!/hgnc_id/HGNC:13128),Symbol,Withdrawn,Xp11.23-q21.32,,,,,,,,,,,,,,,,,
MRX66,mental,"retardation,",X-linked,66,Entry,Withdrawn,Xq21.33-q23,,,,,,,,,,,,,,,,,
MRX67,mental,"retardation,",X-linked,67,Entry,Withdrawn,Xq13.1-q21.31,,,,,,,,,,,,,,,,,
MRX68,symbol,"withdrawn,",see,[HGNC:3571](/data/gene-symbol-report/#!/hgnc_id/HGNC:3571),Symbol,Withdrawn,MRX68,Xq22.1-q23,,,,,,,,,,,,,,,,
MRX69,mental,"retardation,",X-linked,69,Entry,Withdrawn,Xp11.21-q22.1,,,,,,,,,,,,,,,,,
MRX70,mental,"retardation,",X-linked,70,Entry,Withdrawn,Xq23-q25,,,,,,,,,,,,,,,,,
MRX71,mental,"retardation,",X-linked,71,Entry,Withdrawn,Xq24-q27,,,,,,,,,,,,,,,,,
MRX72,symbol,"withdrawn,",see,[HGNC:16499](/data/gene-symbol-report/#!/hgnc_id/HGNC:16499),Symbol,Withdrawn,Xq28,,,,,,,,,,,,,,,,,
MRX73,mental,"retardation,",X-linked,73,Entry,Withdrawn,Xp22.2,,,,,,,,,,,,,,,,,
MRX74,symbol,"withdrawn,",see,[HGNC:26233](/data/gene-symbol-report/#!/hgnc_id/HGNC:26233),Symbol,Withdrawn,Xp11.4-p11.23,,,,,,,,,,,,,,,,,
MRX75,mental,"retardation,",X-linked,75,Entry,Withdrawn,Xq24-q26,,,,,,,,,,,,,,,,,
MRX76,symbol,"withdrawn,",see,[HGNC:18060](/data/gene-symbol-report/#!/hgnc_id/HGNC:18060),Symbol,Withdrawn,MRX76,Xp22.3-p21.3,,,,,,,,,,,,,,,,
MRX77,mental,"retardation,",X-linked,77,Entry,Withdrawn,Xq12-q21.33,,,,,,,,,,,,,,,,,
MRX78,symbol,"withdrawn,",see,[HGNC:29059](/data/gene-symbol-report/#!/hgnc_id/HGNC:29059),Symbol,Withdrawn,Xp11.4-q21.1,,,,,,,,,,,,,,,,,
MRX79,symbol,"withdrawn,",see,[HGNC:6990](/data/gene-symbol-report/#!/hgnc_id/HGNC:6990),Symbol,Withdrawn,MRX79,X,,,,,,,,,,,,,,,,
MRX80,mental,"retardation,",X-linked,80,Entry,Withdrawn,Xq22-q24,,,,,,,,,,,,,,,,,
MRX81,mental,"retardation,",X-linked,81,Entry,Withdrawn,Xp11.2-q12,,,,,,,,,,,,,,,,,
MRX82,mental,"retardation,",X-linked,82,Entry,Withdrawn,Xq24-q25,,,,,,,,,,,,,,,,,
MRX84,mental,"retardation,",X-linked,84,Entry,Withdrawn,Xp11.3-q22.3,,,,,,,,,,,,,,,,,
MRX85,symbol,"withdrawn,",see,[HGNC:2928](/data/gene-symbol-report/#!/hgnc_id/HGNC:2928),Symbol,Withdrawn,Xp21,,,,,,,,,,,,,,,,,
MRX86,mental,"retardation,",X-linked,86,Entry,Withdrawn,Xp11.3-q13.1,,,,,,,,,,,,,,,,,
MRX87,symbol,"withdrawn,",see,[HGNC:18060](/data/gene-symbol-report/#!/hgnc_id/HGNC:18060),Symbol,Withdrawn,MRX87,Xp22.2-p21.2,,,,,,,,,,,,,,,,
MRXS5,symbol,"withdrawn,",see,[HGNC:560](/data/gene-symbol-report/#!/hgnc_id/HGNC:560),Symbol,Withdrawn,PGS,Xq25-q27,,,,,,,,,,,,,,,,
MRXS7,mental,"retardation,","X-linked,",syndromic,7,Entry,Withdrawn,Xp11.3-q22.1,,,,,,,,,,,,,,,,
MRXS10,symbol,"withdrawn,",see,[HGNC:4800](/data/gene-symbol-report/#!/hgnc_id/HGNC:4800),Symbol,Withdrawn,CAMR,Xp11.2,,,,,,,,,,,,,,,,
MRXS11,mental,"retardation,","X-linked,",syndromic,11,Entry,Withdrawn,SMRXS,Xq26-q27,,,,,,,,,,,,,,,
MSD,microcephaly,with,spastic,diplegia,(Paine,syndrome),Entry,Withdrawn,X,,,,,,,,,,,,,,,
MSL3,MSL,complex,subunit,3,Approved,MSL3L1,Xp22.2,AF117065,NM_006800,,,,,,,,,,,,,,,
MSL3-DT,MSL3,divergent,transcript,Approved,Xp22.2,,,,,,,,,,,,,,,,,,,
MSN,moesin,Approved,Xq12,M69066,NM_002444,,,,,,,,,,,,,,,,,,,
MTATP6P19,MT-ATP6,pseudogene,19,Approved,Xq22.1,,,,,,,,,,,,,,,,,,,
MTCO1P19,MT-CO1,pseudogene,19,Approved,Xq22.1,,,,,,,,,,,,,,,,,,,
MTCO1P37,MT-CO1,pseudogene,37,Approved,Yq11.21,,,,,,,,,,,,,,,,,,,
MTCO1P52,MT-CO1,pseudogene,52,Approved,Xp11.21,,,,,,,,,,,,,,,,,,,
MTCO1P53,MT-CO1,pseudogene,53,Approved,Xq25,,,,,,,,,,,,,,,,,,,
MTCO2P19,MT-CO2,pseudogene,19,Approved,Xq22.1,,,,,,,,,,,,,,,,,,,
MTCO3P19,MT-CO3,pseudogene,19,Approved,Xq22.1,,,,,,,,,,,,,,,,,,,
MTCO3P37,MT-CO3,pseudogene,37,Approved,Yq11.21,,,,,,,,,,,,,,,,,,,
MTCP1,mature,T,cell,proliferation,1,Approved,"P13MTCP1,","p8MTCP1,",TCL1C,Xq28,NM_001018025,,,,,,,,,,,,,
MTCYBP1,MT-CYB,pseudogene,1,Approved,Yp11.2,NG_023458,,,,,,,,,,,,,,,,,,
MTCYBP2,MT-CYB,pseudogene,2,Approved,Yq11.222,,,,,,,,,,,,,,,,,,,
MTCYBP12,MT-CYB,pseudogene,12,Approved,Xp22.32,,,,,,,,,,,,,,,,,,,
MTCYBP31,MT-CYB,pseudogene,31,Approved,Xq13.1,,,,,,,,,,,,,,,,,,,
MTCYBP32,MT-CYB,pseudogene,32,Approved,Xq22.1,,,,,,,,,,,,,,,,,,,
MTCYBP38,MT-CYB,pseudogene,38,Approved,Xq25,,,,,,,,,,,,,,,,,,,
MTFR1P1,MTFR1,pseudogene,1,Approved,Xq12,NG_011583,,,,,,,,,,,,,,,,,,
MTHFD1P1,methylenetetrahydrofolate,dehydrogenase,(NADP+,dependent),1,pseudogene,1,Approved,"MTHFDL1,",MTHFDP1,Xp11.21,S57009,,,,,,,,,,,,
MTM1,myotubularin,1,Approved,Xq28,U46024,NM_000252,,,,,,,,,,,,,,,,,,
MTMR1,myotubularin,related,protein,1,Approved,Xq28,U58032,"NM_003828,",NM_176789,,,,,,,,,,,,,,,
MTMR8,myotubularin,related,protein,8,Approved,FLJ20126,Xq11.2,AK000133,NM_017677,,,,,,,,,,,,,,,
MTND1P1,MT-ND1,pseudogene,1,Approved,Yp11.2,,,,,,,,,,,,,,,,,,,
MTND1P12,MT-ND1,pseudogene,12,Approved,Yq11.21,,,,,,,,,,,,,,,,,,,
MTND1P30,MT-ND1,pseudogene,30,Approved,Xp11.21,,,,,,,,,,,,,,,,,,,
MTND1P31,MT-ND1,pseudogene,31,Approved,Xq11.1,,,,,,,,,,,,,,,,,,,
MTND1P32,MT-ND1,pseudogene,32,Approved,Xq22.1,NG_031905,,,,,,,,,,,,,,,,,,
MTND1P33,MT-ND1,pseudogene,33,Approved,Xq27.3,,,,,,,,,,,,,,,,,,,
MTND2P2,MT-ND2,pseudogene,2,Approved,Xq22.1,NG_002320,,,,,,,,,,,,,,,,,,
MTND2P3,MT-ND2,pseudogene,3,Approved,Yp11.2,NG_023505,,,,,,,,,,,,,,,,,,
MTND2P24,MT-ND2,pseudogene,24,Approved,Xp11.21,,,,,,,,,,,,,,,,,,,
MTND2P25,MT-ND2,pseudogene,25,Approved,Xq11.1,,,,,,,,,,,,,,,,,,,
MTND2P39,MT-ND2,pseudogene,39,Approved,Xq27.3,,,,,,,,,,,,,,,,,,,
MTND4LP1,MT-ND4L,pseudogene,1,Approved,MTND4L2,Xq25,,,,,,,,,,,,,,,,,,
MTND4P24,MT-ND4,pseudogene,24,Approved,Xq25,,,,,,,,,,,,,,,,,,,
MTND4P31,MT-ND4,pseudogene,31,Approved,Xq13.1,,,,,,,,,,,,,,,,,,,
MTND4P32,MT-ND4,pseudogene,32,Approved,Xq22.1,,,,,,,,,,,,,,,,,,,
MTND5P26,MT-ND5,pseudogene,26,Approved,Xq22.1,,,,,,,,,,,,,,,,,,,
MTND5P39,MT-ND5,pseudogene,39,Approved,Xq13.1,,,,,,,,,,,,,,,,,,,
MTND6P1,MT-ND6,pseudogene,1,Approved,Yp11.2,,,,,,,,,,,,,,,,,,,
MTND6P12,MT-ND6,pseudogene,12,Approved,Xp22.32,,,,,,,,,,,,,,,,,,,
MTND6P13,MT-ND6,pseudogene,13,Approved,Xq22.1,,,,,,,,,,,,,,,,,,,
MTND6P31,MT-ND6,pseudogene,31,Approved,Xq13.1,,,,,,,,,,,,,,,,,,,
MTND6P32,MT-ND6,pseudogene,32,Approved,Xq22.1,,,,,,,,,,,,,,,,,,,
MTRNR2L10,MT-RNR2,like,10,(pseudogene),Approved,Xp11.21,NG_077259,,,,,,,,,,,,,,,,,
MUC3B,mucin,"3B,",cell,surface,associated,Approved,7q22,not,on,reference,assembly,AJ291390,,,,,,,,,,,,
MXRA5,matrix,remodeling,associated,5,Approved,DKFZp564I1922,Xp22.33,AF245505,NM_015419,,,,,,,,,,,,,,,
MXRA5Y,matrix,remodeling,associated,5,Y-linked,(pseudogene),Approved,"MXRA5P,",MXRA5P1,ADLICANP,Yq11.21,NG_002806,,,,,,,,,,,,
MYCLP1,MYCL,pseudogene,1,Approved,"MYCL2,",MYCL1P1,Xq22.3,NG_009866,,,,,,,,,,,,,,,,
MYCLP2,MYCL,pseudogene,2,Approved,Xp11.21,,,,,,,,,,,,,,,,,,,
MYCLP3,MYCL,pseudogene,3,Approved,MYCL3,Xq27.3,Y16968,,,,,,,,,,,,,,,,,
MYP1,myopia,1,(X-linked),Entry,Withdrawn,Xq28,,,,,,,,,,,,,,,,,,
MYP13,myopia,13,Entry,Withdrawn,Xq23-q25,,,,,,,,,,,,,,,,,,,
NA,symbol,"withdrawn,",see,[HGNC:12811](/data/gene-symbol-report/#!/hgnc_id/HGNC:12811),Symbol,Withdrawn,NAC,X,,,,,,,,,,,,,,,,
NAA10,N-alpha-acetyltransferase,"10,",NatA,catalytic,subunit,Approved,"ARD1,",ARD1A,"DXS707,",TE2,Xq28,BC000308,NM_003491,,,,,,,,,,,
NAA20P1,NAA20,pseudogene,1,Approved,Xq26.2,,,,,,,,,,,,,,,,,,,
NAB1P1,NAB1,pseudogene,1,Approved,Xq28,NG_022647,,,,,,,,,,,,,,,,,,
NALF2,NALCN,channel,auxiliary,factor,2,Approved,"TMEM28,","CXorf63,",FAM155B,TED,Xq13.1,AF087142,NM_015686,,,,,,,,,,,
NAMSD,symbol,"withdrawn,",see,[HGNC:8768](/data/gene-symbol-report/#!/hgnc_id/HGNC:8768),Symbol,Withdrawn,CMTX4,Xq24-q26,,,,,,,,,,,,,,,,
NANOGNBP3,NANOGNB,pseudogene,3,Approved,Xq22.1,,,,,,,,,,,,,,,,,,,
NANOGP9,Nanog,homeobox,pseudogene,9,Approved,Xq12,NG_004097,,,,,,,,,,,,,,,,,
NANOGP10,Nanog,homeobox,pseudogene,10,Approved,Xp11.3,NG_004096,,,,,,,,,,,,,,,,,
NAP1L1P2,nucleosome,assembly,protein,1,like,1,pseudogene,2,Approved,Yp11.2,,,,,,,,,,,,,,
NAP1L2,nucleosome,assembly,protein,1,like,2,Approved,"BPX,",MGC26243,Xq13.2,AF136178,NM_021963,,,,,,,,,,,,
NAP1L3,nucleosome,assembly,protein,1,like,3,Approved,"MB20,","NPL3,",MGC26312,Xq21.32,NM_004538,,,,,,,,,,,,
NAP1L4P2,nucleosome,assembly,protein,1,like,4,pseudogene,2,Approved,Xq22.3,,,,,,,,,,,,,,
NAP1L6P,nucleosome,assembly,protein,1,like,"6,",pseudogene,Approved,NAP1L6,"FLJ33596,",lncNAP1L6,Xq13.2,AK090915,NR_027291,,,,,,,,,,
NBDY,negative,regulator,of,P-body,association,Approved,LINC01420,NoBody,Xp11.21,BC048131,NM_001348129,,,,,,,,,,,,,
NCBP2L,nuclear,cap,binding,protein,subunit,2,like,Approved,Xq22.3,NM_001348372,,,,,,,,,,,,,,
NCKAP1P1,NCKAP1,pseudogene,1,Approved,Xq21.33,NG_033245,,,,,,,,,,,,,,,,,,
NCLP2,nucleolin,pseudogene,2,Approved,bA85L21.1,Xq26.3,NG_016573,,,,,,,,,,,,,,,,,
NCRNA00055,non-protein,coding,RNA,55,Entry,Withdrawn,CXYorf9,OTTHUMG00000021054,Xp22.33,and,Yp11.32,,,,,,,,,,,,,
NCRNA00056,non-protein,coding,RNA,56,Entry,Withdrawn,CXorf47,OTTHUMG00000021958,Xq21.31,,,,,,,,,,,,,,,
NCRNA00091,non-protein,coding,RNA,91,Entry,Withdrawn,CXYorf7,"OTTHUMG00000021062,",ENSESTG00000011457,Xp22.33,and,Yp11.31,,,,,,,,,,,,
NCRNA00103,symbol,"withdrawn,",see,[HGNC:7083](/data/gene-symbol-report/#!/hgnc_id/HGNC:7083),Symbol,Withdrawn,CXYorf12,Xp22.33,and,Yp11.31,,,,,,,,,,,,,,
NCRNA00104,non-protein,coding,RNA,104,Entry,Withdrawn,CXYorf6,Xp22.33,and,Yp11.31,,,,,,,,,,,,,,
NCRNA00185,symbol,"withdrawn,",see,[HGNC:18495](/data/gene-symbol-report/#!/hgnc_id/HGNC:18495),Symbol,Withdrawn,CYorf14,PRO2834,Yq11.222,,,,,,,,,,,,,,,
NCRNA00270,non-protein,coding,RNA,270,Entry,Withdrawn,Yq11.23,,,,,,,,,,,,,,,,,
NCRNA00270B,non-protein,coding,RNA,270B,Entry,Withdrawn,Yq11.223,,,,,,,,,,,,,,,,,
NDP,norrin,cystine,knot,growth,factor,NDP,Approved,EVR2,norrin,Xp11.3,X65882,NM_000266,,,,,,,,,,,,
NDP-AS1,NDP,antisense,RNA,1,Approved,Xp11.3,,,,,,,,,,,,,,,,,,
NDUFA1,NADH:ubiquinone,oxidoreductase,subunit,A1,Approved,"MWFE,",CI-MWFE,Xq24,NM_004541,,,,,,,,,,,,,,,
NDUFA5P7,NADH:ubiquinone,oxidoreductase,subunit,A5,pseudogene,7,Approved,Xq21.2,,,,,,,,,,,,,,,,
NDUFB3P5,NADH:ubiquinone,oxidoreductase,subunit,B3,pseudogene,5,Approved,Xq27.2,NG_000958,,,,,,,,,,,,,,,
NDUFB5P2,NADH:ubiquinone,oxidoreductase,subunit,B5,pseudogene,2,Approved,Xq21.33,NG_026737,,,,,,,,,,,,,,,
NDUFB11,NADH:ubiquinone,oxidoreductase,subunit,B11,Approved,"ESSS,","NP17.3,",Np15,Xp11.3,AF044213,NM_019056,,,,,,,,,,,,,
NEFLP1,neurofilament,light,pseudogene,1,Approved,Yq11.223,NG_002813,,,,,,,,,,,,,,,,,
NEXMIF,neurite,extension,and,migration,factor,Approved,KIAA2022,"XPN,","MRX98,",KIDLIA,Xq13.3,NM_001008537,,,,,,,,,,,,
NFYCP1,NFYC,pseudogene,1,Approved,Xp21.1,NG_022655,,,,,,,,,,,,,,,,,,
NHS,NHS,actin,remodeling,regulator,Approved,Xp22.2-p22.13,NM_198270,,,,,,,,,,,,,,,,,
NHS-AS1,NHS,antisense,RNA,1,Approved,Xp22.13,,,,,,,,,,,,,,,,,,
NHSL2,NHS,like,2,Approved,Xq13.1,NM_001013627,,,,,,,,,,,,,,,,,,
NICN2P,nicolin,"2,",pseudogene,Approved,Xp11.3,NG_005534,,,,,,,,,,,,,,,,,,
NKAP,NFKB,activating,protein,Approved,FLJ22626,Xq24,BC012770,NM_024528,,,,,,,,,,,,,,,,
NKAPP1,NFKB,activating,protein,pseudogene,1,Approved,CXorf42,FLJ36576,Xq24,AK093895,NR_027131,,,,,,,,,,,,,
NKRF,NFKB,repressing,factor,Approved,"ITBA4,",NRF,Xq24,AJ011812,NM_017544,,,,,,,,,,,,,,,
NLGN3,neuroligin,3,Approved,"HNL3,","KIAA1480,","ASPGX1,",AUTSX1,Xq13.1,AB040913,NM_018977,,,,,,,,,,,,,,
NLGN4X,neuroligin,4,X-linked,Approved,NLGN4,"KIAA1260,","NLGN,",HLNX,Xp22.32-p22.31,AB033086,NM_020742,,,,,,,,,,,,,
NLGN4Y,neuroligin,4,Y-linked,Approved,KIAA0951,Yq11.221,NM_014893,,,,,,,,,,,,,,,,,
NLGN4Y-AS1,NLGN4Y,antisense,RNA,1,Approved,"NLGN4YAS,",NLGN4Y-AS,Yq11.221,,,,,,,,,,,,,,,,
NLRP2B,NLR,family,pyrin,domain,containing,2B,Approved,NLRP2P,"NOD24,","NALP2P,","CLRX.1,",POP4,Xp11.21,BK001116,NM_001319967,,,,,,,,,
NLRP3P1,NLR,family,pyrin,domain,containing,3,pseudogene,1,Approved,NLRP3P,NOD13,Xq22.3,BK001115,NG_002753,,,,,,,,,,
NLRP7P1,NLRP7,pseudogene,1,Approved,Xq26.2,NG_02676,,,,,,,,,,,,,,,,,,
NMTRL-TAA4-1,nuclear-encoded,mitochondrial,tRNA-Leu,(TAA),4-Jan,Approved,TRNAL37,nmt-tRNA-Leu-TAA-4-1,Xp11.21,HG984165,,,,,,,,,,,,,,
NMTRQ-TTG1-1,nuclear-encoded,mitochondrial,tRNA-Gln,(TTG),1-Jan,Approved,TRNAQ40P,nmt-tRNA-Gln-TTG-1-1,Xp11.21,HG984147,,,,,,,,,,,,,,
NMTRQ-TTG8-1,nuclear-encoded,mitochondrial,tRNA-Gln,(TTG),8-Jan,Approved,TRNAQ35P,nmt-tRNA-Gln-TTG-8-1,Yp11.2,HG984154,,,,,,,,,,,,,,
NOLC1P1,NOLC1,pseudogene,1,Approved,Xp22.31,NG_022581,,,,,,,,,,,,,,,,,,
NONO,non-POU,domain,containing,octamer,binding,Approved,"NRB54,","NMT55,","P54NRB,","P54,",PPP1R114,Xq13.1,L14599,NM_007363,,,,,,,,,,
NOX1,NADPH,oxidase,1,Approved,"NOH1,","NOH-1,","MOX1,","GP91-2,",NOH-1L,Xq22.1,AF127763,NM_007052,,,,,,,,,,,,
NPCDR1,nasopharyngeal,"carcinoma,",down-regulated,1,Entry,Withdrawn,NPCR,3p14.2,not,on,reference,assembly,,,,,,,,,,,,
NPHL1,symbol,"withdrawn,",see,[HGNC:2023](/data/gene-symbol-report/#!/hgnc_id/HGNC:2023),Symbol,Withdrawn,XRN,Xp11.4-p11.3,,,,,,,,,,,,,,,,
NPM1P8,nucleophosmin,1,pseudogene,8,Approved,Xp21.1,,,,,,,,,,,,,,,,,,
NPM1P9,nucleophosmin,1,pseudogene,9,Approved,Xp22.2,AF164687,,,,,,,,,,,,,,,,,
NPM1P34,nucleophosmin,1,pseudogene,34,Approved,Xq25,NG_022699,,,,,,,,,,,,,,,,,
NPM1P49,nucleophosmin,1,pseudogene,49,Approved,Xp11.3,NG_026690,,,,,,,,,,,,,,,,,
NR0B1,nuclear,receptor,subfamily,0,group,B,member,1,Approved,"AHC,",DSS,"DAX1,",AHCH,Xp21.2,S74720,NM_000475,,,,,,,,
NRK,Nik,related,kinase,Approved,DKFZp686A17109,Xq22.3,BX538345,NM_198465,,,,,,,,,,,,,,,,
NSA2P3,NSA2,pseudogene,3,Approved,Xq22.1,NG_022683,,,,,,,,,,,,,,,,,,
NSDHL,NAD(P),dependent,steroid,dehydrogenase-like,Approved,"XAP104,","H105e3,",SDR31E1,Xq28,X96621,NM_015922,,,,,,,,,,,,,
NSX,symbol,"withdrawn,",see,[HGNC:9173](/data/gene-symbol-report/#!/hgnc_id/HGNC:9173),Symbol,Withdrawn,X,,,,,,,,,,,,,,,,,
NT5DC1P1,NT5DC1,pseudogene,1,Approved,Xq21.32,NG_022624,,,,,,,,,,,,,,,,,,
NT5DC1P2,NT5DC1,pseudogene,2,Approved,Xq26.2,NG_022705,,,,,,,,,,,,,,,,,,
NUDT10,nudix,hydrolase,10,Approved,"DIPP3a,",hDIPP3alpha,Xp11.22,AF469196,NM_153183,,,,,,,,,,,,,,,
NUDT11,nudix,hydrolase,11,Approved,"DIPP3b,","FLJ10628,",hDIPP3beta,Xp11.22,AK001490,,,,,,,,,,,,,,,
NUDT19P1,NUDT19,pseudogene,1,Approved,Xq24,,,,,,,,,,,,,,,,,,,
NUDT19P2,NUDT19,pseudogene,2,Approved,Xq22.1,,,,,,,,,,,,,,,,,,,
NUDT19P6,NUDT19,pseudogene,6,Approved,Xq24,,,,,,,,,,,,,,,,,,,
NUP62CL,nucleoporin,62,C-terminal,like,Approved,FLJ20130,Xq22.3,AK000137,NM_017681,,,,,,,,,,,,,,,
NUS1P1,NUS1,pseudogene,1,Approved,Xp11.3,,,,,,,,,,,,,,,,,,,
NUTF2P7,nuclear,transport,factor,2,pseudogene,7,Approved,Xq13.1,,,,,,,,,,,,,,,,
NXF2,nuclear,RNA,export,factor,2,Approved,"CT39,",TAPL-2,Xq22.1,AJ277526,NM_017809,,,,,,,,,,,,,
NXF2B,nuclear,RNA,export,factor,2B,Approved,bA353J17.1,Xq22.1,,,,,,,,,,,,,,,,
NXF3,nuclear,RNA,export,factor,3,Approved,Xq22.1,AJ277527,NM_022052,,,,,,,,,,,,,,,
NXF4,nuclear,RNA,export,factor,4,pseudogene,Approved,Xq22.1,AK124700,,,,,,,,,,,,,,,
NXF5,nuclear,RNA,export,factor,5,Approved,Xq22.1,AJ277654,,,,,,,,,,,,,,,,
NXT2,nuclear,transport,factor,2,like,export,factor,2,Approved,P15-2,Xq23,AF246127,NM_018698,,,,,,,,,,,
NXTAR,negative,expression,of,androgen,receptor,regulating,lncRNA,Approved,Xq12,,,,,,,,,,,,,,,
NYX,nyctalopin,Approved,"CSNB1,",CSNB4,"CLRP,",CSNB1A,Xp11.4,AF254868,NM_022567,,,,,,,,,,,,,,,
OA1,symbol,"withdrawn,",see,[HGNC:20145](/data/gene-symbol-report/#!/hgnc_id/HGNC:20145),Symbol,Withdrawn,Xp22.3,,,,,,,,,,,,,,,,,
OASD,ocular,albinism,and,sensorineural,deafness,Entry,Withdrawn,Xp22.3-p22.2,,,,,,,,,,,,,,,,
OCRL,OCRL,inositol,polyphosphate-5-phosphatase,Approved,"OCRL1,",Dent-2,Xq26.1,U57627,NM_000276,,,,,,,,,,,,,,,
ODT1,symbol,"withdrawn,",see,[HGNC:3157](/data/gene-symbol-report/#!/hgnc_id/HGNC:3157),Symbol,Withdrawn,X,,,,,,,,,,,,,,,,,
OED,Oregon,eye,disease,Entry,Withdrawn,Xp21.3,,,,,,,,,,,,,,,,,,
OFD1,OFD1,centriole,and,centriolar,satellite,protein,Approved,"CXorf5,",RP23,"71-7A,",JBTS10,Xp22.2,Y15164,NM_003611,,,,,,,,,,
OFD1P1Y,OFD1,pseudogene,1,Y-linked,Approved,"OFDYP1,",OFD1P1,Yq11.222,NG_003114,,,,,,,,,,,,,,,
OFD1P2Y,OFD1,pseudogene,2,Y-linked,Approved,"OFDYP2,","OFD1P2,",OFD1PY2,Yq11.222,NG_003115,,,,,,,,,,,,,,
OFD1P3Y,OFD1,pseudogene,3,Y-linked,Approved,"OFDYP3,","OFD1P3,","OFD1PY3,","OFD1P19Y,","OFD1P19,",OFD1PY19,Yp11.2,NG_003116,,,,,,,,,,,
OFD1P4Y,OFD1,pseudogene,4,Y-linked,Approved,"OFDYP4,","OFD1P4,",OFD1PY4,Yq11.222,NG_003117,,,,,,,,,,,,,,
OFD1P5Y,OFD1,pseudogene,5,Y-linked,Approved,"OFDYP5,","OFD1P5,",OFD1PY5,Yq11.222,NG_003118,,,,,,,,,,,,,,
OFD1P6Y,OFD1,pseudogene,6,Y-linked,Approved,"OFD1P2,","OFDYP6,","OFD1P6,",OFD1PY6,Yq11.222,NG_003119,,,,,,,,,,,,,
OFD1P7Y,OFD1,pseudogene,7,Y-linked,Approved,"OFDYP7,","OFD1P7,",OFD1PY7,Yq11.222,NG_003120,,,,,,,,,,,,,,
OFD1P8Y,OFD1,pseudogene,8,Y-linked,Approved,"OFDYP8,","OFD1P8,",OFD1PY8,Yq11.223,NG_003121,,,,,,,,,,,,,,
OFD1P9Y,OFD1,pseudogene,9,Y-linked,Approved,"OFDYP9,","OFD1P9,",OFD1PY9,Yq11.223,NG_003122,,,,,,,,,,,,,,
OFD1P10Y,OFD1,pseudogene,10,Y-linked,Approved,"OFDYP10,","OFD1P10,",OFD1PY10,Yq11.223,NG_003123,,,,,,,,,,,,,,
OFD1P11Y,OFD1,pseudogene,11,Y-linked,Approved,"OFDYP11,","OFD1P11,",OFD1PY11,Yq11.223,NG_003125,,,,,,,,,,,,,,
OFD1P12Y,OFD1,pseudogene,12,Y-linked,Approved,"OFDYP12,","OFD1P12,",OFD1PY12,Yq11.23,NG_003126,,,,,,,,,,,,,,
OFD1P13Y,OFD1,pseudogene,13,Y-linked,Approved,"OFDYP13,","OFD1P13,",OFD1PY13,Yq11.23,NG_003127,,,,,,,,,,,,,,
OFD1P14Y,OFD1,pseudogene,14,Y-linked,Approved,"OFDYP14,","OFD1P14,",OFD1PY14,Yq11.23,NG_003128,,,,,,,,,,,,,,
OFD1P15Y,OFD1,pseudogene,15,Y-linked,Approved,"OFDYP15,","OFD1P15,",OFD1PY15,Yq11.23,NG_003129,,,,,,,,,,,,,,
OFD1P16Y,OFD1,pseudogene,16,Y-linked,Approved,"OFDYP16,","OFD1P16,",OFD1PY16,Yq11.223,XM_498415,,,,,,,,,,,,,,
OFD1P18Y,OFD1,pseudogene,18,Y-linked,Approved,"CYorf1,","OFD1P18,",OFD1PY18,71-7A2,Yq11.23,L18173,NG_009011,,,,,,,,,,,,
OFD1P19Y,symbol,"withdrawn,",see,[HGNC:23875](/data/gene-symbol-report/#!/hgnc_id/HGNC:23875),Symbol,Withdrawn,"OFD1P19,",OFD1PY19,Yp11.2,,,,,,,,,,,,,,,
OGT,O-linked,N-acetylglucosamine,(GlcNAc),transferase,Approved,"O-GLCNAC,","HRNT1,","MGC22921,","FLJ23071,",OGT1,Xq13.1,U77413,"NM_003605,",NM_181672,,,,,,,,,,
OOEPP1,OOEP,pseudogene,1,Approved,Xp11.4,,,,,,,,,,,,,,,,,,,
OPA2,optic,atrophy,2,(obscure),Entry,Withdrawn,Xp11.4-p11.2,,,,,,,,,,,,,,,,,
OPD1,symbol,"withdrawn,",see,[HGNC:3754](/data/gene-symbol-report/#!/hgnc_id/HGNC:3754),Symbol,Withdrawn,OPD,Xq26-q28,,,,,,,,,,,,,,,,
OPEM,"ophthalmoplegia,","external,",with,myopia,Entry,Withdrawn,X,,,,,,,,,,,,,,,,,
OPHN1,oligophrenin,1,Approved,MRX60,"OPN1,",ARHGAP41,Xq12,AJ001189,NM_002547,,,,,,,,,,,,,,,
OPN1LW,opsin,"1,",long,wave,sensitive,Approved,"CBBM,","RCP,",CBP,COD5,Xq28,Z68193,NM_020061,,,,,,,,,,,
OPN1MW,opsin,"1,",medium,wave,sensitive,Approved,"GCP,","CBBM,",CBD,"OPN1MW1,",COD5,Xq28,K03494,NM_000513,,,,,,,,,,
OPN1MW2,opsin,"1,",medium,wave,sensitive,2,Approved,Xq28,NM_001048181,,,,,,,,,,,,,,,
OPN1MW3,opsin,"1,",medium,wave,sensitive,3,Approved,Xq28,,,,,,,,,,,,,,,,
OR1AA1P,olfactory,receptor,family,1,subfamily,AA,member,1,pseudogene,Approved,Xq26.2,,,,,,,,,,,,,
OR2AF1P,olfactory,receptor,family,2,subfamily,AF,member,1,pseudogene,Approved,OR2AF2P,Xq26.2,,,,,,,,,,,,
OR2AF2P,symbol,"withdrawn,",see,[HGNC:14719](/data/gene-symbol-report/#!/hgnc_id/HGNC:14719),Symbol,Withdrawn,X,,,,,,,,,,,,,,,,,
OR3B1P,olfactory,receptor,family,3,subfamily,B,member,1,pseudogene,Approved,Xq28,AF277315,,,,,,,,,,,,
OR4W1P,olfactory,receptor,family,4,subfamily,W,member,1,pseudogene,Approved,Xq25,Z69908,,,,,,,,,,,,
OR5AW1P,olfactory,receptor,family,5,subfamily,AW,member,1,pseudogene,Approved,Xq26.2,,,,,,,,,,,,,
OR5BH1P,olfactory,receptor,family,5,subfamily,BH,member,1,pseudogene,Approved,OR5BH2P,Xq26.2,,,,,,,,,,,,
OR7L1P,olfactory,receptor,family,7,subfamily,L,member,1,pseudogene,Approved,Xq26.2,,,,,,,,,,,,,
OR11N1P,olfactory,receptor,family,11,subfamily,N,member,1,pseudogene,Approved,Xq26.2,NG_004381,,,,,,,,,,,,
OR11Q1P,olfactory,receptor,family,11,subfamily,Q,member,1,pseudogene,Approved,Xq26.1,,,,,,,,,,,,,
OR13H1,olfactory,receptor,family,13,subfamily,H,member,1,Approved,Xq26.2,,,,,,,,,,,,,,
OR13K1P,olfactory,receptor,family,13,subfamily,K,member,1,pseudogene,Approved,Xq26.2,,,,,,,,,,,,,
ORC1P1,ORC1,pseudogene,1,Approved,Xp21.3,NG_002790,,,,,,,,,,,,,,,,,,
OTC,ornithine,transcarbamylase,Approved,"OTCase,","OTCD,",OTC1,Xp11.4,K02100,,,,,,,,,,,,,,,,
OTUD5,OTU,deubiquitinase,5,Approved,"DKFZp761A052,",DUBA,Xp11.23,NM_017602,,,,,,,,,,,,,,,,
OTUD6A,OTU,deubiquitinase,6A,Approved,"FLJ25831,","HSHIN6,",DUBA2,Xq13.1,AK098697,NM_207320,,,,,,,,,,,,,,
P2RY4,pyrimidinergic,receptor,P2Y4,Approved,"NRU,","P2Y4,","UNR,",P2P,Xq13.1,X91852,NM_002565,,,,,,,,,,,,,
P2RY8,P2Y,receptor,family,member,8,Approved,P2Y8,Xp22.33,and,Yp11.3,AA804531,NM_178129,,,,,,,,,,,,
P2RY10,P2Y,receptor,family,member,10,Approved,"P2Y10,",LPS2,Xq21.1,AF000545,,,,,,,,,,,,,,
P2RY10BP,P2Y,receptor,family,member,"10B,",pseudogene,Approved,P2RY10P2,Xq21.1,NG_004704,,,,,,,,,,,,,,
P2RY10P1,P2Y,receptor,family,member,10,pseudogene,1,Entry,Withdrawn,"GPR121P,",P2Y10P1,Xq21.1,,,,,,,,,,,,
PA2G4P1,proliferation-associated,2G4,pseudogene,1,Approved,PA2G4P,Xq24,NG_005879,,,,,,,,,,,,,,,,
PABIR2,PABIR,family,member,2,Approved,FAM122B,"DKFZp686L20116,",RP11-308B5.5,Xq26.3,BX538218,NM_145284,,,,,,,,,,,,,
PABIR3,PABIR,family,member,3,Approved,FAM122C,RP3-473B4.1,Xq26.3,BC017868,NM_138819,,,,,,,,,,,,,,
PABPC1L2A,poly(A),binding,protein,cytoplasmic,1,like,2A,Approved,RBM32A,Xq13.2,BC041956,NM_001012977,,,,,,,,,,,,
PABPC1L2B,poly(A),binding,protein,cytoplasmic,1,like,2B,Approved,RBM32B,Xq13.2,NM_001042506,,,,,,,,,,,,,
PABPC1L2B-AS1,PABPC1L2B,antisense,RNA,1,(head,to,head),Approved,Xq13.1-q13.2,,,,,,,,,,,,,,,
PABPC1P3,poly(A),binding,protein,cytoplasmic,1,pseudogene,3,Approved,PABPCP3,PABP3,Xq13.2,U64661,NG_001266,,,,,,,,,,,
PABPC1P5,poly(A),binding,protein,cytoplasmic,1,pseudogene,5,Approved,Yq11.21,,,,,,,,,,,,,,,
PABPC5,poly(A),binding,protein,cytoplasmic,5,Approved,PABP5,Xq21.31,AJ278963,NM_080832,,,,,,,,,,,,,,
PABPC5-AS1,PABPC5,antisense,RNA,1,Approved,CXorf46,OTTHUMG00000021960,Xq21.31,,,,,,,,,,,,,,,,
PABPN1P1,PABPN1,pseudogene,1,Approved,Xq13.1,NG_026717,,,,,,,,,,,,,,,,,,
PABX,pseudoautosomal,boundary,"region,",X-linked,Approved,Xp22.32,,,,,,,,,,,,,,,,,,
PABY,pseudoautosomal,boundary,"region,",Y-linked,Approved,Yp11.3,,,,,,,,,,,,,,,,,,
PAFAH1B2P1,PAFAH1B2,pseudogene,1,Approved,Xp21.3,NG_006977,,,,,,,,,,,,,,,,,,
PAGE1,PAGE,family,member,1,Approved,GAGEB1,"PAGE-1,","GAGE-9,",CT16.3,Xp11.23,AF058989,,,,,,,,,,,,,
PAGE2,PAGE,family,member,2,Approved,GAGEC2,"MGC62094,","PAGE-2,",CT16.4,Xp11.21,BC054022,NM_207339,,,,,,,,,,,,
PAGE2B,PAGE,family,member,2B,Approved,CT16.5,Xp11.21,NM_001015038,,,,,,,,,,,,,,,,
PAGE3,PAGE,family,member,3,Approved,GAGED1,"PAGE-3,",CT16.6,Xp11.21,NM_001171252,,,,,,,,,,,,,,
PAGE4,PAGE,family,member,4,Approved,GAGEC1,"PAGE-4,",CT16.7,Xp11.23,AF275258,,,,,,,,,,,,,,
PAGE5,PAGE,family,member,5,Approved,"PAGE-5,","CT16.1,",CT16.2,Xp11.21,AJ344352,NM_130467,,,,,,,,,,,,,
PAICSP7,phosphoribosylaminoimidazole,"carboxylase,",phosphoribosylaminoimidazole,succinocarboxamide,synthetase,pseudogene,7,Approved,Xq21.33,NG_005830,,,,,,,,,,,,,,
PAK3,p21,(RAC1),activated,kinase,3,Approved,"MRX30,",MRX47,"hPAK3,",bPAK,Xq23,AF068864,NM_002578,,,,,,,,,,,
PARD6BP1,PARD6B,pseudogene,1,Approved,Xq25,NG_026759,,,,,,,,,,,,,,,,,,
PARK12,Parkinson,disease,12,(susceptibility),Entry,Withdrawn,Xq21-q25,,,,,,,,,,,,,,,,,
PARP4P1,poly(ADP-ribose),polymerase,family,member,4,pseudogene,1,Approved,"ADPRTL1P,",PARP4P,PARP4PY1,Yq11.23-q12,NG_002802,,,,,,,,,,,
PASD1,PAS,domain,containing,repressor,1,Approved,CT63,Xq28,AY270020,NM_173493,,,,,,,,,,,,,,
PBDC1,polysaccharide,biosynthesis,domain,containing,1,Approved,CXorf26,MGC874,Xq13.3,BC001220,NM_016500,,,,,,,,,,,,,
PCDH11X,protocadherin,11,X-linked,Approved,PCDH11,"PCDH-X,","PCDHX,",PPP1R119,Xq21.31,AB026187,NM_032969,,,,,,,,,,,,,
PCDH11Y,protocadherin,11,Y-linked,Approved,PCDH22,PCDHY,Yp11.2,AF332217,NM_032973,,,,,,,,,,,,,,,
PCDH19,protocadherin,19,Approved,EFMR,"KIAA1313,",EIEE9,Xq22.1,AB037734,NM_020766,,,,,,,,,,,,,,,
PCMTD1P1,protein-L-isoaspartate,(D-aspartate),O-methyltransferase,domain,containing,1,pseudogene,1,Approved,Yp11.2,,,,,,,,,,,,,,
PCNAP,proliferating,cell,nuclear,antigen,pseudogene,Entry,Withdrawn,Xp11.3,,,,,,,,,,,,,,,,
PCNAP3,proliferating,cell,nuclear,antigen,pseudogene,3,Approved,Xp11.3,NG_022595,,,,,,,,,,,,,,,
PCNPP4,PEST,containing,nuclear,protein,pseudogene,4,Approved,Xq13.3,,,,,,,,,,,,,,,,
PCSK1N,proprotein,convertase,subtilisin/kexin,type,1,inhibitor,Approved,"SAAS,","SgVIII,","SCG8,","proSAAS,","PEN,",BigLEN,Xp11.23,AF181562,NM_013271,,,,,,,,
PCYT1B,phosphate,cytidylyltransferase,"1B,",choline,Approved,"CCT-beta,","CTB,",CCTbeta,Xp22.11,AF052510,NM_004845,,,,,,,,,,,,,
PCYT1B-AS1,PCYT1B,antisense,RNA,1,Approved,Xp22.11,,,,,,,,,,,,,,,,,,
PDCL2P1,PDCL2,pseudogene,1,Approved,Xp22.11,,,,,,,,,,,,,,,,,,,
PDHA1,pyruvate,dehydrogenase,E1,subunit,alpha,1,Approved,PDHA,E1alpha,Xp22.12,,,,,,,,,,,,,,
PDK1P2,PDK1,pseudogene,2,Approved,Xq21.1,NG_022677,,,,,,,,,,,,,,,,,,
PDK3,pyruvate,dehydrogenase,kinase,3,Approved,Xp22.11,L42452,NM_005391,,,,,,,,,,,,,,,,
PDR,pigment,"disorder,",reticulate,Entry,Withdrawn,Xp22-p21,,,,,,,,,,,,,,,,,,
PDSS1P2,decaprenyl,diphosphate,synthase,subunit,1,pseudogene,2,Approved,2p21,not,on,reference,assembly,,,,,,,,,,,
PDZD4,PDZ,domain,containing,4,Approved,PDZK4,"KIAA1444,","LU1,","FLJ34125,","PDZRN4L,",LNX5,Xq28,AK091444,NM_032512,,,,,,,,,,
PDZD11,PDZ,domain,containing,11,Approved,PDZK11,Xq13.1,AF151061,NM_016484,,,,,,,,,,,,,,,
PFKFB1,"6-phosphofructo-2-kinase/fructose-2,6-biphosphatase",1,Approved,PFRX,Xp11.21,,,,,,,,,,,,,,,,,,,
PFN5P,profilin,"5,",pseudogene,Approved,Xq11.2,,,,,,,,,,,,,,,,,,,
PGAM1P7,phosphoglycerate,mutase,1,pseudogene,7,Approved,Xp11.3,,,,,,,,,,,,,,,,,
PGAM4,phosphoglycerate,mutase,family,member,4,Approved,"dJ1000K24.1,","PGAM3,","PGAM-B,",PGAM1,Xq21.1,AF465731,NM_001029891,,,,,,,,,,,
PGAM4P1,phosphoglycerate,mutase,family,member,4,pseudogene,1,Approved,Xp11.22,,,,,,,,,,,,,,,
PGBD4P6,piggyBac,transposable,element,derived,4,pseudogene,6,Approved,Xq27.3,,,,,,,,,,,,,,,
PGK1,phosphoglycerate,kinase,1,Approved,Xq21.1,L00159,,,,,,,,,,,,,,,,,,
PGK1P1,phosphoglycerate,kinase,1,pseudogene,1,Approved,Xq12,X56251,NG_001170,,,,,,,,,,,,,,,
PGM5P1,phosphoglucomutase,5,pseudogene,1,Approved,9q12,not,on,reference,assembly,,,,,,,,,,,,,,
PGRMC1,progesterone,receptor,membrane,component,1,Approved,HPR6.6,Xq24,NM_006667,,,,,,,,,,,,,,,
PHB1P10,PHB1,pseudogene,10,Approved,PHBP10,Xq22.3,,,,,,,,,,,,,,,,,,
PHEX,phosphate,regulating,endopeptidase,X-linked,Approved,"HYP,",HPDR,"PEX,","HPDR1,","HYP1,",XLH,Xp22.11,U82970,NM_000444,,,,,,,,,,
PHEX-AS1,PHEX,antisense,RNA,1,Approved,Xp22.11,,,,,,,,,,,,,,,,,,
PHF5AP4,PHF5A,pseudogene,4,Approved,PHF5FP,Xq23,NG_005424,,,,,,,,,,,,,,,,,
PHF6,PHD,finger,protein,6,Approved,"BFLS,",BORJ,"KIAA1823,","MGC14797,",CENP-31,Xq26.2,AB058726,NM_032458,,,,,,,,,,,
PHF8,PHD,finger,protein,8,Approved,"ZNF422,","KIAA1111,","JHDM1F,",KDM7B,Xp11.22,AB029034,NM_015107,,,,,,,,,,,,
PHF10P1,PHD,finger,protein,10,pseudogene,1,Approved,XAP135P,Xq28,AF338734,NG_001314,,,,,,,,,,,,,
PHKA1,phosphorylase,kinase,regulatory,subunit,alpha,1,Approved,PHKA,Xq13.1,,,,,,,,,,,,,,,
PHKA1-AS1,PHKA1,antisense,RNA,1,Approved,Xq13.1,,,,,,,,,,,,,,,,,,
PHKA2,phosphorylase,kinase,regulatory,subunit,alpha,2,Approved,"PHK,",PYK,Xp22.13,NM_000292,,,,,,,,,,,,,
PHKA2-AS1,PHKA2,antisense,RNA,1,Approved,Xp22.13,BC073810,NR_029379,,,,,,,,,,,,,,,,
PHP,symbol,"withdrawn,",see,[HGNC:11199](/data/gene-symbol-report/#!/hgnc_id/HGNC:11199),Symbol,Withdrawn,PHP,X,,,,,,,,,,,,,,,,
PIGA,phosphatidylinositol,glycan,anchor,biosynthesis,class,A,Approved,"GPI3,",PIG-A,Xp22.2,BC038236,NM_002641,,,,,,,,,,,,
PIGFP3,phosphatidylinositol,glycan,anchor,biosynthesis,class,F,pseudogene,3,Approved,Xp21.2,NG_022588,,,,,,,,,,,,,
PIM2,Pim-2,"proto-oncogene,",serine/threonine,kinase,Approved,Xp11.23,U77735,,,,,,,,,,,,,,,,,
PIN4,peptidylprolyl,cis/trans,"isomerase,",NIMA-interacting,4,Approved,"PAR14,","PAR17,",EPVH,Xq13.1,AB009690,NM_006223,,,,,,,,,,,,
PINCR,p53-induced,noncoding,RNA,Approved,RP3-326I13.1,Xp11.3,NR_110387,,,,,,,,,,,,,,,,,
PIR,pirin,Approved,Xp22.2,Y07868,NM_003662,,,,,,,,,,,,,,,,,,,
PIRC113,piwi-interacting,RNA,cluster,113,Approved,X,,,,,,,,,,,,,,,,,,
PIRC114,piwi-interacting,RNA,cluster,114,Approved,X,,,,,,,,,,,,,,,,,,
PJA1,praja,ring,finger,ubiquitin,ligase,1,Approved,"FLJ11830,","RNF70,",PRAJA1,Xq13.1,AK021892,NM_145119,,,,,,,,,,,
PKMP2,pyruvate,kinase,M1/2,pseudogene,2,Approved,Xq12,,,,,,,,,,,,,,,,,
PLAC1,placenta,enriched,1,Approved,"CT92,","OOSP2L,",OOSP2B,Xq26.3,AF234654,NM_021796,,,,,,,,,,,,,,
PLCE1P1,phospholipase,C,epsilon,1,pseudogene,1,Approved,Xp21.2,,,,,,,,,,,,,,,,
PLCXD1,phosphatidylinositol,specific,phospholipase,C,X,domain,containing,1,Approved,FLJ11323,Xp22.33,and,Yp11.32,AK002185,NM_018390,,,,,,,,,
PLLPP1,PLLP,pseudogene,1,Approved,Xp11.3,NG_001542,,,,,,,,,,,,,,,,,,
PLP1,proteolipid,protein,1,Approved,"SPG2,",PLP,GPM6C,Xq22.2,M27110,,,,,,,,,,,,,,,
PLP2,proteolipid,protein,2,Approved,"A4,","A4-LSB,",MGC126187,Xp11.23,L09604,NM_002668,,,,,,,,,,,,,,
PLS3,plastin,3,Approved,T-plastin,Xq23,L05491,,,,,,,,,,,,,,,,,,
PLS3-AS1,PLS3,antisense,RNA,1,Approved,Xq23,,,,,,,,,,,,,,,,,,
PLXNA3,plexin,A3,Approved,PLXN4,"SEX,","XAP-6,","6.3,",Plxn3,Xq28,X74609,NM_017514,,,,,,,,,,,,,
PLXNB3,plexin,B3,Approved,PLXN6,"PLEXR,",PLEXB3,Xq28,AF149019,,,,,,,,,,,,,,,,
PLXNB3-AS1,PLXNB3,antisense,RNA,1,Approved,Xq28,,,,,,,,,,,,,,,,,,
PNCK,pregnancy,up-regulated,nonubiquitous,CaM,kinase,Approved,"MGC45419,",CaMK1b,Xq28,BC033746,NM_198452,,,,,,,,,,,,,
PNKDP1,PNKD,pseudogene,1,Approved,Xq26.2,,,,,,,,,,,,,,,,,,,
PNMA3,PNMA,family,member,3,Approved,"MA5,","MA3,","MGC132756,",MGC132758,Xq28,AF083116,NM_013364,,,,,,,,,,,,
PNMA5,PNMA,family,member,5,Approved,KIAA1934,Xq28,AB067521,NM_052926,,,,,,,,,,,,,,,
PNMA6A,PNMA,family,member,6A,Approved,PNMA6C,MGC15827,Xq28,AK055322,NM_032882,,,,,,,,,,,,,,
PNMA6B,PNMA,family,member,6B,(pseudogene),Approved,PNMA6D,Xq28,NG_033733,,,,,,,,,,,,,,,
PNMA6C,symbol,"withdrawn,",see,[HGNC:28248](/data/gene-symbol-report/#!/hgnc_id/HGNC:28248),Symbol,Withdrawn,Xq28,,,,,,,,,,,,,,,,,
PNMA6D,symbol,"withdrawn,",see,[HGNC:26681](/data/gene-symbol-report/#!/hgnc_id/HGNC:26681),Symbol,Withdrawn,Xq28,,,,,,,,,,,,,,,,,
PNMA6E,PNMA,family,member,6E,Approved,Xq28,,,,,,,,,,,,,,,,,,
PNMA6F,PNMA,family,member,6F,Approved,PNMA6BL,Xq28,,,,,,,,,,,,,,,,,
PNPLA4,patatin,like,phospholipase,domain,containing,4,Approved,"DXS1283E,","GS2,",iPLA2eta,Xp22.31,U03886,NM_004650,,,,,,,,,,,
PNPLA4P1,patatin,like,phospholipase,domain,containing,4,pseudogene,1,Approved,Yq11.221,NG_024801,,,,,,,,,,,,,
PNPLA10P,patatin,like,phospholipase,domain,containing,10,pseudogene,Approved,Xq25,XM_927062,,,,,,,,,,,,,,
POF1,symbol,"withdrawn,",see,[HGNC:3775](/data/gene-symbol-report/#!/hgnc_id/HGNC:3775),Symbol,Withdrawn,"POF,",POF1,Xq21.3-q27,,,,,,,,,,,,,,,
POF1B,POF1B,actin,binding,protein,Approved,"POF,",FLJ22792,Xq21.1,BC017500,NM_024921,,,,,,,,,,,,,,
POLA1,DNA,polymerase,alpha,"1,",catalytic,subunit,Approved,"POLA,",NSX,p180,Xp22.11-p21.3,NM_016937,,,,,,,,,,,,
POMPP1,POMP,pseudogene,1,Approved,Xq21.1,,,,,,,,,,,,,,,,,,,
PORCN,porcupine,O-acyltransferase,Approved,DHOF,"MG61,","PORC,","PPN,",por,Xp11.23,AF317058,NM_022825,,,,,,,,,,,,,
PORCN-DT,PORCN,divergent,transcript,Approved,Xp11.23,NR_135596,,,,,,,,,,,,,,,,,,
POU3F4,POU,class,3,homeobox,4,Approved,DFN3,"BRN4,","OTF9,",DFNX2,Xq21.1,X82324,NM_000307,,,,,,,,,,,
PPATP2,phosphoribosyl,pyrophosphate,amidotransferase,pseudogene,2,Approved,Xq21.1,,,,,,,,,,,,,,,,,
PPEF1,protein,phosphatase,with,EF-hand,domain,1,Approved,PPEF,PPP7CA,Xp22.13,BC036026,NM_006240,,,,,,,,,,,,
PPEF1-AS1,PPEF1,antisense,RNA,1,Approved,Xp22.13,,,,,,,,,,,,,,,,,,
PPIAP89,peptidylprolyl,isomerase,A,pseudogene,89,Approved,Xq22.1,,,,,,,,,,,,,,,,,
PPIAP90,peptidylprolyl,isomerase,A,pseudogene,90,Approved,Xq22.1,,,,,,,,,,,,,,,,,
PPIAP91,peptidylprolyl,isomerase,A,pseudogene,91,Approved,Xq28,,,,,,,,,,,,,,,,,
PPIHP2,peptidylprolyl,isomerase,H,pseudogene,2,Approved,Xq23,AY425815,,,,,,,,,,,,,,,,
PPP1R2C,PPP1R2C,family,member,C,Approved,PPP1R2P9,I-4,Xp11.3,AB044137,,,,,,,,,,,,,,,
PPP1R3F,protein,phosphatase,1,regulatory,subunit,3F,Approved,Hb2E,Xp11.23,NM_033215,,,,,,,,,,,,,,
PPP1R11P2,protein,phosphatase,1,regulatory,inhibitor,subunit,11,pseudogene,2,Approved,Xp11.21,NG_009575,,,,,,,,,,,,
PPP1R12BP1,protein,phosphatase,1,regulatory,subunit,12B,pseudogene,1,Approved,PPP1R12BP,PPP1R12BPY1,Yq11.23,,,,,,,,,,,,
PPP1R12BP2,protein,phosphatase,1,regulatory,subunit,12B,pseudogene,2,Approved,Yq11.223,NG_002939,,,,,,,,,,,,,
PPP2R3B,protein,phosphatase,2,regulatory,subunit,B''beta,Approved,PPP2R3L,"PPP2R3LY,","PR48,",PR70,Xp22.3,and,Yp11.3,AF215840,NM_013239,,,,,,,,
PPP4R3C,protein,phosphatase,4,regulatory,subunit,3C,Approved,"SMEK3P,",PPP4R3CP,"FLJ32867,","FLFL3P,",smk1,Xp21.3,NM_207319,,,,,,,,,,
PPP6CP,protein,phosphatase,6,catalytic,subunit,pseudogene,Approved,Xq22.3,,,,,,,,,,,,,,,,
PQBP1,polyglutamine,binding,protein,1,Approved,"RENS1,","MRXS8,","SHS,","MRX55,","MRX2,",MRXS3,Xp11.23,AJ005893,NM_001032381.1,,,,,,,,,,
PRAF2,PRA1,domain,family,member,2,Approved,"JM4,",Yip6a,Xp11.23,BC021213,NM_007213,,,,,,,,,,,,,
PRAMEF3,PRAME,family,member,3,Entry,Withdrawn,1p36.21,not,on,reference,assembly,,,,,,,,,,,,,
PRD,primary,retinal,dysplasia,Entry,Withdrawn,Xp11.3,,,,,,,,,,,,,,,,,,
PRDX4,peroxiredoxin,4,Approved,AOE37-2,Xp22.11,U25182,NM_006406,,,,,,,,,,,,,,,,,
PRICKLE3,prickle,planar,cell,polarity,protein,3,Approved,LMO6,Xp11.23,BC016856,NM_006150,,,,,,,,,,,,,
PRKCIP1,PRKCI,pseudogene,1,Approved,Xq22.1,NG_001563,,,,,,,,,,,,,,,,,,
PRKX,protein,kinase,cAMP-dependent,X-linked,catalytic,subunit,Approved,PKX1,Xp22.33,NM_005044,,,,,,,,,,,,,,
PRKX-AS1,PRKX,antisense,RNA,1,Approved,Xp22.33,,,,,,,,,,,,,,,,,,
PRKXP2,PRKX,pseudogene,2,Approved,Xq13.1,,,,,,,,,,,,,,,,,,,
PRKY,protein,kinase,Y-linked,(pseudogene),Approved,"PRKYP,",PRKXP3,Yp11.2,,,,,,,,,,,,,,,,
PRORY,PRORY,Y-linked,lncRNA,Approved,CYorf17,Yq11.223,AK026367,,,,,,,,,,,,,,,,,
PRPF4BP1,PRPF4B,pseudogene,1,Approved,Xq23,NG_023298,,,,,,,,,,,,,,,,,,
PRPS1,phosphoribosyl,pyrophosphate,synthetase,1,Approved,DFN2,"CMTX5,","DFNX1,","PRS-I,",PPRibP,Xq22.3,X15331,,,,,,,,,,,,
PRPS2,phosphoribosyl,pyrophosphate,synthetase,2,Approved,Xp22.2,Y00971,NM_002765,,,,,,,,,,,,,,,,
PRR32,proline,rich,32,Approved,CXorf64,Xq25,NM_001122716,,,,,,,,,,,,,,,,,
PRRC2CP1,proline,rich,coiled-coil,2C,pseudogene,1,Approved,BAT2L2P1,BAT2D1P1,Yp11.2,NG_002936,,,,,,,,,,,,,
PRRG1,proline,rich,and,Gla,domain,1,Approved,PRGP1,Xp21.1,AF009242,NM_000950,,,,,,,,,,,,,
PRRG3,proline,rich,and,Gla,domain,3,Approved,TMG3,Xq28,AK074574,NM_024082,,,,,,,,,,,,,
PRS,Prieto,X-linked,mental,retardation,syndrome,Entry,Withdrawn,MRXS2,Xp21-p11,,,,,,,,,,,,,,,
PRTS,symbol,"withdrawn,",see,[HGNC:18060](/data/gene-symbol-report/#!/hgnc_id/HGNC:18060),Symbol,Withdrawn,MRXS1,Xpter-p21,,,,,,,,,,,,,,,,
PRXL2CP1,PRXL2C,pseudogene,1,Approved,Xq11.2,NG_022606,,,,,,,,,,,,,,,,,,
PRY,PTPN13,like,Y-linked,Approved,"PTPN13LY,",PRY1,Yq11.223,AF000988,NM_004676,,,,,,,,,,,,,,,
PRY2,PTPN13,like,Y-linked,2,Approved,PTPN13LY2,Yq11.223,NM_001002758,,,,,,,,,,,,,,,,
PRYP1,PTPN13,like,Y-linked,pseudogene,1,Approved,"PRYP7,",PRY4P,Yq11.222,NG_004636,,,,,,,,,,,,,,
PRYP2,PTPN13,like,Y-linked,pseudogene,2,Approved,Yq11.222,NG_004636,,,,,,,,,,,,,,,,
PRYP3,PTPN13,like,Y-linked,pseudogene,3,Approved,Yq11.223,,,,,,,,,,,,,,,,,
PRYP4,PTPN13,like,Y-linked,pseudogene,4,Approved,Yq11.23,NG_004755,,,,,,,,,,,,,,,,
PRYP5,PTPN13,like,Y-linked,pseudogene,5,Approved,Yq11.222,,,,,,,,,,,,,,,,,
PRYP6,PTPN13,like,Y-linked,pseudogene,6,Approved,Yq11.222,,,,,,,,,,,,,,,,,
PRYP7,symbol,"withdrawn,",see,[HGNC:34018](/data/gene-symbol-report/#!/hgnc_id/HGNC:34018),Symbol,Withdrawn,PRY4P,Yq11.222,,,,,,,,,,,,,,,,
PSIP1P2,PSIP1,pseudogene,2,Approved,Yq11,NG_002938,,,,,,,,,,,,,,,,,,
PSMA1P1,PSMA1,pseudogene,1,Approved,Xq21.1,NG_026855,,,,,,,,,,,,,,,,,,
PSMA5P1,PSMA5,pseudogene,1,Approved,Xp11.21,,,,,,,,,,,,,,,,,,,
PSMA6P1,proteasome,subunit,alpha,6,pseudogene,1,Approved,PSMA6P,"PSMA6-LIKE,",PSMA6Y,Yq11.221,AC010877,NG_002321,,,,,,,,,,,
PSMA6P2,proteasome,subunit,alpha,6,pseudogene,2,Approved,Xp22.2,NG_023174,,,,,,,,,,,,,,,
PSMD10,proteasome,26S,"subunit,",non-ATPase,10,Approved,p28,Xq22.3,AB009619,NM_170750,,,,,,,,,,,,,,
PTCHD1,patched,domain,containing,1,Approved,FLJ30296,Xp22.11,AK054858,NM_173495,,,,,,,,,,,,,,,
PTCHD1-AS,PTCHD1,antisense,RNA,(head,to,head),Approved,"PTCHD1AS1,","PTCHD1AS2,",DDX53-AS1,Xp22.11,"DA355362,",BX115199,NR_073010,,,,,,,,,,
PTMAP14,prothymosin,alpha,pseudogene,14,Approved,Xp22.2,NG_061479,,,,,,,,,,,,,,,,,
PTP4A1P5,PTP4A1,pseudogene,5,Approved,Xp21.3,,,,,,,,,,,,,,,,,,,
PUDP,pseudouridine,5'-phosphatase,Approved,"FAM16AX,","HDHD1A,",HDHD1,"DXF68S1E,",GS1,Xp22.31,M86934,NM_012080,,,,,,,,,,,,,
PUDPP1,pseudouridine,5'-phosphatase,pseudogene,1,Approved,"FAM16AY,","HDHD1BP,",HDHD1P1,Yq11.221,NG_002612,,,,,,,,,,,,,,
PWWP3B,PWWP,domain,containing,3B,Approved,MUM1L1,FLJ33516,Xq22.3,AK090835,NM_152423,,,,,,,,,,,,,,
PWWP4,PWWP,domain,containing,4,Approved,Xq28,,,,,,,,,,,,,,,,,,
PYY3,peptide,YY,3,(pseudogene),Approved,OTTHUMG00000021515,Xp11.22,,,,,,,,,,,,,,,,,
QTRT1P1,queuine,tRNA-ribosyltransferase,catalytic,subunit,1,pseudogene,1,Approved,Xq23,NG_026873,,,,,,,,,,,,,,
RAB9A,"RAB9A,",member,RAS,oncogene,family,Approved,RAB9,Xp22.2,U44103,NM_004251,,,,,,,,,,,,,,
RAB9AP1,"RAB9A,",member,RAS,oncogene,family,pseudogene,1,Approved,Yq11.223,,,,,,,,,,,,,,,
RAB9AP2,"RAB9A,",member,RAS,oncogene,family,pseudogene,2,Approved,Yq11.23,,,,,,,,,,,,,,,
RAB9AP3,"RAB9A,",member,RAS,oncogene,family,pseudogene,3,Approved,Yq11.23,,,,,,,,,,,,,,,
RAB9AP4,"RAB9A,",member,RAS,oncogene,family,pseudogene,4,Approved,Yq11.222,,,,,,,,,,,,,,,
RAB9AP5,"RAB9A,",member,RAS,oncogene,family,pseudogene,5,Approved,Yq11.23,,,,,,,,,,,,,,,
RAB9B,"RAB9B,",member,RAS,oncogene,family,Approved,RAB9L,Xq22.2,AB036693,,,,,,,,,,,,,,,
RAB11FIP1P1,RAB11,family,interacting,protein,1,pseudogene,1,Approved,Xq13.2,,,,,,,,,,,,,,,
RAB28P5,"RAB28,",member,RAS,oncogene,family,pseudogene,5,Approved,Xq26.3,NG_023397,,,,,,,,,,,,,,
RAB33A,"RAB33A,",member,RAS,oncogene,family,Approved,RabS10,Xq26.1,D14889,NM_004794,,,,,,,,,,,,,,
RAB39B,"RAB39B,",member,RAS,oncogene,family,Approved,"MRX72,",WSN,Xq28,AY052478,NM_171998,,,,,,,,,,,,,
RAB40A,"RAB40A,",member,RAS,oncogene,family,Approved,"RAR2A,",Rar-2,Xq22.2,AF132748,,,,,,,,,,,,,,
RAB40AL,RAB40A,like,Approved,"RAR2,",RLGP,Xq22.1,BC101169,NM_001031834,,,,,,,,,,,,,,,,
RAB41,"RAB41,",member,RAS,oncogene,family,Approved,Xq13.1,NM_001032726,,,,,,,,,,,,,,,,
RAC1P4,Rac,family,small,GTPase,1,pseudogene,4,Approved,RAC4,Psi4Rac1,Xq26.3,XM_210062,,,,,,,,,,,,
RAD21P1,RAD21,pseudogene,1,Approved,Xq22.1,NG_022682,,,,,,,,,,,,,,,,,,
RADX,RPA1,related,single,stranded,DNA,binding,"protein,",X-linked,Approved,CXorf57,"FLJ14191,",FLJ10178,Xq22.3,AK024253,NM_018015,,,,,,,,,
RAI2,retinoic,acid,induced,2,Approved,Xp22.13,Z93242,NM_021785,,,,,,,,,,,,,,,,
RANBP1P1,RANBP1,pseudogene,1,Approved,Xp21.3,NG_027557,,,,,,,,,,,,,,,,,,
RANP4,RAN,pseudogene,4,Approved,Xq26.3,,,,,,,,,,,,,,,,,,,
RAP2C,"RAP2C,",member,of,RAS,oncogene,family,Approved,DKFZp313B211,Xq26.2,BC051467,NM_021183,,,,,,,,,,,,,
RAP2C-AS1,RAP2C,antisense,RNA,1,Approved,Xq26.2,,,,,,,,,,,,,,,,,,
RARRES2P3,retinoic,acid,receptor,responder,2,pseudogene,3,Approved,Xp22.12,,,,,,,,,,,,,,,
RBBP7,RB,binding,protein,"7,",chromatin,remodeling,factor,Approved,RbAp46,Xp22.2,U35143,NM_002893,,,,,,,,,,,,
RBBP8P1,RBBP8,pseudogene,1,Approved,Xq24,,,,,,,,,,,,,,,,,,,
RBM3,RNA,binding,motif,protein,3,Approved,IS1-RNPL,Xp11.23,BC006825,NM_006743,,,,,,,,,,,,,,
RBM10,RNA,binding,motif,protein,10,Approved,"DXS8237E,","KIAA0122,","GPATC9,","ZRANB5,","GPATCH9,",S1-1,Xp11.3,U35373,NM_005676,,,,,,,,,
RBM22P6,RNA,binding,motif,protein,22,pseudogene,6,Approved,RBM22P10,Xp11.22,,,,,,,,,,,,,,
RBM22P7,RNA,binding,motif,protein,22,pseudogene,7,Approved,RBM22P9,Xp11.22,,,,,,,,,,,,,,
RBM22P8,symbol,"withdrawn,",see,[HGNC:39704](/data/gene-symbol-report/#!/hgnc_id/HGNC:39704),Symbol,Withdrawn,Xp11.22,,,,,,,,,,,,,,,,,
RBM22P9,symbol,"withdrawn,",see,[HGNC:39700](/data/gene-symbol-report/#!/hgnc_id/HGNC:39700),Symbol,Withdrawn,Xp11.22,,,,,,,,,,,,,,,,,
RBM22P10,symbol,"withdrawn,",see,[HGNC:39699](/data/gene-symbol-report/#!/hgnc_id/HGNC:39699),Symbol,Withdrawn,Xp11.22,,,,,,,,,,,,,,,,,
RBM22P11,RNA,binding,motif,protein,22,pseudogene,11,Approved,RBM22P8,Xp11.22,,,,,,,,,,,,,,
RBM39P1,RBM39,pseudogene,1,Approved,Xp11.3,NG_022658,,,,,,,,,,,,,,,,,,
RBM41,RNA,binding,motif,protein,41,Approved,FLJ11016,Xq22.3,BC006986,NM_018301,,,,,,,,,,,,,,
RBMX,RNA,binding,motif,protein,X-linked,Approved,"RNMX,","hnRNP-G,",HNRNPG,Xq26.3,NM_002139,,,,,,,,,,,,,
RBMX2,RNA,binding,motif,protein,X-linked,2,Approved,"CGI-79,",Snu17,Xq26.1,AF078865,NM_016024,,,,,,,,,,,,
RBMX2P2,RBMX2,pseudogene,2,Approved,Xq27.2,,,,,,,,,,,,,,,,,,,
RBMXL3,RBMX,like,3,Approved,CXorf55,FLJ40249,Xq23,AK097568,NM_001145346,,,,,,,,,,,,,,,
RBMXP5,RBMX,pseudogene,5,Approved,Xq12,NG_022607,,,,,,,,,,,,,,,,,,
RBMY1A1,RNA,binding,motif,protein,Y-linked,family,1,member,A1,Approved,"RBM1,",RBM2,"YRRM1,",YRRM2,Yq11.223,NM_005058,,,,,,,,
RBMY1A2,RNA,binding,motif,"protein,","Y-linked,",family,"1,",member,A2,Entry,Withdrawn,Yq11.23,,,,,,,,,,,,
RBMY1A3P,RNA,binding,motif,protein,Y-linked,family,1,member,"A3,",pseudogene,Approved,Yp11.2,,,,,,,,,,,,
RBMY1B,RNA,binding,motif,protein,Y-linked,family,1,member,B,Approved,Yq11.223,NM_001006121,,,,,,,,,,,,
RBMY1C,RNA,binding,motif,protein,Y-linked,family,1,member,C,Approved,Yq11.23,not,on,reference,assembly,,,,,,,,,
RBMY1D,RNA,binding,motif,protein,Y-linked,family,1,member,D,Approved,Yq11.223,NM_001006120,,,,,,,,,,,,
RBMY1E,RNA,binding,motif,protein,Y-linked,family,1,member,E,Approved,Yq11.223,NM_001006118,,,,,,,,,,,,
RBMY1F,RNA,binding,motif,protein,Y-linked,family,1,member,F,Approved,MGC33094,Yq11.223,BC030018,NM_152585,,,,,,,,,,
RBMY1GP,RNA,binding,motif,protein,Y-linked,family,1,member,"G,",pseudogene,Approved,RBMY1G,Yp11.2,,,,,,,,,,,
RBMY1HP,RNA,binding,motif,protein,Y-linked,family,1,member,"H,",pseudogene,Approved,RBMY1H,Yq11.223,NG_004832,,,,,,,,,,
RBMY1J,RNA,binding,motif,protein,Y-linked,family,1,member,J,Approved,Yq11.223,NM_001006117,,,,,,,,,,,,
RBMY1KP,RNA,binding,motif,protein,Y-linked,family,1,member,"K,",pseudogene,Approved,RBMY1K,Yq11.223,,,,,,,,,,,
RBMY2AP,RNA,binding,motif,protein,Y-linked,family,2,member,"A,",pseudogene,Approved,RBMY2A,Yq11.223,NG_003064,,,,,,,,,,
RBMY2BP,RNA,binding,motif,protein,Y-linked,family,2,member,"B,",pseudogene,Approved,RBMY2B,Yq11.223,NG_004755,,,,,,,,,,
RBMY2CP,RNA,binding,motif,protein,Y-linked,family,2,member,"C,",pseudogene,Approved,Yq11.223,NG_003042,,,,,,,,,,,
RBMY2DP,RNA,binding,motif,protein,Y-linked,family,2,member,"D,",pseudogene,Approved,Yq11.23,NG_003043,,,,,,,,,,,
RBMY2EP,RNA,binding,motif,protein,Y-linked,family,2,member,"E,",pseudogene,Approved,Yq11.223,U94388,NR_001574,,,,,,,,,,
RBMY2FP,RNA,binding,motif,protein,Y-linked,family,2,member,"F,",pseudogene,Approved,MGC26641,Yq11.223,U94387,,,,,,,,,,
RBMY2GP,RNA,binding,motif,protein,Y-linked,family,2,member,"G,",pseudogene,Approved,Yp11.2,NG_003081,,,,,,,,,,,
RBMY2HP,RNA,binding,motif,protein,Y-linked,family,2,member,"H,",pseudogene,Approved,Yp11.2,NG_003082,,,,,,,,,,,
RBMY2JP,RNA,binding,motif,protein,Y-linked,family,2,member,"J,",pseudogene,Approved,Yp11.2,NG_003083,,,,,,,,,,,
RBMY2KP,RNA,binding,motif,protein,Y-linked,family,2,member,"K,",pseudogene,Approved,Yp11.2,NG_003074,,,,,,,,,,,
RBMY2MP,RNA,binding,motif,protein,Y-linked,family,2,member,"M,",pseudogene,Approved,Yp11.2,NG_003075,,,,,,,,,,,
RBMY2NP,RNA,binding,motif,protein,Y-linked,family,2,member,"N,",pseudogene,Approved,Yp11.2,NG_003084,,,,,,,,,,,
RBMY2OP,RNA,binding,motif,protein,Y-linked,family,2,member,"O,",pseudogene,Approved,Yp11.2,NG_003085,,,,,,,,,,,
RBMY2QP,RNA,binding,motif,protein,Y-linked,family,2,member,"Q,",pseudogene,Approved,Yp11.2,NG_003086,,,,,,,,,,,
RBMY2SP,RNA,binding,motif,protein,Y-linked,family,2,member,"S,",pseudogene,Approved,Yq11.223,NG_003087,,,,,,,,,,,
RBMY2TP,RNA,binding,motif,protein,Y-linked,family,2,member,"T,",pseudogene,Approved,Yq11.223,NG_003088,,,,,,,,,,,
RBMY2UP,RNA,binding,motif,protein,Y-linked,family,2,member,"U,",pseudogene,Approved,Yq11.223,NG_003089,,,,,,,,,,,
RBMY2VP,RNA,binding,motif,protein,Y-linked,family,2,member,"V,",pseudogene,Approved,Yq11.223,NG_003090,,,,,,,,,,,
RBMY2WP,RNA,binding,motif,protein,Y-linked,family,2,member,"W,",pseudogene,Approved,Yq11.223,NG_003091,,,,,,,,,,,
RBMY2XP,RNA,binding,motif,protein,Y-linked,family,2,member,"X,",pseudogene,Approved,Yq11.23,NG_003092,,,,,,,,,,,
RBMY2YP,RNA,binding,motif,protein,Y-linked,family,2,member,"Y,",pseudogene,Approved,Yq11.23,NG_003070,,,,,,,,,,,
RBMY3AP,RNA,binding,motif,protein,Y-linked,family,3,member,"A,",pseudogene,Approved,"SPATA14,","RBMY4P,",RBMY3P,Yp11.2,U94386,NR_001573,,,,,,,
RCC2P1,regulator,of,chromosome,condensation,2,pseudogene,1,Approved,Yq11.21,,,,,,,,,,,,,,,
RCC2P2,regulator,of,chromosome,condensation,2,pseudogene,2,Approved,Yq11.223,,,,,,,,,,,,,,,
RDXP2,radixin,pseudogene,2,Approved,Xp21.3,NG_000867,,,,,,,,,,,,,,,,,,
RDXP3,RDX,pseudogene,3,Approved,Xp21.3,NG_022650,,,,,,,,,,,,,,,,,,
RENBP,renin,binding,protein,Approved,"RNBP,",RBP,Xq28,NM_002910,,,,,,,,,,,,,,,,
RENS1,symbol,"withdrawn,",see,[HGNC:9330](/data/gene-symbol-report/#!/hgnc_id/HGNC:9330),Symbol,Withdrawn,MRXS8,Xpter-qter,,,,,,,,,,,,,,,,
RENS2,Renpenning,syndrome,2,Entry,Withdrawn,MRXS9,Xq12-q21.31,,,,,,,,,,,,,,,,,
REPS2,RALBP1,associated,Eps,domain,containing,2,Approved,POB1,Xp22.2,AF010233,NM_004726,,,,,,,,,,,,,
REREP1Y,arginine-glutamic,acid,dipeptide,repeats,pseudogene,1,Y-linked,Approved,Yq11.223,,,,,,,,,,,,,,,
REREP2Y,arginine-glutamic,acid,dipeptide,repeats,pseudogene,2,Y-linked,Approved,Yq11.23,,,,,,,,,,,,,,,
RFTN1P1,"raftlin,",lipid,raft,linker,1,pseudogene,1,Approved,Yp11.2,NG_002933,,,,,,,,,,,,,,
RGN,regucalcin,Approved,"SMP30,",RC,Xp11.3,D31815,NM_004683,,,,,,,,,,,,,,,,,
RHOG2P,RHOG,family,member,"2,",pseudogene,Approved,Xq13.1,,,,,,,,,,,,,,,,,
RHOXF1,Rhox,homeobox,family,member,1,Approved,"OTEX,",PEPP1,Xq24,NM_139282,,,,,,,,,,,,,,
RHOXF1-AS1,RHOXF1,antisense,RNA,1,Approved,Xq24,AK123976,,,,,,,,,,,,,,,,,
RHOXF1P1,Rhox,homeobox,family,member,1,pseudogene,1,Approved,TCONS_00017086,Xq24,BX331476,,,,,,,,,,,,,
RHOXF1P2,Rhox,homeobox,family,member,1,pseudogene,2,Approved,Xq24,,,,,,,,,,,,,,,
RHOXF1P3,Rhox,homeobox,family,member,1,pseudogene,3,Approved,Xq24,,,,,,,,,,,,,,,
RHOXF2,Rhox,homeobox,family,member,2,Approved,"THG1,","PEPP-2,","PEPP2,",CT107,Xq24,NM_032498,,,,,,,,,,,,
RHOXF2B,Rhox,homeobox,family,member,2B,Approved,Xq24,NM_001099685,,,,,,,,,,,,,,,,
RIBC1,RIB43A,domain,with,coiled-coils,1,Approved,FLJ32783,Xp11.22,AK057345,NM_144968,,,,,,,,,,,,,,
RIPPLY1,ripply,transcriptional,repressor,1,Approved,Xq22.3,,,,,,,,,,,,,,,,,,
RLIM,ring,finger,"protein,",LIM,domain,interacting,Approved,RNF12,"NY-REN-43,",MGC15161,Xq13.2,AF155109,NM_016120,,,,,,,,,,,
RN7SKP20,RN7SK,pseudogene,20,Approved,Xp22.2,,,,,,,,,,,,,,,,,,,
RN7SKP31,RN7SK,pseudogene,31,Approved,Xq26.3,,,,,,,,,,,,,,,,,,,
RN7SKP81,RN7SK,pseudogene,81,Approved,Xq27.3,,,,,,,,,,,,,,,,,,,
RN7SKP138,symbol,"withdrawn,",see,[HGNC:45910](/data/gene-symbol-report/#!/hgnc_id/HGNC:45910),Symbol,Withdrawn,HSCHR6_MHC_COXp21.33,,,,,,,,,,,,,,,,,
RN7SKP149,RN7SK,pseudogene,149,Approved,Xq27.3,,,,,,,,,,,,,,,,,,,
RN7SKP183,RN7SK,pseudogene,183,Approved,Xp22.12,,,,,,,,,,,,,,,,,,,
RN7SKP189,RN7SK,pseudogene,189,Approved,Xq27.3,,,,,,,,,,,,,,,,,,,
RN7SKP194,RN7SK,pseudogene,194,Approved,Xq21.33,,,,,,,,,,,,,,,,,,,
RN7SKP267,RN7SK,pseudogene,267,Approved,Xq28,,,,,,,,,,,,,,,,,,,
RN7SKP282,RN7SK,pseudogene,282,Approved,Yp11.2,,,,,,,,,,,,,,,,,,,
RN7SKP290,RN7SK,pseudogene,290,Approved,Xp22.2,,,,,,,,,,,,,,,,,,,
RN7SL15P,"RNA,","7SL,",cytoplasmic,"15,",pseudogene,Approved,Xp11.4,,,,,,,,,,,,,,,,,
RN7SL29P,"RNA,","7SL,",cytoplasmic,"29,",pseudogene,Entry,Withdrawn,Xq25,,,,,,,,,,,,,,,,
RN7SL48P,"RNA,","7SL,",cytoplasmic,"48,",pseudogene,Approved,Xp22.13,,,,,,,,,,,,,,,,,
RN7SL74P,"RNA,","7SL,",cytoplasmic,"74,",pseudogene,Approved,Xq21.33,,,,,,,,,,,,,,,,,
RN7SL91P,"RNA,","7SL,",cytoplasmic,"91,",pseudogene,Approved,Xp21.3,,,,,,,,,,,,,,,,,
RN7SL93P,"RNA,","7SL,",cytoplasmic,"93,",pseudogene,Approved,Xq23,,,,,,,,,,,,,,,,,
RN7SL118P,"RNA,","7SL,",cytoplasmic,"118,",pseudogene,Approved,Xq24,,,,,,,,,,,,,,,,,
RN7SL139P,"RNA,","7SL,",cytoplasmic,"139,",pseudogene,Entry,Withdrawn,Xp11.23,,,,,,,,,,,,,,,,
RN7SL144P,"RNA,","7SL,",cytoplasmic,"144,",pseudogene,Approved,Xp11.4,,,,,,,,,,,,,,,,,
RN7SL190P,"RNA,","7SL,",cytoplasmic,"190,",pseudogene,Approved,Xq28,,,,,,,,,,,,,,,,,
RN7SL191P,"RNA,","7SL,",cytoplasmic,"191,",pseudogene,Approved,Xq26.1,,,,,,,,,,,,,,,,,
RN7SL257P,symbol,"withdrawn,",see,[HGNC:46487](/data/gene-symbol-report/#!/hgnc_id/HGNC:46487),Symbol,Withdrawn,HSCHR6_MHC_COXp22.1,,,,,,,,,,,,,,,,,
RN7SL262P,"RNA,","7SL,",cytoplasmic,"262,",pseudogene,Approved,Xp11.23,,,,,,,,,,,,,,,,,
RN7SL264P,"RNA,","7SL,",cytoplasmic,"264,",pseudogene,Entry,Withdrawn,Xq13.1,,,,,,,,,,,,,,,,
RN7SL266P,"RNA,","7SL,",cytoplasmic,"266,",pseudogene,Approved,Xq23,,,,,,,,,,,,,,,,,
RN7SL291P,"RNA,","7SL,",cytoplasmic,"291,",pseudogene,Approved,Xp11.3,,,,,,,,,,,,,,,,,
RN7SL325P,"RNA,","7SL,",cytoplasmic,"325,",pseudogene,Approved,Xq26.3,,,,,,,,,,,,,,,,,
RN7SL355P,"RNA,","7SL,",cytoplasmic,"355,",pseudogene,Entry,Withdrawn,Xp22.33,,,,,,,,,,,,,,,,
RN7SL379P,"RNA,","7SL,",cytoplasmic,"379,",pseudogene,Approved,Xq21.33,,,,,,,,,,,,,,,,,
RN7SL388P,"RNA,","7SL,",cytoplasmic,"388,",pseudogene,Approved,Xq13.1,,,,,,,,,,,,,,,,,
RN7SL406P,"RNA,","7SL,",cytoplasmic,"406,",pseudogene,Entry,Withdrawn,Xp11.4,,,,,,,,,,,,,,,,
RN7SL436P,"RNA,","7SL,",cytoplasmic,"436,",pseudogene,Entry,Withdrawn,Xp22.11,,,,,,,,,,,,,,,,
RN7SL460P,"RNA,","7SL,",cytoplasmic,"460,",pseudogene,Approved,Xq21.1,,,,,,,,,,,,,,,,,
RN7SL578P,"RNA,","7SL,",cytoplasmic,"578,",pseudogene,Approved,Xp22.33,,,,,,,,,,,,,,,,,
RN7SL579P,symbol,"withdrawn,",see,[HGNC:46369](/data/gene-symbol-report/#!/hgnc_id/HGNC:46369),Symbol,Withdrawn,HSCHR6_MHC_COXp21.33,,,,,,,,,,,,,,,,,
RN7SL581P,"RNA,","7SL,",cytoplasmic,"581,",pseudogene,Approved,Xq13.1,,,,,,,,,,,,,,,,,
RN7SL641P,"RNA,","7SL,",cytoplasmic,"641,",pseudogene,Entry,Withdrawn,Xq13.2,,,,,,,,,,,,,,,,
RN7SL648P,"RNA,","7SL,",cytoplasmic,"648,",pseudogene,Approved,Xq13.2,,,,,,,,,,,,,,,,,
RN7SL658P,"RNA,","7SL,",cytoplasmic,"658,",pseudogene,Approved,Xp22.2,,,,,,,,,,,,,,,,,
RN7SL661P,"RNA,","7SL,",cytoplasmic,"661,",pseudogene,Entry,Withdrawn,Xq23,,,,,,,,,,,,,,,,
RN7SL667P,"RNA,","7SL,",cytoplasmic,"667,",pseudogene,Approved,Xq28,,,,,,,,,,,,,,,,,
RN7SL687P,"RNA,","7SL,",cytoplasmic,"687,",pseudogene,Approved,Xq28,,,,,,,,,,,,,,,,,
RN7SL697P,"RNA,","7SL,",cytoplasmic,"697,",pseudogene,Approved,Xq28,,,,,,,,,,,,,,,,,
RN7SL702P,"RNA,","7SL,",cytoplasmic,"702,",pseudogene,Approved,Yq11.21,,,,,,,,,,,,,,,,,
RN7SL712P,"RNA,","7SL,",cytoplasmic,"712,",pseudogene,Approved,Xq23,,,,,,,,,,,,,,,,,
RN7SL725P,"RNA,","7SL,",cytoplasmic,"725,",pseudogene,Approved,Yq11.23,,,,,,,,,,,,,,,,,
RN7SL727P,"RNA,","7SL,",cytoplasmic,"727,",pseudogene,Approved,Xq27.1,,,,,,,,,,,,,,,,,
RN7SL732P,"RNA,","7SL,",cytoplasmic,"732,",pseudogene,Approved,Xp11.4,,,,,,,,,,,,,,,,,
RN7SL742P,"RNA,","7SL,",cytoplasmic,"742,",pseudogene,Entry,Withdrawn,Xq28,,,,,,,,,,,,,,,,
RN7SL746P,"RNA,","7SL,",cytoplasmic,"746,",pseudogene,Entry,Withdrawn,Xq13.1,,,,,,,,,,,,,,,,
RN7SL785P,"RNA,","7SL,",cytoplasmic,"785,",pseudogene,Approved,Xp11.23,,,,,,,,,,,,,,,,,
RN7SL790P,"RNA,","7SL,",cytoplasmic,"790,",pseudogene,Approved,Xq13.2,,,,,,,,,,,,,,,,,
RN7SL799P,"RNA,","7SL,",cytoplasmic,"799,",pseudogene,Approved,Xq11.2,,,,,,,,,,,,,,,,,
RN7SL818P,"RNA,","7SL,",cytoplasmic,"818,",pseudogene,Approved,Yq11.23,,,,,,,,,,,,,,,,,
RN7SL858P,"RNA,","7SL,",cytoplasmic,"858,",pseudogene,Entry,Withdrawn,Xq26.2,,,,,,,,,,,,,,,,
RNA5-8S1,"RNA,",5.8S,ribosomal,1,Approved,13p12,not,on,reference,assembly,,,,,,,,,,,,,,
RNA5-8S2,"RNA,",5.8S,ribosomal,2,Approved,14p12,not,on,reference,assembly,,,,,,,,,,,,,,
RNA5-8S3,"RNA,",5.8S,ribosomal,3,Approved,15p12,not,on,reference,assembly,,,,,,,,,,,,,,
RNA5-8S4,"RNA,",5.8S,ribosomal,4,Approved,21p12,not,on,reference,assembly,,,,,,,,,,,,,,
RNA5-8S5,"RNA,",5.8S,ribosomal,5,Approved,RN5-8S1,22p12,not,on,reference,assembly,,,,,,,,,,,,,
RNA5-8SP6,"RNA,",5.8S,ribosomal,pseudogene,6,Approved,RN5-8S6,Yp11.2,,,,,,,,,,,,,,,,
RNA5SP498,"RNA,",5S,ribosomal,pseudogene,498,Approved,RN5S498,Xp22.33,,,,,,,,,,,,,,,,
RNA5SP499,"RNA,",5S,ribosomal,pseudogene,499,Approved,RN5S499,Xp22.31,,,,,,,,,,,,,,,,
RNA5SP500,"RNA,",5S,ribosomal,pseudogene,500,Approved,RN5S500,Xp21.3,,,,,,,,,,,,,,,,
RNA5SP501,"RNA,",5S,ribosomal,pseudogene,501,Approved,RN5S501,Xp21.1,,,,,,,,,,,,,,,,
RNA5SP502,"RNA,",5S,ribosomal,pseudogene,502,Approved,RN5S502,Xp11.4,,,,,,,,,,,,,,,,
RNA5SP503,"RNA,",5S,ribosomal,pseudogene,503,Approved,RN5S503,Xp11.23,,,,,,,,,,,,,,,,
RNA5SP504,"RNA,",5S,ribosomal,pseudogene,504,Approved,RN5S504,Xp11.22,,,,,,,,,,,,,,,,
RNA5SP505,"RNA,",5S,ribosomal,pseudogene,505,Approved,RN5S505,Xp11.22,,,,,,,,,,,,,,,,
RNA5SP506,"RNA,",5S,ribosomal,pseudogene,506,Approved,RN5S506,Xq13.1,,,,,,,,,,,,,,,,
RNA5SP507,"RNA,",5S,ribosomal,pseudogene,507,Approved,RN5S507,Xq13.1,,,,,,,,,,,,,,,,
RNA5SP508,"RNA,",5S,ribosomal,pseudogene,508,Approved,RN5S508,Xq13.3,,,,,,,,,,,,,,,,
RNA5SP509,"RNA,",5S,ribosomal,pseudogene,509,Approved,RN5S509,Xq21.1,,,,,,,,,,,,,,,,
RNA5SP510,"RNA,",5S,ribosomal,pseudogene,510,Approved,RN5S510,Xq21.33,,,,,,,,,,,,,,,,
RNA5SP511,"RNA,",5S,ribosomal,pseudogene,511,Approved,RN5S511,Xq22.2,,,,,,,,,,,,,,,,
RNA5SP512,"RNA,",5S,ribosomal,pseudogene,512,Approved,RN5S512,Xq23,,,,,,,,,,,,,,,,
RNA5SP513,"RNA,",5S,ribosomal,pseudogene,513,Approved,RN5S513,Xq25,,,,,,,,,,,,,,,,
RNA5SP514,"RNA,",5S,ribosomal,pseudogene,514,Approved,RN5S514,Xq26.2,,,,,,,,,,,,,,,,
RNA5SP515,"RNA,",5S,ribosomal,pseudogene,515,Approved,RN5S515,Xq26.3,,,,,,,,,,,,,,,,
RNA5SP516,"RNA,",5S,ribosomal,pseudogene,516,Approved,RN5S516,Xq27.2,,,,,,,,,,,,,,,,
RNA5SP517,"RNA,",5S,ribosomal,pseudogene,517,Approved,RN5S517,Xq27.3,,,,,,,,,,,,,,,,
RNA5SP518,"RNA,",5S,ribosomal,pseudogene,518,Approved,RN5S518,Yp11.2,,,,,,,,,,,,,,,,
RNA5SP519,"RNA,",5S,ribosomal,pseudogene,519,Approved,RN5S519,Yp11.2,,,,,,,,,,,,,,,,
RNA5SP520,"RNA,",5S,ribosomal,pseudogene,520,Approved,RN5S520,Yq11.221,,,,,,,,,,,,,,,,
RNA5SP521,"RNA,",5S,ribosomal,pseudogene,521,Approved,RN5S521,Yq11.221,,,,,,,,,,,,,,,,
RNA5SP522,"RNA,",5S,ribosomal,pseudogene,522,Approved,RN5S522,Yq11.222,,,,,,,,,,,,,,,,
RNA5SP523,"RNA,",5S,ribosomal,pseudogene,523,Approved,RN5S523,Yq11.222,,,,,,,,,,,,,,,,
RNA5SP524,"RNA,",5S,ribosomal,pseudogene,524,Approved,Xq28,,,,,,,,,,,,,,,,,
RNA5SP525,"RNA,",5S,ribosomal,pseudogene,525,Approved,Xq28,,,,,,,,,,,,,,,,,
RNA18S1,"RNA,",18S,ribosomal,1,Approved,13p12,not,on,reference,assembly,,,,,,,,,,,,,,
RNA18S2,"RNA,",18S,ribosomal,2,Approved,14p12,not,on,reference,assembly,,,,,,,,,,,,,,
RNA18S3,"RNA,",18S,ribosomal,3,Approved,15p12,not,on,reference,assembly,,,,,,,,,,,,,,
RNA18S4,"RNA,",18S,ribosomal,4,Approved,21p12,not,on,reference,assembly,,,,,,,,,,,,,,
RNA18S5,"RNA,",18S,ribosomal,5,Approved,RN18S1,22p12,not,on,reference,assembly,,,,,,,,,,,,,
RNA18SP2,"RNA,",18S,ribosomal,pseudogene,2,Approved,RN18S2P,Yp11.2,NG_002801,,,,,,,,,,,,,,,
RNA28S1,"RNA,",28S,ribosomal,1,Approved,13p12,not,on,reference,assembly,,,,,,,,,,,,,,
RNA28S2,"RNA,",28S,ribosomal,2,Approved,14p12,not,on,reference,assembly,,,,,,,,,,,,,,
RNA28S3,"RNA,",28S,ribosomal,3,Approved,15p12,not,on,reference,assembly,,,,,,,,,,,,,,
RNA28S4,"RNA,",28S,ribosomal,4,Approved,21p12,not,on,reference,assembly,,,,,,,,,,,,,,
RNA28S5,"RNA,",28S,ribosomal,5,Approved,RN28S1,22p12,not,on,reference,assembly,,,,,,,,,,,,,
RNA45S1,"RNA,",45S,pre-ribosomal,1,Approved,13p12,not,on,reference,assembly,,,,,,,,,,,,,,
RNA45S2,"RNA,",45S,pre-ribosomal,2,Approved,14p12,not,on,reference,assembly,,,,,,,,,,,,,,
RNA45S3,"RNA,",45S,pre-ribosomal,3,Approved,15p12,not,on,reference,assembly,,,,,,,,,,,,,,
RNA45S4,"RNA,",45S,pre-ribosomal,4,Approved,21p12,not,on,reference,assembly,,,,,,,,,,,,,,
RNA45S5,"RNA,",45S,pre-ribosomal,5,Approved,22p12,not,on,reference,assembly,,,,,,,,,,,,,,
RNASEH2CP1,ribonuclease,H2,subunit,C,pseudogene,1,Approved,AYP1p1,Yp11.2,Z48511,NG_011584,,,,,,,,,,,,,
RNF19BPX,ring,finger,protein,19B,pseudogene,X-linked,Approved,RNF19BX,Xq21.31,NG_022619,,,,,,,,,,,,,,
RNF19BPY,ring,finger,protein,19B,pseudogene,Y-linked,Approved,Yp11.2,,,,,,,,,,,,,,,,
RNF113A,ring,finger,protein,113A,Approved,ZNF183,"RNF113,",Cwc24,Xq24,X98253,NM_006978,,,,,,,,,,,,,
RNF128,ring,finger,protein,128,Approved,"FLJ23516,",GRAIL,Xq22.3,AK027169,NM_024539,,,,,,,,,,,,,,
RNR1,"RNA,",ribosomal,45S,cluster,1,Approved,13p12,not,on,reference,assembly,,,,,,,,,,,,,
RNR2,"RNA,",ribosomal,45S,cluster,2,Approved,14p12,not,on,reference,assembly,AF305858,NR_024197,,,,,,,,,,,
RNR3,"RNA,",ribosomal,45S,cluster,3,Approved,15p12,not,on,reference,assembly,,,,,,,,,,,,,
RNR4,"RNA,",ribosomal,45S,cluster,4,Approved,21p12,not,on,reference,assembly,,,,,,,,,,,,,
RNR5,"RNA,",ribosomal,45S,cluster,5,Approved,22p12,not,on,reference,assembly,U13369,,,,,,,,,,,,
RNU1-40P,"RNA,",U1,small,nuclear,"40,",pseudogene,Approved,Yq11.23,,,,,,,,,,,,,,,,
RNU1-41P,"RNA,",U1,small,nuclear,"41,",pseudogene,Approved,Yq11.222,,,,,,,,,,,,,,,,
RNU1-48P,"RNA,",U1,small,nuclear,"48,",pseudogene,Approved,Yq11.222,,,,,,,,,,,,,,,,
RNU1-56P,"RNA,",U1,small,nuclear,"56,",pseudogene,Approved,Xq13.1,,,,,,,,,,,,,,,,
RNU1-57P,"RNA,",U1,small,nuclear,"57,",pseudogene,Approved,Xq23,,,,,,,,,,,,,,,,
RNU1-67P,"RNA,",U1,small,nuclear,"67,",pseudogene,Approved,Xq24,,,,,,,,,,,,,,,,
RNU1-86P,"RNA,",U1,small,nuclear,"86,",pseudogene,Approved,Yq11.223,,,,,,,,,,,,,,,,
RNU1-95P,"RNA,",U1,small,nuclear,"95,",pseudogene,Approved,Yq11.222,,,,,,,,,,,,,,,,
RNU1-97P,"RNA,",U1,small,nuclear,"97,",pseudogene,Approved,Yq11.223,,,,,,,,,,,,,,,,
RNU1-107P,"RNA,",U1,small,nuclear,"107,",pseudogene,Approved,Yq11.23,,,,,,,,,,,,,,,,
RNU1-112P,"RNA,",U1,small,nuclear,"112,",pseudogene,Approved,Xq13.2,,,,,,,,,,,,,,,,
RNU1-115P,"RNA,",U1,small,nuclear,"115,",pseudogene,Approved,Xq26.2,,,,,,,,,,,,,,,,
RNU1-128P,"RNA,",U1,small,nuclear,"128,",pseudogene,Approved,Yq11.222,,,,,,,,,,,,,,,,
RNU1-142P,"RNA,",U1,small,nuclear,"142,",pseudogene,Approved,Xp21.3,,,,,,,,,,,,,,,,
RNU2-26P,"RNA,",U2,small,nuclear,"26,",pseudogene,Approved,Xq21.31,,,,,,,,,,,,,,,,
RNU2-57P,"RNA,",U2,small,nuclear,"57,",pseudogene,Approved,Yp11.2,,,,,,,,,,,,,,,,
RNU2-68P,"RNA,",U2,small,nuclear,"68,",pseudogene,Approved,Xq13.1,,,,,,,,,,,,,,,,
RNU4-6P,"RNA,",U4,small,nuclear,"6,",pseudogene,Approved,RNU4P6,"U4,",U4/8,Xp22.22,X02654,,,,,,,,,,,,
RNU4-44P,"RNA,",U4,small,nuclear,"44,",pseudogene,Approved,Xq26.3,,,,,,,,,,,,,,,,
RNU4-52P,"RNA,",U4,small,nuclear,"52,",pseudogene,Approved,Xp11.23,,,,,,,,,,,,,,,,
RNU4-81P,"RNA,",U4,small,nuclear,"81,",pseudogene,Approved,Xq13.1,,,,,,,,,,,,,,,,
RNU5F-7P,"RNA,",U5F,small,nuclear,"7,",pseudogene,Approved,Xp22.2,,,,,,,,,,,,,,,,
RNU6-3P,"RNA,",U6,small,nuclear,"3,",pseudogene,Approved,RNU6-3,U6-3,Xq27.1,,,,,,,,,,,,,,
RNU6-29P,"RNA,",U6,small,nuclear,"29,",pseudogene,Approved,RNU6-29,Xp11.23,,,,,,,,,,,,,,,
RNU6-30P,"RNA,",U6,small,nuclear,"30,",pseudogene,Approved,RNU6-30,Xq22.1,NR_046490,,,,,,,,,,,,,,
RNU6-49P,"RNA,",U6,small,nuclear,"49,",pseudogene,Approved,RNU6-49,Xp11.4,,,,,,,,,,,,,,,
RNU6-50P,"RNA,",U6,small,nuclear,"50,",pseudogene,Approved,"RNU6P1,",RNU6-50,U6,Xp11.3,K03026,NG_001248,,,,,,,,,,,
RNU6-98P,"RNA,",U6,small,nuclear,"98,",pseudogene,Approved,Xq26.2,,,,,,,,,,,,,,,,
RNU6-109P,"RNA,",U6,small,nuclear,"109,",pseudogene,Approved,Yq11.221,,,,,,,,,,,,,,,,
RNU6-114P,"RNA,",U6,small,nuclear,"114,",pseudogene,Approved,Xp22.33,,,,,,,,,,,,,,,,
RNU6-122P,"RNA,",U6,small,nuclear,"122,",pseudogene,Approved,Xq25,,,,,,,,,,,,,,,,
RNU6-133P,"RNA,",U6,small,nuclear,"133,",pseudogene,Approved,Xp22.12,,,,,,,,,,,,,,,,
RNU6-146P,"RNA,",U6,small,nuclear,"146,",pseudogene,Approved,Xp22.33,,,,,,,,,,,,,,,,
RNU6-149P,"RNA,",U6,small,nuclear,"149,",pseudogene,Entry,Withdrawn,Xp11.23,,,,,,,,,,,,,,,
RNU6-154P,"RNA,",U6,small,nuclear,"154,",pseudogene,Approved,Xq23,,,,,,,,,,,,,,,,
RNU6-184P,"RNA,",U6,small,nuclear,"184,",pseudogene,Approved,Yq11.221,,,,,,,,,,,,,,,,
RNU6-186P,symbol,"withdrawn,",see,[HGNC:48096](/data/gene-symbol-report/#!/hgnc_id/HGNC:48096),Symbol,Withdrawn,HSCHR6_MHC_COXp21.33,,,,,,,,,,,,,,,,,
RNU6-202P,"RNA,",U6,small,nuclear,"202,",pseudogene,Approved,Xp11.4,,,,,,,,,,,,,,,,
RNU6-203P,"RNA,",U6,small,nuclear,"203,",pseudogene,Approved,Xq26.2,,,,,,,,,,,,,,,,
RNU6-207P,"RNA,",U6,small,nuclear,"207,",pseudogene,Approved,Xq22.3,,,,,,,,,,,,,,,,
RNU6-245P,"RNA,",U6,small,nuclear,"245,",pseudogene,Approved,Xq12,,,,,,,,,,,,,,,,
RNU6-255P,"RNA,",U6,small,nuclear,"255,",pseudogene,Approved,Yq11.222,,,,,,,,,,,,,,,,
RNU6-266P,"RNA,",U6,small,nuclear,"266,",pseudogene,Approved,Xp22.11,,,,,,,,,,,,,,,,
RNU6-303P,"RNA,",U6,small,nuclear,"303,",pseudogene,Approved,Yp11.2,,,,,,,,,,,,,,,,
RNU6-309P,"RNA,",U6,small,nuclear,"309,",pseudogene,Approved,Xq22.3,,,,,,,,,,,,,,,,
RNU6-320P,"RNA,",U6,small,nuclear,"320,",pseudogene,Approved,Xq26.3,,,,,,,,,,,,,,,,
RNU6-330P,"RNA,",U6,small,nuclear,"330,",pseudogene,Approved,Xq13.2,,,,,,,,,,,,,,,,
RNU6-332P,"RNA,",U6,small,nuclear,"332,",pseudogene,Approved,Xq21.32,,,,,,,,,,,,,,,,
RNU6-345P,"RNA,",U6,small,nuclear,"345,",pseudogene,Approved,Xq22.1,,,,,,,,,,,,,,,,
RNU6-382P,"RNA,",U6,small,nuclear,"382,",pseudogene,Approved,Xq27.3,,,,,,,,,,,,,,,,
RNU6-383P,"RNA,",U6,small,nuclear,"383,",pseudogene,Approved,Xq28,,,,,,,,,,,,,,,,
RNU6-394P,"RNA,",U6,small,nuclear,"394,",pseudogene,Approved,Xq12,,,,,,,,,,,,,,,,
RNU6-421P,"RNA,",U6,small,nuclear,"421,",pseudogene,Approved,Xp11.23,,,,,,,,,,,,,,,,
RNU6-434P,"RNA,",U6,small,nuclear,"434,",pseudogene,Approved,Xp11.22,,,,,,,,,,,,,,,,
RNU6-493P,"RNA,",U6,small,nuclear,"493,",pseudogene,Approved,Xq21.1,,,,,,,,,,,,,,,,
RNU6-496P,"RNA,",U6,small,nuclear,"496,",pseudogene,Approved,Xq23,,,,,,,,,,,,,,,,
RNU6-504P,"RNA,",U6,small,nuclear,"504,",pseudogene,Approved,Xp11.22,,,,,,,,,,,,,,,,
RNU6-521P,"RNA,",U6,small,nuclear,"521,",pseudogene,Approved,Yp11.2,,,,,,,,,,,,,,,,
RNU6-523P,"RNA,",U6,small,nuclear,"523,",pseudogene,Approved,Xp11.3,,,,,,,,,,,,,,,,
RNU6-555P,"RNA,",U6,small,nuclear,"555,",pseudogene,Approved,Xq21.31,,,,,,,,,,,,,,,,
RNU6-562P,"RNA,",U6,small,nuclear,"562,",pseudogene,Approved,Xq13.3,,,,,,,,,,,,,,,,
RNU6-587P,"RNA,",U6,small,nuclear,"587,",pseudogene,Approved,Xq22.1,,,,,,,,,,,,,,,,
RNU6-589P,"RNA,",U6,small,nuclear,"589,",pseudogene,Approved,Xq22.1,,,,,,,,,,,,,,,,
RNU6-591P,"RNA,",U6,small,nuclear,"591,",pseudogene,Approved,Xp11.4,,,,,,,,,,,,,,,,
RNU6-616P,"RNA,",U6,small,nuclear,"616,",pseudogene,Approved,Xq26.3,,,,,,,,,,,,,,,,
RNU6-630P,"RNA,",U6,small,nuclear,"630,",pseudogene,Approved,Xp11.4,,,,,,,,,,,,,,,,
RNU6-641P,"RNA,",U6,small,nuclear,"641,",pseudogene,Approved,Xp21.1,,,,,,,,,,,,,,,,
RNU6-648P,"RNA,",U6,small,nuclear,"648,",pseudogene,Approved,Xq23,,,,,,,,,,,,,,,,
RNU6-683P,symbol,"withdrawn,",see,[HGNC:47246](/data/gene-symbol-report/#!/hgnc_id/HGNC:47246),Symbol,Withdrawn,HSCHR6_MHC_COXp21.33,,,,,,,,,,,,,,,,,
RNU6-707P,"RNA,",U6,small,nuclear,"707,",pseudogene,Approved,Xp11.23,,,,,,,,,,,,,,,,
RNU6-722P,"RNA,",U6,small,nuclear,"722,",pseudogene,Approved,Xp11.23,,,,,,,,,,,,,,,,
RNU6-764P,"RNA,",U6,small,nuclear,"764,",pseudogene,Approved,Xq28,,,,,,,,,,,,,,,,
RNU6-800P,"RNA,",U6,small,nuclear,"800,",pseudogene,Approved,Xp22.2,,,,,,,,,,,,,,,,
RNU6-825P,symbol,"withdrawn,",see,[HGNC:47566](/data/gene-symbol-report/#!/hgnc_id/HGNC:47566),Symbol,Withdrawn,HSCHR6_MHC_COXp21.32,,,,,,,,,,,,,,,,,
RNU6-854P,"RNA,",U6,small,nuclear,"854,",pseudogene,Approved,Xq21.1,,,,,,,,,,,,,,,,
RNU6-867P,"RNA,",U6,small,nuclear,"867,",pseudogene,Approved,Xq13.3,,,,,,,,,,,,,,,,
RNU6-894P,"RNA,",U6,small,nuclear,"894,",pseudogene,Approved,Xp21.2,,,,,,,,,,,,,,,,
RNU6-934P,"RNA,",U6,small,nuclear,"934,",pseudogene,Approved,Xq22.1,,,,,,,,,,,,,,,,
RNU6-935P,"RNA,",U6,small,nuclear,"935,",pseudogene,Approved,Xp11.22,,,,,,,,,,,,,,,,
RNU6-941P,"RNA,",U6,small,nuclear,"941,",pseudogene,Approved,Yp11.2,,,,,,,,,,,,,,,,
RNU6-972P,"RNA,",U6,small,nuclear,"972,",pseudogene,Approved,Xq26.3,,,,,,,,,,,,,,,,
RNU6-974P,"RNA,",U6,small,nuclear,"974,",pseudogene,Approved,Xq21.1,,,,,,,,,,,,,,,,
RNU6-985P,"RNA,",U6,small,nuclear,"985,",pseudogene,Approved,Xq26.3,,,,,,,,,,,,,,,,
RNU6-995P,"RNA,",U6,small,nuclear,"995,",pseudogene,Approved,Xq21.1,,,,,,,,,,,,,,,,
RNU6-1015P,"RNA,",U6,small,nuclear,"1015,",pseudogene,Approved,Xq23,,,,,,,,,,,,,,,,
RNU6-1030P,symbol,"withdrawn,",see,[HGNC:47813](/data/gene-symbol-report/#!/hgnc_id/HGNC:47813),Symbol,Withdrawn,HSCHR6_MHC_COXp21.33,,,,,,,,,,,,,,,,,
RNU6-1044P,"RNA,",U6,small,nuclear,"1044,",pseudogene,Approved,Xq13.2,,,,,,,,,,,,,,,,
RNU6-1056P,"RNA,",U6,small,nuclear,"1056,",pseudogene,Approved,Xp11.23,,,,,,,,,,,,,,,,
RNU6-1078P,"RNA,",U6,small,nuclear,"1078,",pseudogene,Approved,Xq13.1,,,,,,,,,,,,,,,,
RNU6-1087P,"RNA,",U6,small,nuclear,"1087,",pseudogene,Approved,Xp21.1,,,,,,,,,,,,,,,,
RNU6-1124P,"RNA,",U6,small,nuclear,"1124,",pseudogene,Approved,Xp11.4,,,,,,,,,,,,,,,,
RNU6-1130P,"RNA,",U6,small,nuclear,"1130,",pseudogene,Approved,Xq26.1,,,,,,,,,,,,,,,,
RNU6-1173P,symbol,"withdrawn,",see,[HGNC:47893](/data/gene-symbol-report/#!/hgnc_id/HGNC:47893),Symbol,Withdrawn,HSCHR6_MHC_COXp22.1,,,,,,,,,,,,,,,,,
RNU6-1189P,"RNA,",U6,small,nuclear,"1189,",pseudogene,Approved,Xp11.23,,,,,,,,,,,,,,,,
RNU6-1225P,"RNA,",U6,small,nuclear,"1225,",pseudogene,Approved,Xq12,,,,,,,,,,,,,,,,
RNU6-1314P,"RNA,",U6,small,nuclear,"1314,",pseudogene,Approved,Yq11.23,,,,,,,,,,,,,,,,
RNU6-1321P,"RNA,",U6,small,nuclear,"1321,",pseudogene,Approved,Xp11.4,,,,,,,,,,,,,,,,
RNU6-1323P,"RNA,",U6,small,nuclear,"1323,",pseudogene,Approved,Xq23,,,,,,,,,,,,,,,,
RNU6-1334P,"RNA,",U6,small,nuclear,"1334,",pseudogene,Approved,Yp11.31,,,,,,,,,,,,,,,,
RNU6ATAC23P,"RNA,",U6atac,small,nuclear,"23,",pseudogene,Approved,Xq27.1,,,,,,,,,,,,,,,,
RNU7-7P,"RNA,",U7,small,nuclear,7,pseudogene,Approved,U7.7,Xp11.4,NG_007594,,,,,,,,,,,,,,
RNU7-37P,"RNA,",U7,small,nuclear,37,pseudogene,Approved,U7.37,Xp11.22,NG_007631,,,,,,,,,,,,,,
RNU7-56P,"RNA,",U7,small,nuclear,56,pseudogene,Approved,U7.56,Xp22.2,NG_007673,,,,,,,,,,,,,,
RNU7-68P,"RNA,",U7,small,nuclear,68,pseudogene,Approved,RNU7P1,"HSU7.732A,",U7.68,Xq24,M35537,NG_001188,,,,,,,,,,,
RNU7-69P,"RNA,",U7,small,nuclear,69,pseudogene,Approved,U7.69,Xq25,NG_007685,,,,,,,,,,,,,,
RNU7-86P,"RNA,",U7,small,nuclear,86,pseudogene,Approved,RNU7P2,HSU7.7/32B,Xq24,M35538,NG_001189,,,,,,,,,,,,
RNU7-98P,"RNA,",U7,small,nuclear,98,pseudogene,Entry,Withdrawn,Xq28,,,,,,,,,,,,,,,
RNU7-164P,"RNA,",U7,small,nuclear,164,pseudogene,Approved,Xp11.4,,,,,,,,,,,,,,,,
RNU12-2P,"RNA,",U12,small,nuclear,"2,",pseudogene,Approved,"RNU12,",RNU12P,U12,Xp11.23,L43845,NG_013273,,,,,,,,,,,
RNVU1-20,"RNA,",variant,U1,small,nuclear,20,Approved,"vU1.20,",RNU1-110,1q21.2,not,on,reference,assembly,NR_125392,,,,,,,,,
RNY3P16,RNY3,pseudogene,16,Approved,Xq24,,,,,,,,,,,,,,,,,,,
RNY4P23,RNY4,pseudogene,23,Approved,Xq13.1,,,,,,,,,,,,,,,,,,,
RNY4P33,"RNA,",Ro-associated,Y4,pseudogene,33,Entry,Withdrawn,Xq22.1,,,,,,,,,,,,,,,,
RP2,RP2,activator,of,ARL3,GTPase,Approved,"TBCCD2,","NME10,",NM23-H10,Xp11.3,AJ007590,NM_006915,,,,,,,,,,,,
RP6,retinitis,pigmentosa,6,(X-linked,recessive),Entry,Withdrawn,Xp21.3-p21.2,,,,,,,,,,,,,,,,
RP15,symbol,"withdrawn,",see,[HGNC:10295](/data/gene-symbol-report/#!/hgnc_id/HGNC:10295),Symbol,Withdrawn,Xp22.13-p22.1,,,,,,,,,,,,,,,,,
RP23,symbol,"withdrawn,",see,[HGNC:2567](/data/gene-symbol-report/#!/hgnc_id/HGNC:2567),Symbol,Withdrawn,Xp22,,,,,,,,,,,,,,,,,
RP24,retinitis,pigmentosa,24,(X-linked,recessive),Entry,Withdrawn,Xq26-q27,,,,,,,,,,,,,,,,
RP34,retinitis,pigmentosa,34,(X-linked,recessive),Entry,Withdrawn,Xq28,,,,,,,,,,,,,,,,
RPA4,replication,protein,A4,Approved,HSU24186,Xq21.33,U24186,NM_013347,,,,,,,,,,,,,,,,
RPGR,retinitis,pigmentosa,GTPase,regulator,Approved,"CRD,","RP3,","RP15,",COD1,CORDX1,Xp11.4,U57629,NM_000328,,,,,,,,,,,
RPL3P12,ribosomal,protein,L3,pseudogene,12,Approved,Xq25,NG_010160,,,,,,,,,,,,,,,,
RPL6P29,ribosomal,protein,L6,pseudogene,29,Approved,Xq21.33,NG_010304,,,,,,,,,,,,,,,,
RPL6P30,ribosomal,protein,L6,pseudogene,30,Approved,Xp22.2,NG_010970,,,,,,,,,,,,,,,,
RPL7AP71,ribosomal,protein,L7a,pseudogene,71,Approved,Xp11.22,NG_010209,,,,,,,,,,,,,,,,
RPL7AP72,ribosomal,protein,L7a,pseudogene,72,Approved,Xq25,NG_009639,,,,,,,,,,,,,,,,
RPL7L1P11,RPL7L1,pseudogene,11,Approved,Xq28,NG_009927,,,,,,,,,,,,,,,,,,
RPL7P53,ribosomal,protein,L7,pseudogene,53,Approved,Xq13.2,NG_010222,,,,,,,,,,,,,,,,
RPL7P54,ribosomal,protein,L7,pseudogene,54,Approved,Xq21.1,NG_010226,,,,,,,,,,,,,,,,
RPL7P55,ribosomal,protein,L7,pseudogene,55,Approved,Xq21.32,NG_010232,,,,,,,,,,,,,,,,
RPL7P56,ribosomal,protein,L7,pseudogene,56,Approved,Xq26.3,NG_010676,,,,,,,,,,,,,,,,
RPL7P57,ribosomal,protein,L7,pseudogene,57,Approved,Xp11.23,NG_010930,,,,,,,,,,,,,,,,
RPL7P58,ribosomal,protein,L7,pseudogene,58,Approved,Xp21.3,,,,,,,,,,,,,,,,,
RPL9P1,symbol,"withdrawn,",see,[HGNC:30335](/data/gene-symbol-report/#!/hgnc_id/HGNC:30335),Symbol,Withdrawn,RPL9L1,Xpter-p21,,,,,,,,,,,,,,,,
RPL9P7,ribosomal,protein,L9,pseudogene,7,Approved,"RPL9P1,",RPL9L1,Xp22.11,U09955,NG_002471,,,,,,,,,,,,,
RPL10,ribosomal,protein,L10,Approved,"NOV,","QM,","DXS648E,","DXS648,","FLJ23544,","L10,",uL16,Xq28,AB007170,NM_006013,,,,,,,,,,
RPL12P43,ribosomal,protein,L12,pseudogene,43,Approved,Xq24,NG_010137,,,,,,,,,,,,,,,,
RPL12P49,ribosomal,protein,L12,pseudogene,49,Approved,Xp22.2,,,,,,,,,,,,,,,,,
RPL12P50,ribosomal,protein,L12,pseudogene,50,Approved,Xq28,,,,,,,,,,,,,,,,,
RPL14P5,ribosomal,protein,L14,pseudogene,5,Approved,Xp22.33,and,Yp11.32,NG_009084,,,,,,,,,,,,,,
RPL17P49,ribosomal,protein,L17,pseudogene,49,Approved,Xp22.2,NG_010144,,,,,,,,,,,,,,,,
RPL18AP14,ribosomal,protein,L18a,pseudogene,14,Approved,Xq22.3,NG_010318,,,,,,,,,,,,,,,,
RPL18AP15,ribosomal,protein,L18a,pseudogene,15,Approved,Xq23,NG_010399,,,,,,,,,,,,,,,,
RPL18AP16,ribosomal,protein,L18a,pseudogene,16,Approved,Xq28,NG_006952,,,,,,,,,,,,,,,,
RPL19P20,ribosomal,protein,L19,pseudogene,20,Approved,Xp11.3,NG_009975,,,,,,,,,,,,,,,,
RPL19P21,ribosomal,protein,L19,pseudogene,21,Approved,Xq28,NG_010567,,,,,,,,,,,,,,,,
RPL21P132,ribosomal,protein,L21,pseudogene,132,Approved,Xq22.1,NG_010154,,,,,,,,,,,,,,,,
RPL21P133,ribosomal,protein,L21,pseudogene,133,Approved,Xq26.3,NG_010165,,,,,,,,,,,,,,,,
RPL21P134,ribosomal,protein,L21,pseudogene,134,Approved,Xq13.3,NG_011068,,,,,,,,,,,,,,,,
RPL22P22,ribosomal,protein,L22,pseudogene,22,Approved,Xq21.1,NG_010552,,,,,,,,,,,,,,,,
RPL22P23,ribosomal,protein,L22,pseudogene,23,Approved,Xq26.3,,,,,,,,,,,,,,,,,
RPL23AP83,ribosomal,protein,L23a,pseudogene,83,Approved,Xp11.21,NG_009997,,,,,,,,,,,,,,,,
RPL24P9,RPL24,pseudogene,9,Approved,Xp22.33,NG_009838,,,,,,,,,,,,,,,,,,
RPL26P36,ribosomal,protein,L26,pseudogene,36,Approved,Xq21.31,NG_010282,,,,,,,,,,,,,,,,
RPL26P37,ribosomal,protein,L26,pseudogene,37,Approved,Yp11.2,NG_002815,,,,,,,,,,,,,,,,
RPL30P15,ribosomal,protein,L30,pseudogene,15,Approved,Xp22.2,NG_010459,,,,,,,,,,,,,,,,
RPL31P63,ribosomal,protein,L31,pseudogene,63,Approved,Xq13.1,NG_010170,,,,,,,,,,,,,,,,
RPL32P35,ribosomal,protein,L32,pseudogene,35,Approved,Xq25,NG_010177,,,,,,,,,,,,,,,,
RPL32P36,ribosomal,protein,L32,pseudogene,36,Approved,Xp11.4,NG_011329,,,,,,,,,,,,,,,,
RPL34P36,RPL34,pseudogene,36,Approved,Xq21.31,,,,,,,,,,,,,,,,,,,
RPL35AP37,ribosomal,protein,L35a,pseudogene,37,Approved,Xp22.2,NG_010212,,,,,,,,,,,,,,,,
RPL36A,ribosomal,protein,L36a,Approved,RPL44,"L36A,",eL42,Xq22.1,BC001781,NM_021029,,,,,,,,,,,,,,
RPL36A-HNRNPH2,RPL36A-HNRNPH2,readthrough,Approved,Xq22.1,,,,,,,,,,,,,,,,,,,,
RPL36AP52,RPL36A,pseudogene,52,Approved,Xq27.1,NG_001571,,,,,,,,,,,,,,,,,,
RPL36AP53,ribosomal,protein,L36a,pseudogene,53,Approved,Xq23,NG_011299,,,,,,,,,,,,,,,,
RPL36AP54,ribosomal,protein,L36a,pseudogene,54,Approved,Xq26,NG_011305,,,,,,,,,,,,,,,,
RPL36P18,ribosomal,protein,L36,pseudogene,18,Approved,Xq23,NG_010182,,,,,,,,,,,,,,,,
RPL37P24,ribosomal,protein,L37,pseudogene,24,Approved,Xp11.22,NG_010186,,,,,,,,,,,,,,,,
RPL39,ribosomal,protein,L39,Approved,RPL39P42,"L39,",eL39,Xq24,NM_001000,,,,,,,,,,,,,,,
RPL39P42,symbol,"withdrawn,",see,[HGNC:10350](/data/gene-symbol-report/#!/hgnc_id/HGNC:10350),Symbol,Withdrawn,Xq24,,,,,,,,,,,,,,,,,
RPL41P6,ribosomal,protein,L41,pseudogene,6,Approved,Yq11.23,NG_004755,,,,,,,,,,,,,,,,
RPL41P7,ribosomal,protein,L41,pseudogene,7,Approved,Yq11.23,NG_004755,,,,,,,,,,,,,,,,
RPP40P1,ribonuclease,P/MRP,subunit,p40,pseudogene,1,Approved,Xp21.3,,,,,,,,,,,,,,,,
RPS2P55,ribosomal,protein,S2,pseudogene,55,Approved,Xp11.4,NG_011221,,,,,,,,,,,,,,,,
RPS4X,ribosomal,protein,S4,X-linked,Approved,"DXS306,","CCG2,","SCAR,","SCR10,","FLJ40595,","RPS4,",eS4,Xq13.1,NM_001007,,,,,,,,,,
RPS4Y1,ribosomal,protein,S4,Y-linked,1,Approved,RPS4Y,"MGC5070,","MGC119100,",S4,Yp11.2,NM_001008,,,,,,,,,,,,
RPS4Y2,ribosomal,protein,S4,Y-linked,2,Approved,RPS4Y2P,Yq11.223,AF497481,,,,,,,,,,,,,,,
RPS5P7,RPS5,pseudogene,7,Approved,Xq23,NG_010389,,,,,,,,,,,,,,,,,,
RPS5P8,RPS5,pseudogene,8,Approved,Xp22.31,NG_011198,,,,,,,,,,,,,,,,,,
RPS6KA3,ribosomal,protein,S6,kinase,A3,Approved,"MRX19,",CLS,"RSK2,",HU-3,Xp22.12,U08316,NM_004586,,,,,,,,,,,
RPS6KA6,ribosomal,protein,S6,kinase,A6,Approved,RSK4,Xq21.1,AF184965,NM_014496,,,,,,,,,,,,,,
RPS6P26,ribosomal,protein,S6,pseudogene,26,Approved,Xq13.2,NG_010262,,,,,,,,,,,,,,,,
RPS7P12,ribosomal,protein,S7,pseudogene,12,Approved,Xq26.3,NG_010350,,,,,,,,,,,,,,,,
RPS7P13,ribosomal,protein,S7,pseudogene,13,Approved,Xq21.33,NG_010681,,,,,,,,,,,,,,,,
RPS7P14,ribosomal,protein,S7,pseudogene,14,Approved,Xq13.2,NG_011138,,,,,,,,,,,,,,,,
RPS11P7,ribosomal,protein,S11,pseudogene,7,Approved,Xp11.4,NG_011374,,,,,,,,,,,,,,,,
RPS15AP39,ribosomal,protein,S15a,pseudogene,39,Approved,Xp11.4,NG_009981,,,,,,,,,,,,,,,,
RPS15AP40,ribosomal,protein,S15a,pseudogene,40,Approved,Xp21.1,NG_010442,,,,,,,,,,,,,,,,
RPS17P17,ribosomal,protein,S17,pseudogene,17,Approved,Xq27.1,NG_010652,,,,,,,,,,,,,,,,
RPS23P8,ribosomal,protein,S23,pseudogene,8,Approved,Xq13.1,NG_009491,,,,,,,,,,,,,,,,
RPS24P1,ribosomal,protein,S24,pseudogene,1,Approved,RPS24P,Yq11.21,NG_000893,,,,,,,,,,,,,,,
RPS24P19,ribosomal,protein,S24,pseudogene,19,Approved,Xq26.2,NG_009037,,,,,,,,,,,,,,,,
RPS24P21,ribosomal,protein,S24,pseudogene,21,Approved,Xp22.33,,,,,,,,,,,,,,,,,
RPS26P11,ribosomal,protein,S26,pseudogene,11,Approved,RPS26L1,bA366E13.1,Xq13.1,,,,,,,,,,,,,,,
RPS26P56,ribosomal,protein,S26,pseudogene,56,Approved,Xq25,NG_010217,,,,,,,,,,,,,,,,
RPS26P57,ribosomal,protein,S26,pseudogene,57,Approved,Xq25,NG_010223,,,,,,,,,,,,,,,,
RPS26P58,ribosomal,protein,S26,pseudogene,58,Approved,Xp22.11,NG_005780,,,,,,,,,,,,,,,,
RPS27AP17,RPS27A,pseudogene,17,Approved,Xp22.31,NG_011207,,,,,,,,,,,,,,,,,,
RPS27AP20,RPS27A,pseudogene,20,Approved,Xp22.33,NG_029142,,,,,,,,,,,,,,,,,,
RPS29P28,ribosomal,protein,S29,pseudogene,28,Approved,Xq21.33,NG_010227,,,,,,,,,,,,,,,,
RPSAP8,ribosomal,protein,SA,pseudogene,8,Approved,LAMR1P8,Xq22.1,NG_007295,,,,,,,,,,,,,,,
RPSAP14,ribosomal,protein,SA,pseudogene,14,Approved,"LAMRL4,",LAMR1P14,LAMRP4,Xq13.2,L15458,,,,,,,,,,,,,
RPSAP15,ribosomal,protein,SA,pseudogene,15,Approved,LAMR1P15,LAMRL5,Xq21.31,AF284768,NG_011100,,,,,,,,,,,,,
RPSAP59,ribosomal,protein,SA,pseudogene,59,Approved,Xq22.1,NG_010239,,,,,,,,,,,,,,,,
RPSAP60,ribosomal,protein,SA,pseudogene,60,Approved,Xq28,NG_010242,,,,,,,,,,,,,,,,
RPSAP61,ribosomal,protein,SA,pseudogene,61,Approved,Xp11.3,NG_010579,,,,,,,,,,,,,,,,
RPSAP62,ribosomal,protein,SA,pseudogene,62,Approved,Xp11.22,NG_010739,,,,,,,,,,,,,,,,
RPSAP63,ribosomal,protein,SA,pseudogene,63,Approved,Xq26.2,NG_009640,,,,,,,,,,,,,,,,
RRAGB,Ras,related,GTP,binding,B,Approved,Xp11.21,X90530,NM_016656,,,,,,,,,,,,,,,
RRM2P3,ribonucleotide,reductase,M2,polypeptide,pseudogene,3,Approved,Xp11.3,NG_000870,,,,,,,,,,,,,,,
RRM2P4,ribonucleotide,reductase,M2,polypeptide,pseudogene,4,Approved,Xq27.3,NG_000871,,,,,,,,,,,,,,,
RS1,retinoschisin,1,Approved,RS,XLRS1,Xp22.13,AF014459,,,,,,,,,,,,,,,,,
RTL3,retrotransposon,Gag,like,3,Approved,ZCCHC5,"FLJ38865,","Mar3,","Mart3,","ZHC5,",SIRH9,Xq21.1,AK096184,NM_152694,,,,,,,,,,
RTL4,retrotransposon,Gag,like,4,Approved,ZCCHC16,"Mart4,","Mar4,","FLJ46608,",SIRH11,Xq23,AK128465,NM_001004308,,,,,,,,,,,
RTL5,retrotransposon,Gag,like,5,Approved,RGAG4,"KIAA2001,","Mar5,","Mart5,",SIRH8,Xq13.1,AB082532,NM_001024455,,,,,,,,,,,
RTL8A,retrotransposon,Gag,like,8A,Approved,FAM127B,"DKFZP564B147,","MAR8A,","CXX1b,",SIRH6,Xq26.3,AL117556,NM_001078172,,,,,,,,,,,
RTL8B,retrotransposon,Gag,like,8B,Approved,FAM127C,"MAR8B,","CXX1c,",SIRH4,Xq26.3,BC048268,NM_001078173,,,,,,,,,,,,
RTL8C,retrotransposon,Gag,like,8C,Approved,"CXX1,",FAM127A,"Mart8,","Mar8,","MAR8C,",SIRH5,Xq26.3,Y13374,NM_001078171,,,,,,,,,,
RTL9,retrotransposon,Gag,like,9,Approved,RGAG1,"KIAA1318,","Mart9,","Mar9,",SIRH10,Xq23,AY121804,NM_020769,,,,,,,,,,,
RUVBL2P1,RUVBL2,pseudogene,1,Approved,Xq25,NG_022701,,,,,,,,,,,,,,,,,,
RVNP2,retroviral,sequences,NP2,Entry,Withdrawn,Y,,,,,,,,,,,,,,,,,,
S11,surface,antigen,(X-linked),2,Entry,Withdrawn,Xq26-q28,,,,,,,,,,,,,,,,,
S12,surface,antigen,(X-linked),3,Entry,Withdrawn,X,,,,,,,,,,,,,,,,,
S100A11P5,S100A11,pseudogene,5,Approved,Xp11.23,,,,,,,,,,,,,,,,,,,
S100A11P6,S100A11,pseudogene,6,Approved,Xp11.23,,,,,,,,,,,,,,,,,,,
S100A11P7,S100A11,pseudogene,7,Approved,Xp11.23,,,,,,,,,,,,,,,,,,,
S100A11P8,S100A11,pseudogene,8,Approved,Xp11.22,,,,,,,,,,,,,,,,,,,
S100A11P9,S100A11,pseudogene,9,Approved,Xp11.23,,,,,,,,,,,,,,,,,,,
S100A11P10,S100A11,pseudogene,10,Approved,Xp11.22,,,,,,,,,,,,,,,,,,,
S100G,S100,calcium,binding,protein,G,Approved,CALB3,"CABP9K,",CABP1,Xp22.2,NM_004057,,,,,,,,,,,,,
SAGE1,sarcoma,antigen,1,Approved,"SAGE,",CT14,Xq26.3,AJ278111,NM_018666,,,,,,,,,,,,,,,
SAGE2P,sarcoma,antigen,"2,",pseudogene,Approved,Xq26.3,,,,,,,,,,,,,,,,,,
SAGE3P,sarcoma,antigen,"3,",pseudogene,Approved,Xq26.3,,,,,,,,,,,,,,,,,,
SAGE4P,sarcoma,antigen,"4,",pseudogene,Approved,Xq26.3,,,,,,,,,,,,,,,,,,
SALL1P1,spalt,like,transcription,factor,1,pseudogene,1,Approved,SALL1P,Xp11.23,AJ010104,NG_009881,,,,,,,,,,,,
SALL4P2,spalt,like,transcription,factor,4,pseudogene,2,Approved,Xq26.1,,,,,,,,,,,,,,,
SAR1AP4,secretion,associated,Ras,related,GTPase,1A,pseudogene,4,Approved,Xq13.3,,,,,,,,,,,,,,
SASH3,SAM,and,SH3,domain,containing,3,Approved,CXorf9,"SLY,","753P9,","SH3D6C,",HACS2,Xq26.1,BC051881,NM_018990,,,,,,,,,
SAT1,spermidine/spermine,N1-acetyltransferase,1,Approved,SAT,SSAT,Xp22.11,M55580,NM_002970,,,,,,,,,,,,,,,
SAT1-DT,SAT1,divergent,transcript,Approved,lnc-ACOT9-1,Xp22.11,,,,,,,,,,,,,,,,,,
SATL1,spermidine/spermine,N1-acetyl,transferase,like,1,Approved,Xq21.1,BC043215,NM_001012980,,,,,,,,,,,,,,,
SC4MOP,sterol-C4-methyl,oxidase,pseudogene,Approved,DESP4P1,Xp11.4,U93261,NG_001194,,,,,,,,,,,,,,,,
SCARNA9L,small,Cajal,body-specific,RNA,9,like,Approved,Xp22.12,NR_023358,,,,,,,,,,,,,,,
SCARNA23,small,Cajal,body-specific,RNA,23,Approved,ACA12,Xp22.11,AJ609482,NR_003007,,,,,,,,,,,,,,
SCAX1,symbol,"withdrawn,",see,[HGNC:816](/data/gene-symbol-report/#!/hgnc_id/HGNC:816),Symbol,Withdrawn,CLA2,Xp11.21-q21.3,,,,,,,,,,,,,,,,
SCAX2,spinocerebellar,"ataxia,",X-linked,2,Entry,Withdrawn,X,,,,,,,,,,,,,,,,,
SCAX3,spinocerebellar,"ataxia,",X-linked,3,Entry,Withdrawn,X,,,,,,,,,,,,,,,,,
SCAX4,spinocerebellar,"ataxia,",X-linked,4,Entry,Withdrawn,X,,,,,,,,,,,,,,,,,
SCML1,Scm,polycomb,group,protein,like,1,Approved,Xp22.13,NM_006746,,,,,,,,,,,,,,,
SCML2,Scm,polycomb,group,protein,like,2,Approved,Xp22.13,Y18004,NM_006089,,,,,,,,,,,,,,
SDCBPP3,syndecan,binding,protein,pseudogene,3,Approved,Xp11.4,NG_022592,,,,,,,,,,,,,,,,
SEDL,symbol,"withdrawn,",see,[HGNC:23068](/data/gene-symbol-report/#!/hgnc_id/HGNC:23068),Symbol,Withdrawn,Xp22,,,,,,,,,,,,,,,,,
SEN3,senescence,(cellular)-related,3,Entry,Withdrawn,X,,,,,,,,,,,,,,,,,,
SEPHS1P4,selenophosphate,synthetase,1,pseudogene,4,Approved,Xq13.2,,,,,,,,,,,,,,,,,
SEPTIN6,septin,6,Approved,Sep-06,"KIAA0128,","SEP2,","SEPT2,","MGC16619,",MGC20339,Xq24,D50918,NM_145802,,,,,,,,,,,,
SEPTIN14P22,septin,14,pseudogene,22,Approved,SEPT14P22,Yq11.23,,,,,,,,,,,,,,,,,
SEPTIN14P23,septin,14,pseudogene,23,Approved,"SEPT14P23,","LINC00266-4P,","NCRNA00266D,",NCRNA00266-4P,NCRNA00266Y2,Yq11.23,,,,,,,,,,,,,
SERBP1P1,SERPINE1,mRNA,binding,protein,1,pseudogene,1,Approved,SERBP1P,Xq13.1,NG_005103,,,,,,,,,,,,,
SERBP1P2,SERPINE1,mRNA,binding,protein,1,pseudogene,2,Approved,Yp11.2,NG_002917,,,,,,,,,,,,,,
SERBP1P4,SERPINE1,mRNA,binding,protein,1,pseudogene,4,Approved,Xq21.31,,,,,,,,,,,,,,,
SERPINA7,serpin,family,A,member,7,Approved,TBG,Xq22.3,M14091,NM_000354,,,,,,,,,,,,,,
SERPINA7P1,serpin,family,A,member,7,pseudogene,1,Approved,Xq22.3,NG_026747,,,,,,,,,,,,,,
SERTM2,serine,rich,and,transmembrane,domain,containing,2,Approved,LINC00890,Xq23,NM_001354473,,,,,,,,,,,,,
SETP4,SET,pseudogene,4,Approved,Xq21.1,NG_017144,,,,,,,,,,,,,,,,,,
SETP8,SET,pseudogene,8,Approved,Xq23,NG_022693,,,,,,,,,,,,,,,,,,
SETP15,SET,pseudogene,15,Approved,Xp22.2,,,,,,,,,,,,,,,,,,,
SFPQP1,splicing,factor,proline,and,glutamine,rich,pseudogene,1,Approved,SFPQP,Yq11.221,,,,,,,,,,,,,
SFR1P1,SFR1,pseudogene,1,Approved,Xq24,,,,,,,,,,,,,,,,,,,
SFR1P2,SFR1,pseudogene,2,Approved,Xq21.2,,,,,,,,,,,,,,,,,,,
SH2D1A,SH2,domain,containing,1A,Approved,"IMD5,",LYP,"XLP,","MTCP1,","DSHP,","XLPD,","EBVS,",SAP,Xq25,AL023657,NM_002351,,,,,,,,
SH3BGRL,SH3,domain,binding,glutamate,rich,protein,like,Approved,MGC117402,Xq21.1,AF042081,NM_003022,,,,,,,,,,,,
SH3KBP1,SH3,domain,containing,kinase,binding,protein,1,Approved,CIN85,Xp22.12,AF230904,NM_031892,,,,,,,,,,,,
SHC1P1,SHC,adaptor,protein,1,pseudogene,1,Approved,Xq11.2,Y09846,NG_001195,,,,,,,,,,,,,,
SHFM2,split,hand/foot,malformation,(ectrodactyly),type,2,Entry,Withdrawn,SHFD2,SHSF2,Xq26,,,,,,,,,,,,,
SHISA5P1,SHISA5,pseudogene,1,Approved,Xp11.4,NG_046875,,,,,,,,,,,,,,,,,,
SHISA5P2,SHISA5,pseudogene,2,Approved,Xq13.2,NG_046876,,,,,,,,,,,,,,,,,,
SHOX,SHOX,homeobox,Approved,"PHOG,","GCFX,","SS,","SHOXY,",SHOX1,Xp22.33,and,Yp11.32,U82668,NM_000451,,,,,,,,,,,
SHROOM2,shroom,family,member,2,Approved,APXL,Xp22.2,X83543,NM_001649,,,,,,,,,,,,,,,
SHROOM2P1,shroom,family,member,2,pseudogene,1,Approved,APXLP,Yq11.221,AC004617,NG_002803,,,,,,,,,,,,,
SHROOM4,shroom,family,member,4,Approved,KIAA1202,Xp11.22,AB033028,NM_020717,,,,,,,,,,,,,,,
SHS,symbol,"withdrawn,",see,[HGNC:9330](/data/gene-symbol-report/#!/hgnc_id/HGNC:9330),Symbol,Withdrawn,MRXS3,Xp11-q21.3,,,,,,,,,,,,,,,,
SIAH1P1,siah,E3,ubiquitin,protein,ligase,1,pseudogene,1,Approved,SIAH1L,Xp21.1,NG_011405,,,,,,,,,,,,
SKP2P1,SKP2,pseudogene,1,Approved,Xq21.33,NG_022681,,,,,,,,,,,,,,,,,,
SLC6A8,solute,carrier,family,6,member,8,Approved,"CRTR,","CT1,","CRT,","CRT-1,",CRT1,Xq28,,,,,,,,,,,
SLC6A14,solute,carrier,family,6,member,14,Approved,Xq23,AF151978,,,,,,,,,,,,,,,
SLC6A14P1,SLC6A14,pseudogene,1,Approved,Xq23,,,,,,,,,,,,,,,,,,,
SLC6A14P2,SLC6A14,pseudogene,2,Approved,Xq23,NG_021283,,,,,,,,,,,,,,,,,,
SLC7A3,solute,carrier,family,7,member,3,Approved,"CAT-3,","ATRC3,",FLJ14541,Xq13.1,AF320612,NM_032803,,,,,,,,,,,
SLC9A6,solute,carrier,family,9,member,A6,Approved,"NHE6,","KIAA0267,",NHE-6,Xq26.3,AF030409,NM_006359,,,,,,,,,,,
SLC9A7,solute,carrier,family,9,member,A7,Approved,"NHE7,",NHE-7,Xp11.3,AF298591,NM_032591,,,,,,,,,,,,
SLC9B1P1,solute,carrier,family,9,member,B1,pseudogene,1,Approved,NHEDC1P1,Yq11.21,NG_023008,,,,,,,,,,,,
SLC10A3,solute,carrier,family,10,member,3,Approved,"P3,",DXS253E,Xq28,X12458,NM_019848,,,,,,,,,,,,
SLC16A2,solute,carrier,family,16,member,2,Approved,"DXS128,","AHDS,",MRX22,"XPCT,","MCT8,","MCT7,",DXS128E,Xq13.2,,,,,,,,,
SLC25A5,solute,carrier,family,25,member,5,Approved,ANT2,"T2,","2F1,",T3,Xq24,BC068199,NM_001152,,,,,,,,,,
SLC25A5-AS1,SLC25A5,antisense,RNA,1,Approved,Xq24,NR_028443,,,,,,,,,,,,,,,,,
SLC25A6,solute,carrier,family,25,member,6,Approved,ANT3,"ANT3Y,",MGC17525,Xp22.32,and,Yp11.3,AY007135,NM_001636,,,,,,,,,
SLC25A14,solute,carrier,family,25,member,14,Approved,"BMCP1,",UCP5,Xq26.1,AF078544,"NM_022810,",NM_003951,,,,,,,,,,,
SLC25A15P1,solute,carrier,family,25,member,15,pseudogene,1,Approved,SLC25A15P,SLC25A15PY1,Yq11.23,NG_024787,,,,,,,,,,,
SLC25A43,solute,carrier,family,25,member,43,Approved,Xq24,BC019584,NM_145305,,,,,,,,,,,,,,
SLC25A53,solute,carrier,family,25,member,53,Approved,MCART6,Xq22.2,NM_001012755,,,,,,,,,,,,,,
SLC25A53P1,SLC25A53,pseudogene,1,Approved,Xq22.2,NG_022686,,,,,,,,,,,,,,,,,,
SLC35A2,solute,carrier,family,35,member,A2,Approved,UGALT,"UGAT,","UGT,","UGT1,","UGT2,","UGTL,",UDP-Gal-Tr,Xp11.23,D88146,NM_005660,,,,,,,
SLC35C2P1,SLC35C2,pseudogene,1,Approved,Xp22.2,NG_022585,,,,,,,,,,,,,,,,,,
SLC38A5,solute,carrier,family,38,member,5,Approved,"SN2,","JM24,",SNAT5,Xp11.23,AF276889,NM_033518,,,,,,,,,,,
SLIRPP1,SLIRP.,pseudogene,1,Approved,Xq27.3,NG_030164,,,,,,,,,,,,,,,,,,
SLITRK2,SLIT,and,NTRK,like,family,member,2,Approved,"SLITL1,","TMEM257,",CXorf1,"KIAA1854,",CXorf2,Xq27.3,Y19205,NM_032539,,,,,,,,
SLITRK4,SLIT,and,NTRK,like,family,member,4,Approved,DKFZp547M2010,Xq27.3,BC040986,NM_173078,,,,,,,,,,,,
SMARCA1,SWI/SNF,"related,",matrix,"associated,",actin,dependent,regulator,of,"chromatin,",subfamily,"a,",member,1,Approved,"SNF2L1,",SNF2L,"SNF2LB,","NURF140,","ISWI,","SWI,",hSNF2L,Xq25-q26.1,M88163,NM_003069
SMC1A,structural,maintenance,of,chromosomes,1A,Approved,SMC1L1,"DXS423E,","KIAA0178,","SB1.8,",Smcb,Xp11.22,S78271,NM_006306,,,,,,,,,,
SMIM9,small,integral,membrane,protein,9,Approved,CXorf68,Xq28,NM_001162936,,,,,,,,,,,,,,,
SMIM10,small,integral,membrane,protein,10,Approved,CXorf69,Xq26.3,NM_001163438,,,,,,,,,,,,,,,
SMIM10L2A,small,integral,membrane,protein,10,like,2A,Approved,"NCRNA00086,",LINC00086,"MGC39606,","LED,",LINC0086,Xq26.3,"BC030620,",BC051704,,,,,,,,
SMIM10L2B,small,integral,membrane,protein,10,like,2B,Approved,"NCRNA00087,",LINC00087,RP11-85L21.2,Xq26.3,,,,,,,,,,,,
SMIM10L2B-AS1,SMIM10L2B,antisense,RNA,1,Approved,ENST00000453528,Xq26.3,,,,,,,,,,,,,,,,,
SMIM15P1,SMIM15,pseudogene,1,Approved,Xp11.3,,,,,,,,,,,,,,,,,,,
SMPX,small,muscle,protein,X-linked,Approved,DFN6,"DFNX4,","Chisel,",Csl,Xp22.12,NM_014332,,,,,,,,,,,,,
SMS,spermine,synthase,Approved,SRS,"SPMSY,","SpS,",MRSR,Xp22.11,AD001528,NM_004595,,,,,,,,,,,,,,
SMSP1,SMS,pseudogene,1,Approved,Xp11.23,NG_026691,,,,,,,,,,,,,,,,,,
SNORA11,small,nucleolar,"RNA,",H/ACA,box,11,Approved,"U107,",SNORA11A,Xp11.21,AM055729,NR_002953,,,,,,,,,,,,
SNORA11C,small,nucleolar,"RNA,",H/ACA,box,11C,Approved,Xp11.3,AM413017,NR_003710,,,,,,,,,,,,,,
SNORA11D,small,nucleolar,"RNA,",H/ACA,box,11D,Approved,Xp11.22,AM413018,NR_003711,,,,,,,,,,,,,,
SNORA11E,small,nucleolar,"RNA,",H/ACA,box,11E,Approved,Xp11.22,AM413019,NR_102368,,,,,,,,,,,,,,
SNORA11G,small,nucleolar,"RNA,",H/ACA,box,11G,Approved,Xp11.21,NR_145717,,,,,,,,,,,,,,,
SNORA35,small,nucleolar,"RNA,",H/ACA,box,35,Approved,"HBI-36,",SNORA35A,Xq23,NR_002993,,,,,,,,,,,,,
SNORA35B,small,nucleolar,"RNA,",H/ACA,box,35B,Approved,Xq23,NR_145764,,,,,,,,,,,,,,,
SNORA36A,small,nucleolar,"RNA,",H/ACA,box,36A,Approved,ACA36,Xq28,AJ609463,NR_002969,,,,,,,,,,,,,
SNORA48B,small,nucleolar,"RNA,",H/ACA,box,48B,Approved,Xp22.33,NR_145722,,,,,,,,,,,,,,,
SNORA56,small,nucleolar,"RNA,",H/ACA,box,56,Approved,ACA56,Xq28,AJ609449,NR_002984,,,,,,,,,,,,,
SNORA69,small,nucleolar,"RNA,",H/ACA,box,69,Approved,RNU69,U69,Xq24,Y11163,NR_002584,,,,,,,,,,,,
SNORA70,small,nucleolar,"RNA,",H/ACA,box,70,Approved,RNU70,"U70,",DXS648E,Xq28,Y11164,NR_000011,,,,,,,,,,,
SNORA109,small,nucleolar,"RNA,",H/ACA,box,109,Approved,Xp11.21,NR_132964,,,,,,,,,,,,,,,
SNORD3E,small,nucleolar,"RNA,",C/D,box,3E,Approved,Xq13.1,NR_145758,,,,,,,,,,,,,,,
SNORD61,small,nucleolar,"RNA,",C/D,box,61,Approved,RNU61,"U61,",HBII-342,Xq26.3,X96661,NR_002735,,,,,,,,,,,
SNORD96B,small,nucleolar,"RNA,",C/D,box,96B,Approved,U96b,Xq23,AY349596,NR_004379,,,,,,,,,,,,,
SNORD115-46,small,nucleolar,"RNA,",C/D,box,115-46,Approved,HBII-52-46,15q11.2,not,on,reference,assembly,NR_047033,,,,,,,,,,
SNRPEP9,SNRPE,pseudogene,9,Approved,Xp22.11,,,,,,,,,,,,,,,,,,,
SNURFL,SNRPN,upstream,open,reading,frame,like,(pseudogene),Approved,CXorf19,Xq27.1,,,,,,,,,,,,,,
SNX3P1X,sorting,nexin,3,pseudogene,1,X-linked,Approved,Xq21.31,,,,,,,,,,,,,,,,
SNX3P1Y,sorting,nexin,3,pseudogene,1,Y-linked,Approved,Yp11.2,,,,,,,,,,,,,,,,
SNX12,sorting,nexin,12,Approved,Xq13.1,AF171229,NM_013346,,,,,,,,,,,,,,,,,
SNX18P1Y,sorting,nexin,18,pseudogene,"1,",Y-linked,Approved,Yq11.21,NG_024792,,,,,,,,,,,,,,,
SOCS5P4,suppressor,of,cytokine,signaling,5,pseudogene,4,Approved,Xq13.1,,,,,,,,,,,,,,,
SOCS6P1,SOCS6,pseudogene,1,Approved,Xq13.1,NG_026718,,,,,,,,,,,,,,,,,,
SOWAHCP1,SOWAHC,pseudogene,1,Approved,ANKRD57P1,Yq11.1,,,,,,,,,,,,,,,,,,
SOWAHD,sosondowah,ankyrin,repeat,domain,family,member,D,Approved,ANKRD58,Xq24,NM_001105576,,,,,,,,,,,,,
SOX3,SRY-box,transcription,factor,3,Approved,PHP,Xq27.1,,,,,,,,,,,,,,,,,
SPACA5,sperm,acrosome,associated,5,Approved,"SLLP2,","LYZL5,","LYC5,","UNQ6288,","dJ54B20.3,",PNPK6288,Xp11.23,AY358844,NM_205856,,,,,,,,,,
SPACA5B,sperm,acrosome,associated,5B,Approved,LYZL5B,Xp11.23,NM_001079900,,,,,,,,,,,,,,,,
SPANXA1,sperm,protein,associated,with,the,"nucleus,","X-linked,",family,member,A1,Approved,SPANX,"NAP-X,","SPAN-Xa,","SPAN-Xb,",CT11.1,Xq27.2,AF098306,NM_013453,,,,,
SPANXA2,SPANX,family,member,A2,Approved,SPANX,Xq27.2,,,,,,,,,,,,,,,,,
SPANXA2-OT1,SPANXA2,overlapping,transcript,1,Approved,CXorf18,FLJ36186,Xq27.2,AK093505,NR_037183,,,,,,,,,,,,,,
SPANXB1,SPANX,family,member,B1,Approved,"SPANXB2,","SPANXF1,",SPANXF2,CT11.2,Xq27.1,NM_032461,,,,,,,,,,,,,
SPANXB2,symbol,"withdrawn,",see,[HGNC:14329](/data/gene-symbol-report/#!/hgnc_id/HGNC:14329),Symbol,Withdrawn,Xq27.1,,,,,,,,,,,,,,,,,
SPANXC,SPANX,family,member,C,Approved,"CTp11,",CT11.3,Xq27.2,AJ238277,NM_022661,,,,,,,,,,,,,,
SPANXD,SPANX,family,member,D,Approved,SPANXE,CT11.4,Xq27.2,AJ457791,,,,,,,,,,,,,,,
SPANXE,symbol,"withdrawn,",see,[HGNC:14332](/data/gene-symbol-report/#!/hgnc_id/HGNC:14332),Symbol,Withdrawn,Xq27.2,,,,,,,,,,,,,,,,,
SPANXF1,symbol,"withdrawn,",see,[HGNC:14329](/data/gene-symbol-report/#!/hgnc_id/HGNC:14329),Symbol,Withdrawn,Xq27.1,,,,,,,,,,,,,,,,,
SPANXF2,symbol,"withdrawn,",see,[HGNC:14329](/data/gene-symbol-report/#!/hgnc_id/HGNC:14329),Symbol,Withdrawn,Xq27.1,,,,,,,,,,,,,,,,,
SPANXN1,SPANX,family,member,N1,Approved,"SPANX-N1,",CT11.6,Xq27.3,NM_001009614,,,,,,,,,,,,,,,
SPANXN2,SPANX,family,member,N2,Approved,"SPANX-N2,",CT11.7,Xq27.3,NM_001009615,,,,,,,,,,,,,,,
SPANXN3,SPANX,family,member,N3,Approved,"SPANX-N3,",CT11.8,Xq27.3,NM_001009609,,,,,,,,,,,,,,,
SPANXN4,SPANX,family,member,N4,Approved,"SPANX-N4,",CT11.9,Xq27.3,DQ336126,NM_001009613,,,,,,,,,,,,,,
SPANXN5,SPANX,family,member,N5,Approved,"SPANX-N5,",CT11.10,Xp11.22,NM_001009616,,,,,,,,,,,,,,,
SPG16,spastic,paraplegia,16,"(complicated,",X-linked,recessive),Entry,Withdrawn,Xq11.2,,,,,,,,,,,,,,,
SPIN2A,spindlin,family,member,2A,Approved,SPIN2,"DXF34,",TDRD25,Xp11.21,Y09858,NM_019003,,,,,,,,,,,,,
SPIN2B,spindlin,family,member,2B,Approved,"SPIN-2,",TDRD26,Xp11.21,AF356353,NM_001006681,,,,,,,,,,,,,,
SPIN2P1,SPIN2,family,pseudogene,1,Approved,Xp11.21,NG_022603,,,,,,,,,,,,,,,,,
SPIN3,spindlin,family,member,3,Approved,TDRD27,Xp11.21,AL832091,NM_001010862,,,,,,,,,,,,,,,
SPIN4,spindlin,family,member,4,Approved,"FLJ44984,",TDRD28,Xq11.1,AK126931,NM_001012968,,,,,,,,,,,,,,
SPIN4-AS1,SPIN4,antisense,RNA,1,Approved,Xq11.1,,,,,,,,,,,,,,,,,,
SPRING1P2,SPRING1,pseudogene,2,Approved,Xq26.1,NG_022703,,,,,,,,,,,,,,,,,,
SPRY3,sprouty,RTK,signaling,antagonist,3,Approved,HSPRY3,Xq28,and,Yq12,AF041038,NM_005840,,,,,,,,,,,,
SPRYD7P1,SPRY,domain,containing,7,pseudogene,1,Approved,Xq21.1,,,,,,,,,,,,,,,,
SRD5A1P1,steroid,5,alpha-reductase,1,pseudogene,1,Approved,SRD5AP1,Xq27.1,M68887,NG_001196,,,,,,,,,,,,,
SRD5A2P1,SRD5A2,pseudogene,1,Approved,Xq28,,,,,,,,,,,,,,,,,,,
SRIP2,sorcin,pseudogene,2,Approved,Xq21.31,,,,,,,,,,,,,,,,,,,
SRIP3,sorcin,pseudogene,3,Approved,Yp11.2,,,,,,,,,,,,,,,,,,,
SRPK3,SRSF,protein,kinase,3,Approved,STK23,MSSK1,Xq28,AF027406,NM_014370,,,,,,,,,,,,,,
SRPX,sushi,repeat,containing,protein,X-linked,Approved,"ETX1,",SRPX1,Xp11.4,U78093,NM_006307,,,,,,,,,,,,,
SRPX2,sushi,repeat,containing,protein,X-linked,2,Approved,SRPUL,Xq22.1,AF393649,NM_014467,,,,,,,,,,,,,
SRRM1P3,serine/arginine,repetitive,matrix,1,pseudogene,3,Approved,Xq26.3,,,,,,,,,,,,,,,,
SRS,symbol,"withdrawn,",see,[HGNC:11123](/data/gene-symbol-report/#!/hgnc_id/HGNC:11123),Symbol,Withdrawn,Xp21,,,,,,,,,,,,,,,,,
SRSF2P1,SRSF2,pseudogene,1,Approved,Xp21.1,NG_022653,,,,,,,,,,,,,,,,,,
SRSF6P1,SRSF6,pseudogene,1,Approved,Xp11.3,NG_022660,,,,,,,,,,,,,,,,,,
SRY,sex,determining,region,Y,Approved,TDF,Yp11.2,,,,,,,,,,,,,,,,,
SSBL2P,small,RNA,binding,exonuclease,protection,factor,La,like,"2,",pseudogene,Approved,Xq11.1,NG_022663,,,,,,,,,,,
SSR4,signal,sequence,receptor,subunit,4,Approved,TRAPD,Xq28,BC032351,NM_006280,,,,,,,,,,,,,,
SSU72P1,SSU72,pseudogene,1,Approved,Xq23,,,,,,,,,,,,,,,,,,,
SSX1,SSX,family,member,1,Approved,CT5.1,Xp11.23,BC001003,NM_005635,,,,,,,,,,,,,,,
SSX2,SSX,family,member,2,Approved,SSX,"HOM-MEL-40,","HD21,","MGC3884,","MGC15364,","MGC119055,",CT5.2a,Xp11.22,Z49105,NM_003147,,,,,,,,,
SSX2B,SSX,family,member,2B,Approved,CT5.2b,Xp11.22,,,,,,,,,,,,,,,,,
SSX3,SSX,family,member,3,Approved,CT5.3,Xp11.23,U90840,NM_021014,,,,,,,,,,,,,,,
SSX4,SSX,family,member,4,Approved,CT5.4,Xp11.23,,,,,,,,,,,,,,,,,
SSX4B,SSX,family,member,4B,Approved,OTTHUMT00000056510,Xp11.23,,,,,,,,,,,,,,,,,
SSX5,SSX,family,member,5,Approved,Xp11.23,BC016640,NM_021015,,,,,,,,,,,,,,,,
SSX6P,SSX,family,member,"6,",pseudogene,Approved,"SSXP2,",SSX6,psiSSX2,Xp11.23,BK000686,NR_028366,,,,,,,,,,,,
SSX7,SSX,family,member,7,Approved,Xp11.22,BK000687,NM_173358,,,,,,,,,,,,,,,,
SSX8P,SSX,family,member,"8,",pseudogene,Approved,SSX8,Xp11.22,BK000688,NR_027250,,,,,,,,,,,,,,
SSX9P,SSX,family,member,"9,",pseudogene,Approved,SSX9,Xp11.23,BK000689,NR_073393,,,,,,,,,,,,,,
SSX10,symbol,"withdrawn,",see,[HGNC:30641](/data/gene-symbol-report/#!/hgnc_id/HGNC:30641),Symbol,Withdrawn,Xp11.22,,,,,,,,,,,,,,,,,
SSX11P,SSX,family,member,"11,",pseudogene,Approved,SSXP1,psiSSX1,Xp11.22,NG_033927,,,,,,,,,,,,,,
SSX13P,SSX,family,member,"13,",pseudogene,Approved,SSXP3,psiSSX3,Xp11.23,NG_002580,,,,,,,,,,,,,,
SSX14P,SSX,family,member,"14,",pseudogene,Approved,"SSX10,",SSXP4,psiSSX4,Xp11.22,NG_002578,,,,,,,,,,,,,
SSX15P,SSX,family,member,"15,",pseudogene,Approved,SSXP5,psiSSX5,Xp11.22,NG_002579,,,,,,,,,,,,,,
SSX16P,SSX,family,member,"16,",pseudogene,Approved,SSXP6,psiSSX6,Xp11.23,NG_002585,,,,,,,,,,,,,,
SSX17P,SSX,family,member,"17,",pseudogene,Approved,SSXP7,psiSSX7,Xp11.23,NG_002587,,,,,,,,,,,,,,
SSX18P,SSX,family,member,"18,",pseudogene,Approved,psiSSX8,Xp11.23,NG_026695,,,,,,,,,,,,,,,
SSX19P,SSX,family,member,"19,",pseudogene,Approved,SSXP9,psiSSX9,Xp11.23,NG_002584,,,,,,,,,,,,,,
SSX20P,SSX,family,member,"20,",pseudogene,Approved,Xp11.23,,,,,,,,,,,,,,,,,
SSX21P,SSX,family,member,"21,",pseudogene,Approved,Xp11.22,,,,,,,,,,,,,,,,,
SSXP2,symbol,"withdrawn,",see,[HGNC:19652](/data/gene-symbol-report/#!/hgnc_id/HGNC:19652),Symbol,Withdrawn,psiSSX2,X,,,,,,,,,,,,,,,,
SSXP8,SSX,family,pseudogene,8,Entry,Withdrawn,Xp11.23,,,,,,,,,,,,,,,,,
ST13P18,"ST13,",Hsp70,interacting,protein,pseudogene,18,Approved,Xq21.32,NG_022623,,,,,,,,,,,,,,,
STAG2,STAG2,cohesin,complex,component,Approved,"SA-2,","SCC3B,",SA2,Xq25,Z75331,NM_006603,,,,,,,,,,,,,
STAG2-AS1,STAG2,antisense,RNA,1,Approved,Xq25,NR_130770,,,,,,,,,,,,,,,,,
STARD8,StAR,related,lipid,transfer,domain,containing,8,Approved,"KIAA0189,",ARHGAP38,Xq13.1,D80011,NM_014725,,,,,,,,,,,
STAU2P1,STAU2,pseudogene,1,Approved,Xq21.31,NG_022618,,,,,,,,,,,,,,,,,,
STEEP1,STING1,ER,exit,protein,1,Approved,CXorf56,FLJ22965,Xq24,AK026618,NM_022101,,,,,,,,,,,,,
STIP1P3,stress,induced,phosphoprotein,1,pseudogene,3,Approved,Xq21.2,,,,,,,,,,,,,,,,
STK24P1,serine/threonine,kinase,24,pseudogene,1,Approved,Xq26.3,,,,,,,,,,,,,,,,,
STK26,serine/threonine,kinase,26,Approved,"MST4,",MASK,Xq26.2,AB040057,NM_016542,,,,,,,,,,,,,,,
STS,steroid,sulfatase,Approved,ARSC1,ARSC,Xp22.31,M16505,NM_000351,,,,,,,,,,,,,,,,
STSP1,steroid,sulfatase,(microsomal),pseudogene,1,Approved,STSP,STS-Y,Yq11.221,M23946,,,,,,,,,,,,,,
SUMO2P21,SUMO2,pseudogene,21,Approved,Xq23,NG_005816,,,,,,,,,,,,,,,,,,
SUPT20HL1,SUPT20H,like,1,Approved,FAM48B1,SPT20L,Xp22.11,AY736017,NM_001136234,,,,,,,,,,,,,,,
SUPT20HL2,SUPT20H,like,2,Approved,FAM48B2,Xp22.11,NM_001136233,,,,,,,,,,,,,,,,,
SURF6P1,surfeit,6,pseudogene,1,Approved,Yq11.222,,,,,,,,,,,,,,,,,,
SUV39H1,SUV39H1,histone,lysine,methyltransferase,Approved,SUV39H,KMT1A,Xp11.23,AF019968,NM_003173,,,,,,,,,,,,,,
SYAP1,synapse,associated,protein,1,Approved,"FLJ14495,",PRO3113,Xp22.2,AF338728,NM_032796,,,,,,,,,,,,,,
SYN1,synapsin,I,Approved,MRX50,Xp11.3-p11.23,NM_006950,,,,,,,,,,,,,,,,,,
SYP,synaptophysin,Approved,MRX96,Xp11.23,X06389,NM_003179,,,,,,,,,,,,,,,,,,
SYP-AS1,SYP,antisense,RNA,1,Approved,Xp11.23,,,,,,,,,,,,,,,,,,
SYTL4,synaptotagmin,like,4,Approved,Xq22.1,NM_080737,,,,,,,,,,,,,,,,,,
SYTL5,synaptotagmin,like,5,Approved,Xp11.4,NM_138780,,,,,,,,,,,,,,,,,,
TAB3,TGF-beta,activated,kinase,1,(MAP3K7),binding,protein,3,Approved,MAP3K7IP3,Xp21.2,AY331591,NM_152787,,,,,,,,,,,
TAB3-AS1,TAB3,antisense,RNA,1,Approved,CXorf29,OTTHUMG00000021331,Xp21.2,,,,,,,,,,,,,,,,
TAB3-AS2,TAB3,antisense,RNA,2,Approved,Xp21.2,BI002962,,,,,,,,,,,,,,,,,
TAB3P1,TGF-beta,activated,kinase,1/MAP3K7,binding,protein,3,pseudogene,1,Approved,Yq11.221,,,,,,,,,,,,,
TAF1,TATA-box,binding,protein,associated,factor,1,Approved,"TAF2A,","BA2R,","CCG1,","CCGS,",DYT3,"NSCL2,","TAFII250,","KAT4,",DYT3/TAF1,Xq13.1,NM_004606,,,,,,
TAF7L,TATA-box,binding,protein,associated,factor,7,like,Approved,TAF2Q,CT40,Xq22.1,AF285595,,,,,,,,,,,,
TAF9B,TATA-box,binding,protein,associated,factor,9b,Approved,TAF9L,"TAFII31L,","DN-7,","DN7,",TFIID-31,Xq21.1,AF220509,NM_015975,,,,,,,,,
TAF9P1,TATA-box,binding,protein,associated,factor,9,pseudogene,1,Approved,Yq11.222,NG_002930,,,,,,,,,,,,,
TAF9P2,TATA-box,binding,protein,associated,factor,9,pseudogene,2,Approved,Yq11.222,NG_002931,,,,,,,,,,,,,
TAFAZZIN,"tafazzin,",phospholipid-lysophospholipid,transacylase,Approved,"CMD3A,","EFE2,","EFE,",TAZ,"BTHS,","G4.5,",TAZ1,Xq28,X92762,,,,,,,,,,,
TAS2R22P,taste,2,receptor,member,22,pseudogene,Approved,TAS2R22,T2R22,12,not,on,reference,assembly,AX097735,,,,,,,,,
TAS2R33,taste,2,receptor,member,33,Approved,T2R33,12,not,on,reference,assembly,AX097751,,,,,,,,,,,
TAS2R36,taste,2,receptor,member,36,Approved,T2R36,12,not,on,reference,assembly,AX097755,,,,,,,,,,,
TAS2R37,taste,2,receptor,member,37,pseudogene,Approved,T2R37,12,not,on,reference,assembly,AX097757,,,,,,,,,,
TASL,TLR,adaptor,interacting,with,endolysosomal,SLC15A4,Approved,CXorf21,FLJ11577,Xp21.2,BC020611,NM_025159,,,,,,,,,,,,
TATDN2P1,TatD,DNase,domain,containing,2,pseudogene,1,Approved,Xp11.3,,,,,,,,,,,,,,,
TBC1D8B,TBC1,domain,family,member,8B,Approved,"FLJ20298,","RP11-321G1.1,",GRAMD8B,Xq22.3,AK123957,NM_017752,,,,,,,,,,,,
TBC1D25,TBC1,domain,family,member,25,Approved,OATL1,Xp11.23,L08240,NM_002536,,,,,,,,,,,,,,
TBCAP1,tubulin,folding,cofactor,A,pseudogene,1,Approved,Xp21.1,NG_004790,,,,,,,,,,,,,,,
TBL1X,transducin,beta,like,1,X-linked,Approved,TBL1,EBI,Xp22.31-p22.2,Y12781,NM_005647,,,,,,,,,,,,,
TBL1Y,transducin,beta,like,1,Y-linked,Approved,TBL1,Yp11.2,AF332220,NM_033284,,,,,,,,,,,,,,
TBL1YP1,transducin,beta,like,1,Y-linked,pseudogene,1,Approved,Yq11.223,NG_002819,,,,,,,,,,,,,,
TBX22,T-box,transcription,factor,22,Approved,"CPX,",CLPA,Xq21.1,AL031000,NM_016954,,,,,,,,,,,,,,
TCEAL1,transcription,elongation,factor,A,like,1,Approved,"p21,","pp21,","SIIR,","P21,",WEX9,Xq22.2,M99701,NM_004780,,,,,,,,,
TCEAL2,transcription,elongation,factor,A,like,2,Approved,"my048,","MY0876G05,",WEX1,Xq22.1,AF325115,NM_080390,,,,,,,,,,,
TCEAL3,transcription,elongation,factor,A,like,3,Approved,"MGC15737,",WEX8,Xq22.2,BC008703,NM_032926,,,,,,,,,,,,
TCEAL3-AS1,TCEAL3,antisense,RNA,1,Approved,Xq22.2,AV651489,,,,,,,,,,,,,,,,,
TCEAL4,transcription,elongation,factor,A,like,4,Approved,"FLJ21174,",WEX7,Xq22.2,AF314542,NM_024863,,,,,,,,,,,,
TCEAL5,transcription,elongation,factor,A,like,5,Approved,WEX4,Xq22.1,NM_001012979,,,,,,,,,,,,,,
TCEAL6,transcription,elongation,factor,A,like,6,Approved,WEX2,Xq22.1,BC071675,NM_001006938,,,,,,,,,,,,,
TCEAL7,transcription,elongation,factor,A,like,7,Approved,"MGC23947,",WEX5,Xq22.2,BC016786,NM_152278,,,,,,,,,,,,
TCEAL8,transcription,elongation,factor,A,like,8,Approved,"MGC45400,",WEX3,Xq22.1,AL833632,NM_153333,,,,,,,,,,,,
TCEAL9,transcription,elongation,factor,A,like,9,Approved,WBP5,"DKFZp313K1940,",WEX6,Xq22.2,BC023544,NM_016303,,,,,,,,,,,
TCEANC,transcription,elongation,factor,A,N-terminal,and,central,domain,containing,Approved,"MGC17403,",TCEANC1,Xp22.2,NM_152634,,,,,,,,,,
TCEB1P25,symbol,"withdrawn,",see,[HGNC:38160](/data/gene-symbol-report/#!/hgnc_id/HGNC:38160),Symbol,Withdrawn,Yq12,,,,,,,,,,,,,,,,,
TCERG1P1,TCERG1,pseudogene,1,Approved,Xq23,NG_026877,,,,,,,,,,,,,,,,,,
TCP11X1,t-complex,11,"family,",X-linked,1,Approved,Xq22.1,,,,,,,,,,,,,,,,,
TCP11X2,t-complex,11,"family,",X-linked,2,Approved,Xq22.1,,,,,,,,,,,,,,,,,
TCP11X3P,t-complex,11,"family,",X-linked,"3,",pseudogene,Approved,Xq22.1,,,,,,,,,,,,,,,,
TDD,symbol,"withdrawn,",see,[HGNC:385](/data/gene-symbol-report/#!/hgnc_id/HGNC:385),Symbol,Withdrawn,X,,,,,,,,,,,,,,,,,
TEKT4P1,tektin,4,pseudogene,1,Approved,Yq11.1,XM_002344445,,,,,,,,,,,,,,,,,
TENM1,teneurin,transmembrane,protein,1,Approved,"ODZ3,","TNM,",ODZ1,"TEN-M1,",TEN1,Xq25,AF100772,NM_014253,,,,,,,,,,,
TENT5D,terminal,nucleotidyltransferase,5D,Approved,FAM46D,"MGC26999,","CT1.26,",CT112,Xq21.1,BX537938,NM_152630,,,,,,,,,,,,,
TERF1P4,TERF1,pseudogene,4,Approved,Xq21.1,,,,,,,,,,,,,,,,,,,
TERF1P7,TERF1,pseudogene,7,Approved,Xq13.3,,,,,,,,,,,,,,,,,,,
TEX11,testis,expressed,11,Approved,"TSGA3,","TGC1,","ZIP4,","ZIP4H,","MZIP4,",Spo22,Xp11,AF285594,,,,,,,,,,,,
TEX13A,testis,expressed,13A,Approved,Xq22.3,AF285597,NM_031274,,,,,,,,,,,,,,,,,
TEX13B,testis,expressed,13B,Approved,"TSGA5,",TGC3B,Xq22.3,AF285598,,,,,,,,,,,,,,,,
TEX13C,TEX13,family,member,C,Approved,Xq25,,,,,,,,,,,,,,,,,,
TEX13D,TEX13,family,member,D,Approved,Xq25,,,,,,,,,,,,,,,,,,
TEX16P,testis,expressed,"16,",pseudogene,Approved,Xq21.1,,,,,,,,,,,,,,,,,,
TEX28,testis,expressed,28,Approved,CXorf2,fTEX,Xq28,U93720,NM_001586,,,,,,,,,,,,,,,
TEX28P1,TEX28,pseudogene,1,Approved,pTEX,Xq28,NG_005787,,,,,,,,,,,,,,,,,
TEX28P2,TEX28,pseudogene,2,Approved,"pTEX,",CXorf2B,Xq28,XM_927078,,,,,,,,,,,,,,,,
TEX28P3,TEX28,pseudogene,3,Approved,Xq28,,,,,,,,,,,,,,,,,,,
TEX101P1,TEX101,pseudogene,1,Approved,Xq22.1,,,,,,,,,,,,,,,,,,,
TFDP1P2,TFDP1,pseudogene,2,Approved,Xp21.1,NG_006953,,,,,,,,,,,,,,,,,,
TFDP3,transcription,factor,Dp,family,member,3,Approved,"HCA661,","E2F-like,",CT30,Xq26.2,AF219119,NM_016521,,,,,,,,,,,
TFE3,transcription,factor,binding,to,IGHM,enhancer,3,Approved,"TFEA,",bHLHe33,Xp11.23,X96717,NM_006521,,,,,,,,,,,
TGCT1,testicular,germ,cell,tumor,susceptibility,1,Entry,Withdrawn,Xq27,,,,,,,,,,,,,,,
TGIF2LX,TGFB,induced,factor,homeobox,2,like,X-linked,Approved,Xq21.31,AF497480,NM_138960,,,,,,,,,,,,,
TGIF2LY,TGFB,induced,factor,homeobox,2,like,Y-linked,Approved,Yp11.2,AF332223,NM_139214,,,,,,,,,,,,,
THAP12P1,THAP,domain,containing,12,pseudogene,1,Approved,PRKRIRP1,Xq13.2,NG_022612,,,,,,,,,,,,,,
THAS,thoracoabdominal,syndrome,Entry,Withdrawn,X,,,,,,,,,,,,,,,,,,,
THC,symbol,"withdrawn,",see,[HGNC:12731](/data/gene-symbol-report/#!/hgnc_id/HGNC:12731),Symbol,Withdrawn,Xp21-p11,,,,,,,,,,,,,,,,,
THOC2,THO,complex,subunit,2,Approved,"CXorf3,","MRX12,",MRX35,"THO2,",dJ506G2.1,Xq25,AF441770,,,,,,,,,,,,
TIMM8A,translocase,of,inner,mitochondrial,membrane,8A,Approved,DFN1,"DDP,",MTS,Xq22.1,U66035,NM_004085,,,,,,,,,,,
TIMM8BP2,translocase,of,inner,mitochondrial,membrane,8B,pseudogene,2,Approved,Xq26.2,,,,,,,,,,,,,,
TIMM17B,translocase,of,inner,mitochondrial,membrane,17B,Approved,"DXS9822,",JM3,Xp11.23,AF034790,NM_005834,,,,,,,,,,,,
TIMP1,TIMP,metallopeptidase,inhibitor,1,Approved,"TIMP,",CLGI,EPO,Xp11.3,NM_003254,,,,,,,,,,,,,,
TIPINP1,TIPIN,pseudogene,1,Approved,Xp11.22,,,,,,,,,,,,,,,,,,,
TJAP1P1,TJAP1,pseudogene,1,Approved,Xq25,NG_011687,,,,,,,,,,,,,,,,,,
TKCR,"torticollis,","keloids,",cryptorchidism,and,renal,dysplasia,Entry,Withdrawn,TKC,Xq28-qter,,,,,,,,,,,,,,
TKTL1,transketolase,like,1,Approved,"TKR,",TKT2,Xq28,X91817,NM_012253,,,,,,,,,,,,,,,
TLE1P1,TLE,family,member,1,pseudogene,1,Approved,Xq12,NG_022665,,,,,,,,,,,,,,,
TLR7,toll,like,receptor,7,Approved,Xp22.2,AF240467,NM_016562,,,,,,,,,,,,,,,,
TLR8,toll,like,receptor,8,Approved,"CD288,",hTLR8,Xp22.2,AF246971,NM_016610,,,,,,,,,,,,,,
TLR8-AS1,TLR8,antisense,RNA,1,Approved,Xp22.2,,,,,,,,,,,,,,,,,,
TM9SF5P,transmembrane,9,superfamily,member,"5,",pseudogene,Approved,Xq26.3,,,,,,,,,,,,,,,,
TMEM30BP1,TMEM30B,pseudogene,1,Approved,Xq24,NG_056227,,,,,,,,,,,,,,,,,,
TMEM31,transmembrane,protein,31,Approved,MGC39655,Xq22.2,BC029575,NM_182541,,,,,,,,,,,,,,,,
TMEM35A,transmembrane,protein,35A,Approved,TMEM35,"FLJ14084,","TUF-1,",NACHO,Xq22.1,AK024146,NM_021637,,,,,,,,,,,,,
TMEM47,transmembrane,protein,47,Approved,TM4SF10,"BCMP1,","DKFZP761J17121,","DKFZp564E153,",VAB-9,Xp21.1,AK090917,NM_031442,,,,,,,,,,,,
TMEM164,transmembrane,protein,164,Approved,"FLJ22679,",RP13-360B22.2,Xq23,AK094127,NM_032227,,,,,,,,,,,,,,,
TMEM167AP1,transmembrane,protein,167A,pseudogene,1,Approved,Yq11.223,NG_002949,,,,,,,,,,,,,,,,
TMEM184CP1,TMEM184C,pseudogene,1,Approved,Xq21.31,NG_022617,,,,,,,,,,,,,,,,,,
TMEM185A,transmembrane,protein,185A,Approved,"CXorf13,","FAM11A,",FRAXF,Xq28,AF353675,NM_032508,,,,,,,,,,,,,,
TMEM185AP1,transmembrane,protein,185A,pseudogene,1,Approved,TMEM185AL,Xq28,,,,,,,,,,,,,,,,
TMEM187,transmembrane,protein,187,Approved,CXorf12,"ITBA1,",DXS9878E,Xq28,X92475,NM_003492,,,,,,,,,,,,,,
TMEM230P1,TMEM230,pseudogene,1,Approved,Xq22.3,,,,,,,,,,,,,,,,,,,
TMEM255A,transmembrane,protein,255A,Approved,FAM70A,FLJ20716,Xq24,BC047054,NM_017938,,,,,,,,,,,,,,,
TMEM257,symbol,"withdrawn,",see,[HGNC:13449](/data/gene-symbol-report/#!/hgnc_id/HGNC:13449),Symbol,Withdrawn,CXorf1,Xq27.3,,,,,,,,,,,,,,,,
TMLHE,trimethyllysine,"hydroxylase,",epsilon,Approved,"TMLH,","FLJ10727,","BBOX2,",XAP130,Xq28,"AF373407,",X97513,NM_018196,,,,,,,,,,,,
TMLHE-AS1,TMLHE,antisense,RNA,1,Approved,Xq28,BC042086,NR_039991,,,,,,,,,,,,,,,,
TMLHEP1,TMLHE,pseudogene,1,Approved,Xq28,,,,,,,,,,,,,,,,,,,
TMSB4X,thymosin,beta,4,X-linked,Approved,TMSB4,TB4X,Xp22.2,NM_021109,,,,,,,,,,,,,,,
TMSB4XP7,TMSB4X,pseudogene,7,Approved,TMSL7,Xq23,NG_002997,,,,,,,,,,,,,,,,,
TMSB4Y,thymosin,beta,4,Y-linked,Approved,TB4Y,Yq11.221,AF000989,NM_004202,,,,,,,,,,,,,,,
TMSB10P2,thymosin,beta,10,pseudogene,2,Approved,Xp22.13,,,,,,,,,,,,,,,,,
TMSB15A,thymosin,beta,15A,Approved,TMSL8,TMSNB,Xq22.1,D82345,NM_021992,,,,,,,,,,,,,,,
TMSB15B,thymosin,beta,15B,Approved,MGC39900,Xq22.2,NM_194324,,,,,,,,,,,,,,,,,
TMSB15B-AS1,TMSB15B,antisense,RNA,1,Approved,Xq22.2,NR_146556,,,,,,,,,,,,,,,,,
TMSB15C,thymosin,beta,15C,Approved,Xq22.2,,,,,,,,,,,,,,,,,,,
TNIP2P1,TNIP2,pseudogene,1,Approved,Xp11.4,NR_027761,,,,,,,,,,,,,,,,,,
TNM,symbol,"withdrawn,",see,[HGNC:8117](/data/gene-symbol-report/#!/hgnc_id/HGNC:8117),Symbol,Withdrawn,Xq25,,,,,,,,,,,,,,,,,
TNMD,tenomodulin,Approved,"myodulin,","ChM1L,","tendin,","TEM,",BRICD4,Xq22.1,AF191770,NM_022144,,,,,,,,,,,,,,
TNPO3P1,TNPO3,pseudogene,1,Approved,Xq23,NG_022629,,,,,,,,,,,,,,,,,,
TNR1,Turner,syndrome,1,Entry,Withdrawn,X,,,,,,,,,,,,,,,,,,
TNRC8,symbol,"withdrawn,",see,[HGNC:1497](/data/gene-symbol-report/#!/hgnc_id/HGNC:1497),Symbol,Withdrawn,TNRC8,CAGH39,Xp11.4,,,,,,,,,,,,,,,
TOMM20P4,TOMM20,pseudogene,4,Approved,Xq13.2,,,,,,,,,,,,,,,,,,,
TOMM22P1,TOMM22,pseudogene,1,Approved,Yq11.223,,,,,,,,,,,,,,,,,,,
TOMM22P2,TOMM22,pseudogene,2,Approved,Yp11.31,,,,,,,,,,,,,,,,,,,
TPM2P1,TPM2,pseudogene,1,Approved,Xq26.3,NG_026892,,,,,,,,,,,,,,,,,,
TPMTP3,thiopurine,S-methyltransferase,pseudogene,3,Approved,Xp11.22,,,,,,,,,,,,,,,,,,
TPMTP4,thiopurine,S-methyltransferase,pseudogene,4,Approved,Xq21.2,,,,,,,,,,,,,,,,,,
TPT1P13,TPT1,pseudogene,13,Approved,Xq25,,,,,,,,,,,,,,,,,,,
TPT1P14,TPT1,pseudogene,14,Approved,Xp22.2,,,,,,,,,,,,,,,,,,,
TPT1P15,TPT1,pseudogene,15,Approved,Xq13.1,,,,,,,,,,,,,,,,,,,
TPTE2P4,TPTE2,pseudogene,4,Approved,Yq11.23,,,,,,,,,,,,,,,,,,,
TRAPPC2,trafficking,protein,particle,complex,subunit,2,Approved,SEDL,"TRS20,","SEDT,","MIP-2A,","ZNF547L,",hYP38334,Xp22.2,AF157061,NM_014563,,,,,,,,
TRAPPC2LP1,TRAPPC2L,pseudogene,1,Approved,Xq13.1,NG_026716,,,,,,,,,,,,,,,,,,
TRAPPC2P3,trafficking,protein,particle,complex,2,pseudogene,3,Approved,SEDLP3,Yq11.222,AC007742,NG_004636.1,,,,,,,,,,,,
TRAPPC2P4,trafficking,protein,particle,complex,2,pseudogene,4,Approved,SEDLP4,Yq11.23,AC007965,NG_004755.2,,,,,,,,,,,,
TRAPPC2P5,trafficking,protein,particle,complex,2,pseudogene,5,Approved,SEDLP5,Yq11.23,AC010682,NG_004755.2,,,,,,,,,,,,
TRAPPC2P6,trafficking,protein,particle,complex,2,pseudogene,6,Approved,SEDLP6,Yq11.23,AC009235,,,,,,,,,,,,,
TRAPPC2P7,trafficking,protein,particle,complex,2,pseudogene,7,Approved,SEDLP7,Yq11.222,AC007379,NG_004636.1,,,,,,,,,,,,
TRAPPC2P8,trafficking,protein,particle,complex,2,pseudogene,8,Approved,TRAPPC2P3B,Yq11.222,,,,,,,,,,,,,,
TRAPPC2P9,trafficking,protein,particle,complex,2,pseudogene,9,Approved,TRAPPC2P4B,Yq11.223,NG_004755,,,,,,,,,,,,,
TRAPPC2P10,trafficking,protein,particle,complex,2,pseudogene,10,Approved,TRAPPC2P5B,Yq11.23,NG_004755,,,,,,,,,,,,,
TRAPPC13P1,trafficking,protein,particle,complex,13,pseudogene,1,Approved,Xq13.3,,,,,,,,,,,,,,,
TRE-CTC18-1,tRNA-Glu,(CTC),18-Jan,Approved,TRNAE37P,tRNA-Glu-CTC-18-1,Xp11.22,HG983776,,,,,,,,,,,,,,,,
TREX2,three,prime,repair,exonuclease,2,Approved,Xq28,AF151107,NM_080701,,,,,,,,,,,,,,,
TRI-GAT1-1,tRNA-Ile,(anticodon,GAT),1-Jan,Approved,TRNAI7,tRNA-Ile-GAT-1-1,Xp22.33,HG983860,,,,,,,,,,,,,,,
TRI-GAT1-2,tRNA-Ile,(anticodon,GAT),1-Feb,Approved,TRNAI3,tRNA-Ile-GAT-1-2,Xp22.33,HG983861,,,,,,,,,,,,,,,
TRI-GAT1-3,tRNA-Ile,(anticodon,GAT),1-Mar,Approved,TRNAI26,tRNA-Ile-GAT-1-3,Xp22.33,HG983862,,,,,,,,,,,,,,,
TRIM60P1Y,tripartite,motif,containing,60,pseudogene,"1,",Y-linked,Approved,TRIM60PY1,TRIM60P1,Yp11.2,,,,,,,,,,,,,
TRIM60P2Y,tripartite,motif,containing,60,pseudogene,"2,",Y-linked,Approved,TRIM60PY2,TRIM60P2,Yp11.2,,,,,,,,,,,,,
TRIM60P3Y,tripartite,motif,containing,60,pseudogene,"3,",Y-linked,Approved,TRIM60PY3,TRIM60P3,Yp11.2,,,,,,,,,,,,,
TRIM60P4Y,tripartite,motif,containing,60,pseudogene,"4,",Y-linked,Approved,TRIM60PY4,TRIM60P4,Yq11.223,,,,,,,,,,,,,
TRIM60P5Y,tripartite,motif,containing,60,pseudogene,"5,",Y-linked,Approved,TRIM60PY5,TRIM60P5,Yq11.23,,,,,,,,,,,,,
TRIM60P6Y,tripartite,motif,containing,60,pseudogene,"6,",Y-linked,Approved,TRIM60PY6,TRIM60P6,Yq11.23,,,,,,,,,,,,,
TRIM60P7Y,tripartite,motif,containing,60,pseudogene,"7,",Y-linked,Approved,TRIM60PY7,TRIM60P7,Yq11.23,,,,,,,,,,,,,
TRIM60P8Y,tripartite,motif,containing,60,pseudogene,"8,",Y-linked,Approved,TRIM60PY8,TRIM60P8,Yq11.223,,,,,,,,,,,,,
TRIM60P9Y,tripartite,motif,containing,60,pseudogene,"9,",Y-linked,Approved,TRIM60PY9,TRIM60P9,Yq11.223,,,,,,,,,,,,,
TRIM60P10Y,tripartite,motif,containing,60,pseudogene,"10,",Y-linked,Approved,TRIM60PY10,TRIM60P10,Yq11.23,,,,,,,,,,,,,
TRIM60P11Y,tripartite,motif,containing,60,pseudogene,"11,",Y-linked,Approved,TRIM60PY11,TRIM60P11,Yq11.23,,,,,,,,,,,,,
TRIM60P12Y,tripartite,motif,containing,60,pseudogene,"12,",Y-linked,Approved,TRIM60PY12,TRIM60P12,Yq11.23,,,,,,,,,,,,,
TRMT1P1,TRMT1,pseudogene,1,Approved,Xq27.3,NG_022710,,,,,,,,,,,,,,,,,,
TRMT2B,tRNA,methyltransferase,2,homolog,B,Approved,CXorf34,FLJ12687,Xq22.1,BC020116,NM_024917,,,,,,,,,,,,,
TRMT2B-AS1,TRMT2B,antisense,RNA,1,Approved,Xq22.1,,,,,,,,,,,,,,,,,,
TRN-GTT26-1,tRNA-Asn,(anticodon,GTT),26-Jan,Approved,tRNA-Asn-GTT-26-1,1,not,on,reference,assembly,,,,,,,,,,,,,
TRNAI10,transfer,RNA,isoleucine,10,(anticodon,GAU),Entry,Withdrawn,X,,,,,,,,,,,,,,,
TRNAI14,transfer,RNA,isoleucine,14,(anticodon,GAU),Entry,Withdrawn,X,,,,,,,,,,,,,,,
TRNAI16,transfer,RNA,isoleucine,16,(anticodon,GAU),Entry,Withdrawn,X,,,,,,,,,,,,,,,
TRNAI19,transfer,RNA,isoleucine,19,(anticodon,GAU),Entry,Withdrawn,X,,,,,,,,,,,,,,,
TRNAI27,transfer,RNA,isoleucine,27,(anticodon,GAU),Entry,Withdrawn,X,,,,,,,,,,,,,,,
TRO,trophinin,Approved,"MAGE-D3,","KIAA1114,",MAGED3,Xp11.21,U04811,NM_016157,,,,,,,,,,,,,,,,
TRPC5,transient,receptor,potential,cation,channel,subfamily,C,member,5,Approved,PPP1R159,Xq23,AF054568,NM_012471,,,,,,,,,,
TRPC5OS,TRPC5,opposite,strand,Approved,TRPC5-AS1,Xq23,NM_001195576,,,,,,,,,,,,,,,,,
TRPC6P1,TRPC6,pseudogene,1,Approved,TRPC6P,TRPC6L,Xq28,and,Yq12,NG_005687,,,,,,,,,,,,,,
TRV-TAC1-2,tRNA-Val,(anticodon,TAC),1-Feb,Approved,TRNAV19,tRNA-Val-TAC-1-2,Xp22.13,HG984132,,,,,,,,,,,,,,,
TSC22D3,TSC22,domain,family,member,3,Approved,DSIPI,"DIP,","GILZ,","TSC-22R,",hDIP,Xq22.3,Z50781,NM_198057,,,,,,,,,,
TSIX,TSIX,"transcript,",XIST,antisense,RNA,Approved,"NCRNA00013,","XIST-AS1,",LINC00013,Xq13.2,NR_003255,,,,,,,,,,,,,
TSPAN6,tetraspanin,6,Approved,TM4SF6,"T245,",TSPAN-6,Xq22.1,AF043906,,,,,,,,,,,,,,,,
TSPAN7,tetraspanin,7,Approved,"MXS1,","TM4SF2,",MRX58,"DXS1692E,","TALLA-1,","A15,",CD231,Xp11.4,D29808,,,,,,,,,,,,
TSPY1,testis,specific,protein,Y-linked,1,Approved,TSPY,CT78,Yp11.2,NM_003308,,,,,,,,,,,,,,
TSPY2,testis,specific,protein,Y-linked,2,Approved,TSPYQ1,Yp11.2,AF106331,NM_022573,,,,,,,,,,,,,,
TSPY3,testis,specific,protein,Y-linked,3,Approved,CT78,Yp11.2,BC075016,NM_001077697,,,,,,,,,,,,,,
TSPY4,testis,specific,protein,Y-linked,4,Approved,Yp11.2,AK093413,NM_001164471,,,,,,,,,,,,,,,
TSPY5P,testis,specific,protein,Y-linked,"5,",pseudogene,Approved,TSPYP5,Yp11.2,NG_003093,,,,,,,,,,,,,,
TSPY6P,testis,specific,protein,Y-linked,"6,",pseudogene,Approved,TSPYP6,Yp11.2,XR_016233,,,,,,,,,,,,,,
TSPY7P,testis,specific,protein,Y-linked,"7,",pseudogene,Approved,TSPYP7,Yp11.2,XR_038447,,,,,,,,,,,,,,
TSPY8,testis,specific,protein,Y-linked,8,Approved,Yp11.2,NM_001243721,,,,,,,,,,,,,,,,
TSPY9,testis,specific,protein,Y-linked,9,Approved,TSPY9P,Yp11.2,NM_001396063,,,,,,,,,,,,,,,
TSPY10,testis,specific,protein,Y-linked,10,Approved,Yp11.2,NM_001320962,,,,,,,,,,,,,,,,
TSPY11P,testis,specific,protein,Y-linked,"11,",pseudogene,Approved,TSPYP1,Yp11.2,NG_003077,,,,,,,,,,,,,,
TSPY12P,testis,specific,protein,Y-linked,"12,",pseudogene,Approved,TSPYP2,Yp11.2,NG_003078,,,,,,,,,,,,,,
TSPY13P,testis,specific,protein,Y-linked,"13,",pseudogene,Approved,TSPYP3,Yp11.2,NG_003079,,,,,,,,,,,,,,
TSPY14P,testis,specific,protein,Y-linked,"14,",pseudogene,Approved,TSPYP4,Yq11.223,NG_003080,,,,,,,,,,,,,,
TSPY15P,testis,specific,protein,Y-linked,"15,",pseudogene,Approved,Yp11.2,,,,,,,,,,,,,,,,
TSPY16P,testis,specific,protein,Y-linked,"16,",pseudogene,Approved,Yp11.2,XM_001714044,,,,,,,,,,,,,,,
TSPY17P,testis,specific,protein,Y-linked,"17,",pseudogene,Approved,Yp11.2,,,,,,,,,,,,,,,,
TSPY18P,testis,specific,protein,Y-linked,"18,",pseudogene,Approved,Yp11.2,,,,,,,,,,,,,,,,
TSPY19P,testis,specific,protein,Y-linked,"19,",pseudogene,Approved,Yp11.2,,,,,,,,,,,,,,,,
TSPY20P,testis,specific,protein,Y-linked,"20,",pseudogene,Approved,Yp11.2,,,,,,,,,,,,,,,,
TSPY21P,testis,specific,protein,Y-linked,"21,",pseudogene,Approved,Yq11.223,,,,,,,,,,,,,,,,
TSPY22P,testis,specific,protein,Y-linked,"22,",pseudogene,Approved,Yq11.223,,,,,,,,,,,,,,,,
TSPY23P,testis,specific,protein,Y-linked,"23,",pseudogene,Approved,Yq11.223,,,,,,,,,,,,,,,,
TSPY24P,testis,specific,protein,Y-linked,"24,",pseudogene,Approved,Yp11.2,,,,,,,,,,,,,,,,
TSPY25P,testis,specific,protein,Y-linked,"25,",pseudogene,Approved,Yp11.2,,,,,,,,,,,,,,,,
TSPYL2,TSPY,like,2,Approved,"SE20-4,","HRIHFB2216,","CTCL,","DENTT,","CDA1,","CINAP,",TSPX,Xp11.22,AF273046,NM_022117,,,,,,,,,,
TSR2,TSR2,ribosome,maturation,factor,Approved,"DT1P1A10,","RP1-112K5.2,",WGG1,Xp11.22,BC007699,NM_058163,,,,,,,,,,,,,
TTC3P1,tetratricopeptide,repeat,domain,3,pseudogene,1,Approved,TTC3L,RNF105L,Xq13.3,XR_017027,,,,,,,,,,,,,
TTTY1,testis-specific,"transcript,",Y-linked,1,Approved,"TTY1,","NCRNA00033,",LINC00033,Yp11.2,AF000990,NR_001538,,,,,,,,,,,,,
TTTY1B,testis-specific,"transcript,",Y-linked,1B,Approved,Yp11.2,NR_003589,,,,,,,,,,,,,,,,,
TTTY2,testis-specific,"transcript,",Y-linked,2,Approved,"TTY2,",lINC00109,Yp11.2,AF000991,NR_001536,,,,,,,,,,,,,,
TTTY2B,testis-specific,"transcript,",Y-linked,2B,Approved,Yp11.2,NR_003590,,,,,,,,,,,,,,,,,
TTTY3,testis-specific,"transcript,",Y-linked,3,Approved,"TTY3,","TTTY3A,",LINC00121,Yq11.23,AF332230,NR_001524,,,,,,,,,,,,,
TTTY3B,testis-specific,"transcript,",Y-linked,3B,Approved,LNCRNA00122,Yq11.23,NR_002176,,,,,,,,,,,,,,,,
TTTY4,testis-specific,"transcript,",Y-linked,4,Approved,"TTY4,","TTTY4A,",LINC00123,Yq11.223,AF332231,NR_001525,,,,,,,,,,,,,
TTTY4B,testis-specific,"transcript,",Y-linked,4B,Approved,LINC00124,Yq11.23,NR_002178,,,,,,,,,,,,,,,,
TTTY4C,testis-specific,"transcript,",Y-linked,4C,Approved,LINC00125,Yq11.23,NR_002177,,,,,,,,,,,,,,,,
TTTY5,testis-specific,"transcript,",Y-linked,5,Approved,"TTY5,",LINC00126,Yq11.223,AF332236,NR_001541,,,,,,,,,,,,,,
TTTY6,testis-specific,"transcript,",Y-linked,6,Approved,"TTY6,","TTTY6A,",LINC00127,Yq11.223,AF332237,NR_001527,,,,,,,,,,,,,
TTTY6B,testis-specific,"transcript,",Y-linked,6B,Approved,LINC00128,Yq11.223,AY597808,NR_002175,,,,,,,,,,,,,,,
TTTY7,testis-specific,"transcript,",Y-linked,7,Approved,"LINC00129,",TTTY7A,Yp11.2,AF332232,NR_001534,,,,,,,,,,,,,,
TTTY7B,testis-specific,"transcript,",Y-linked,7B,Approved,NCRNA00215,Yp11.2,BX089948,NR_003592,,,,,,,,,,,,,,,
TTTY8,testis-specific,"transcript,",Y-linked,8,Approved,"TTY8,","NCRNA00130,",LINC00130,Yp11.2,AF332234,NR_001533,,,,,,,,,,,,,
TTTY8B,testis-specific,"transcript,",Y-linked,8B,Approved,NCRNA00217,Yp11.2,NR_003591,,,,,,,,,,,,,,,,
TTTY9A,testis-specific,"transcript,",Y-linked,9A,Approved,TTTY9,"TTY9,",NCRNA00131,Yq11.222,AF332238,NR_001530,,,,,,,,,,,,,
TTTY9B,testis-specific,"transcript,",Y-linked,9B,Approved,NCRNA00132,Yq11.222,NR_002159,,,,,,,,,,,,,,,,
TTTY10,testis-specific,"transcript,",Y-linked,10,Approved,NCRNA00133,Yq11.223,AF332239,NR_001542,,,,,,,,,,,,,,,
TTTY11,testis-specific,"transcript,",Y-linked,11,Approved,"TTY11,",NCRNA00134,Yp11.2,AF332240,NR_001548,,,,,,,,,,,,,,
TTTY12,testis-specific,"transcript,",Y-linked,12,Approved,"TTY11,",NCRNA00135,Yp11.2,AF332241,NR_001551,,,,,,,,,,,,,,
TTTY13,testis-specific,"transcript,",Y-linked,13,Approved,"TTY13,",NCRNA00136,Yq11.223,AF332242,NR_001537,,,,,,,,,,,,,,
TTTY13B,testis-specific,"transcript,",Y-linked,13B,Approved,Yp11.2,,,,,,,,,,,,,,,,,,
TTTY13C,testis-specific,"transcript,",Y-linked,13C,Approved,Yp11.2,not,on,reference,assembly,,,,,,,,,,,,,,
TTTY14,testis-specific,"transcript,",Y-linked,14,Approved,"NCRNA00185,",CYorf14,"TTY14,","NCRNA00137,",PRO2834,Yq11.222,AF332243,NR_001543,,,,,,,,,,,
TTTY15,testis-specific,"transcript,",Y-linked,15,Approved,"DKFZP434I143,",NCRNA00138,Yq11.221,AL080135,NR_001545,,,,,,,,,,,,,,
TTTY16,testis-specific,"transcript,",Y-linked,16,Approved,NCRNA00139,Yp11.2,NR_001552,,,,,,,,,,,,,,,,
TTTY17A,testis-specific,"transcript,",Y-linked,17A,Approved,TTTY17,NCRNA00140,Yq11.223,AF527829,NR_001526,,,,,,,,,,,,,,
TTTY17B,testis-specific,"transcript,",Y-linked,17B,Approved,NCRNA00141,Yq11.23,NR_002180,,,,,,,,,,,,,,,,
TTTY17C,testis-specific,"transcript,",Y-linked,17C,Approved,NCRNA00142,Yq11.23,NR_002179,,,,,,,,,,,,,,,,
TTTY18,testis-specific,"transcript,",Y-linked,18,Approved,NCRNA00143,Yp11.2,NR_001550,,,,,,,,,,,,,,,,
TTTY19,testis-specific,"transcript,",Y-linked,19,Approved,NCRNA00144,Yp11.2,NR_001549,,,,,,,,,,,,,,,,
TTTY20,testis-specific,"transcript,",Y-linked,20,Approved,NCRNA00145,Yp11.2,NR_001546,,,,,,,,,,,,,,,,
TTTY21,testis-specific,"transcript,",Y-linked,21,Approved,NCRNA00146,Yp11.2,NR_001535,,,,,,,,,,,,,,,,
TTTY21B,testis-specific,"transcript,",Y-linked,21B,Approved,Yp11.2,NR_003588,,,,,,,,,,,,,,,,,
TTTY22,testis-specific,"transcript,",Y-linked,22,Approved,NCRNA00147,Yp11.2,NR_001539,,,,,,,,,,,,,,,,
TTTY23,testis-specific,"transcript,",Y-linked,23,Approved,NCRNA00148,Yp11.2,NR_001540,,,,,,,,,,,,,,,,
TTTY23B,testis-specific,"transcript,",Y-linked,23B,Approved,Yp11.2,NR_003593,,,,,,,,,,,,,,,,,
TTTY24P,testis-specific,"transcript,",Y-linked,"24,",pseudogene,Approved,Yp11.2,,,,,,,,,,,,,,,,,
TTTY25P,testis-specific,"transcript,",Y-linked,"25,",pseudogene,Approved,Yq11.223,,,,,,,,,,,,,,,,,
TTTY26P,testis-specific,"transcript,",Y-linked,"26,",pseudogene,Approved,Yp11.2,,,,,,,,,,,,,,,,,
TTTY27P,testis-specific,"transcript,",Y-linked,"27,",pseudogene,Approved,Yp11.2,,,,,,,,,,,,,,,,,
TTTY28P,testis-specific,"transcript,",Y-linked,"28,",pseudogene,Approved,Yq11.23,,,,,,,,,,,,,,,,,
TTTY29P,testis-specific,"transcript,",Y-linked,"29,",pseudogene,Approved,Yq11.223,,,,,,,,,,,,,,,,,
TTTY30P,testis-specific,"transcript,",Y-linked,"30,",pseudogene,Approved,Yp11.2,,,,,,,,,,,,,,,,,
TTTY31P,testis-specific,"transcript,",Y-linked,"31,",pseudogene,Approved,Yp11.2,,,,,,,,,,,,,,,,,
TUBAP6,tubulin,alpha,pseudogene,6,Approved,Xq23,,,,,,,,,,,,,,,,,,
TUBB1P1,tubulin,beta,1,class,VI,pseudogene,1,Approved,Yq11.222,NG_002948,,,,,,,,,,,,,,
TUBB1P2,tubulin,beta,1,class,VI,pseudogene,2,Approved,Yq11.222,NG_002947,,,,,,,,,,,,,,
TUBB4AP1,tubulin,beta,4A,class,IVa,pseudogene,1,Approved,Xq25,NG_022697,,,,,,,,,,,,,,
TUBB4BP3,TUBB4B,pseudogene,3,Approved,Xq24,,,,,,,,,,,,,,,,,,,
TUBB4BP8,TUBB4B,pseudogene,8,Approved,Xq21.33,NG_023207,,,,,,,,,,,,,,,,,,
TUSC2P1,TUSC2,pseudogene,1,Approved,TUSC2P,Yp11.2,NG_002812,,,,,,,,,,,,,,,,,
TUSC2P2,TUSC2,pseudogene,2,Approved,Xq21.32,,,,,,,,,,,,,,,,,,,
TWF1P2,twinfilin,1,pseudogene,2,Approved,PTK9P2,A6ps2,Xq28,,,,,,,,,,,,,,,,
TXLNG,taxilin,gamma,Approved,CXorf15,"FLJ11209,","LSR5,","FIAT,","MGC126621,","MGC126625,",TXLNGX,Xp22.2,AK002071,NM_018360,,,,,,,,,,,
TXLNGY,taxilin,gamma,"pseudogene,",Y-linked,Approved,"CYorf15A,","CYorf15B,",TXLNG2P,Yq11.222-q11.223,AF332224,NR_045128,,,,,,,,,,,,,
UBA1,ubiquitin,like,modifier,activating,enzyme,1,Approved,"A1S9T,","GXP1,",UBE1,"UBE1X,","POC20,",CFAP124,Xp11.3,AF258566,NM_003334,,,,,,,,
UBE2A,ubiquitin,conjugating,enzyme,E2,A,Approved,"UBC2,","HHR6A,","RAD6A,",HR6A,Xq24,AK223045,NM_003336,,,,,,,,,,,
UBE2DNL,ubiquitin,conjugating,enzyme,E2,D,N-terminal,like,(pseudogene),Approved,MGC42638,Xq21.1,BC040290,NR_024062,,,,,,,,,,,
UBE2E4P,ubiquitin,conjugating,enzyme,E2,E4,pseudogene,Approved,UbcM2,Xp22.2,AF136176,NG_004721,,,,,,,,,,,,,
UBE2NL,ubiquitin,conjugating,enzyme,E2,N,like,(gene/pseudogene),Approved,Xq27.3,NM_001012989,,,,,,,,,,,,,,
UBE2Q2P4Y,UBE2Q2,pseudogene,"4,",Y-linked,Approved,UBE2Q2PY1,Yq11.23,,,,,,,,,,,,,,,,,
UBE2Q2P5Y,UBE2Q2,pseudogene,"5,",Y-linked,Approved,UBE2Q2PY2,Yq11.23,,,,,,,,,,,,,,,,,
UBE2V1P3,UBE2V1,pseudogene,3,Approved,Yp11.2,NG_002821,,,,,,,,,,,,,,,,,,
UBE2V1P7,UBE2V1,pseudogene,7,Approved,Xq21.1,,,,,,,,,,,,,,,,,,,
UBE2V1P9,UBE2V1,pseudogene,9,Approved,Xq21.31,NG_030278,,,,,,,,,,,,,,,,,,
UBE2V1P16,UBE2V1,pseudogene,16,Approved,Xq25,,,,,,,,,,,,,,,,,,,
UBL4A,ubiquitin,like,4A,Approved,UBL4,"GDX,","DXS254E,","GET5,","MDY2,",TMA24,Xq28,J03589,NM_014235,,,,,,,,,,,
UBQLN2,ubiquilin,2,Approved,"Chap1,","Dsk2,","RIHFB2157,","LIC-2,","CHAP1/DSK2,","PLIC-2,","N4BP4,",PLIC2,Xp11.21,AF189009,NM_013444,,,,,,,,,,
UBTFL11,UBTF,like,11,(pseudogene),Approved,Xp11.4,,,,,,,,,,,,,,,,,,
UFM1P1,UFM1,pseudogene,1,Approved,Xq27.3,,,,,,,,,,,,,,,,,,,
UHRF2P1,ubiquitin,like,with,PHD,and,ring,finger,domains,2,pseudogene,1,Approved,Xq13.2,NG_002342,,,,,,,,,,
UPF3B,UPF3B,regulator,of,nonsense,mediated,mRNA,decay,Approved,"MRX62,","UPF3BP1,","UPF3BP2,",UPF3BP3,"RENT3B,","UPF3X,","HUPF3B,",MRX82,Xq24,AF318576,NM_080632,,,,,
UPF3BP1,symbol,"withdrawn,",see,[HGNC:20439](/data/gene-symbol-report/#!/hgnc_id/HGNC:20439),Symbol,Withdrawn,Xq24,,,,,,,,,,,,,,,,,
UPF3BP2,symbol,"withdrawn,",see,[HGNC:20439](/data/gene-symbol-report/#!/hgnc_id/HGNC:20439),Symbol,Withdrawn,Xq24,,,,,,,,,,,,,,,,,
UPF3BP3,symbol,"withdrawn,",see,[HGNC:20439](/data/gene-symbol-report/#!/hgnc_id/HGNC:20439),Symbol,Withdrawn,Xq24,,,,,,,,,,,,,,,,,
UPF3BP4,UPF3B,pseudogene,4,Entry,Withdrawn,Xq24,,,,,,,,,,,,,,,,,,
UPRT,uracil,phosphoribosyltransferase,homolog,Approved,"DKFZp781E1243,","MGC23937,","FUR1,",RP11-311P8.3,Xq13.3,BC015116,NM_145052,,,,,,,,,,,,,
UQCR10P1,UQCR10,pseudogene,1,Approved,Xp11.22,NG_027713,,,,,,,,,,,,,,,,,,
UQCRBP1,ubiquinol-cytochrome,c,reductase,binding,protein,pseudogene,1,Approved,Xp11.21,,,,,,,,,,,,,,,
USP9X,ubiquitin,specific,peptidase,9,X-linked,Approved,"DFFRX,","FAF,",MRX99,Xp11.4,X98296,NM_004652,,,,,,,,,,,,
USP9Y,ubiquitin,specific,peptidase,9,Y-linked,Approved,"DFFRY,",AZFA,Yq11.221,Y13618,NM_004654,,,,,,,,,,,,,
USP9YP1,USP9Y,pseudogene,1,Approved,Yq11.222,NG_003171,,,,,,,,,,,,,,,,,,
USP9YP2,USP9Y,pseudogene,2,Approved,Yq11.222,NG_003172,,,,,,,,,,,,,,,,,,
USP9YP3,USP9Y,pseudogene,3,Approved,Yq11.223,,,,,,,,,,,,,,,,,,,
USP9YP4,USP9Y,pseudogene,4,Approved,Yp11.2,NG_003168,,,,,,,,,,,,,,,,,,
USP9YP5,USP9Y,pseudogene,5,Approved,Yq11.222,,,,,,,,,,,,,,,,,,,
USP9YP6,USP9Y,pseudogene,6,Approved,CDY24P,Yq11.222,,,,,,,,,,,,,,,,,,
USP9YP7,USP9Y,pseudogene,7,Approved,Yq11.222,,,,,,,,,,,,,,,,,,,
USP9YP8,USP9Y,pseudogene,8,Approved,Yq11.223,,,,,,,,,,,,,,,,,,,
USP9YP9,USP9Y,pseudogene,9,Approved,Yq11.23,,,,,,,,,,,,,,,,,,,
USP9YP10,USP9Y,pseudogene,10,Approved,Yq11.222,,,,,,,,,,,,,,,,,,,
USP9YP11,USP9Y,pseudogene,11,Approved,Yq11.23,,,,,,,,,,,,,,,,,,,
USP9YP12,USP9Y,pseudogene,12,Approved,Yq11.223,,,,,,,,,,,,,,,,,,,
USP9YP13,USP9Y,pseudogene,13,Approved,Yq11.223,,,,,,,,,,,,,,,,,,,
USP9YP14,USP9Y,pseudogene,14,Approved,Yq11.222,,,,,,,,,,,,,,,,,,,
USP9YP15,USP9Y,pseudogene,15,Approved,Yq11.222,,,,,,,,,,,,,,,,,,,
USP9YP16,USP9Y,pseudogene,16,Approved,Yq11.222,,,,,,,,,,,,,,,,,,,
USP9YP17,USP9Y,pseudogene,17,Approved,Yq11.223,,,,,,,,,,,,,,,,,,,
USP9YP18,USP9Y,pseudogene,18,Approved,Yq11.223,,,,,,,,,,,,,,,,,,,
USP9YP19,USP9Y,pseudogene,19,Approved,Yq11.23,,,,,,,,,,,,,,,,,,,
USP9YP20,USP9Y,pseudogene,20,Approved,Yq11.23,,,,,,,,,,,,,,,,,,,
USP9YP21,USP9Y,pseudogene,21,Approved,Yq11.23,,,,,,,,,,,,,,,,,,,
USP9YP22,USP9Y,pseudogene,22,Approved,Yp11.2,,,,,,,,,,,,,,,,,,,
USP9YP23,USP9Y,pseudogene,23,Approved,Yq11.222,,,,,,,,,,,,,,,,,,,
USP9YP24,USP9Y,pseudogene,24,Approved,Yq11.223,,,,,,,,,,,,,,,,,,,
USP9YP25,USP9Y,pseudogene,25,Approved,Yq11.223,,,,,,,,,,,,,,,,,,,
USP9YP26,USP9Y,pseudogene,26,Approved,Yq11.23,,,,,,,,,,,,,,,,,,,
USP9YP27,USP9Y,pseudogene,27,Approved,Yq11.222,,,,,,,,,,,,,,,,,,,
USP9YP28,USP9Y,pseudogene,28,Approved,Yq11.222,,,,,,,,,,,,,,,,,,,
USP9YP29,USP9Y,pseudogene,29,Approved,Yq11.223,,,,,,,,,,,,,,,,,,,
USP9YP30,USP9Y,pseudogene,30,Approved,Yq11.23,,,,,,,,,,,,,,,,,,,
USP9YP31,USP9Y,pseudogene,31,Approved,Yq11.23,,,,,,,,,,,,,,,,,,,
USP9YP32,USP9Y,pseudogene,32,Approved,Yq11.222,,,,,,,,,,,,,,,,,,,
USP9YP33,USP9Y,pseudogene,33,Approved,Yq11.23,,,,,,,,,,,,,,,,,,,
USP9YP34,USP9Y,pseudogene,34,Approved,Yq11.222,,,,,,,,,,,,,,,,,,,
USP9YP35,USP9Y,pseudogene,35,Approved,Yq11.23,,,,,,,,,,,,,,,,,,,
USP9YP36,USP9Y,pseudogene,36,Approved,Yq11.23,,,,,,,,,,,,,,,,,,,
USP11,ubiquitin,specific,peptidase,11,Approved,UHX1,Xp11.3,U44839,NM_004651,,,,,,,,,,,,,,,
USP12PX,USP12,pseudogene,X-linked,Approved,USP12P2,Xq21.31,NG_002823,,,,,,,,,,,,,,,,,
USP12PY,USP12,pseudogene,Y-linked,Approved,USP12P3,Yp11.2,NG_002824,,,,,,,,,,,,,,,,,
USP26,ubiquitin,specific,peptidase,26,Approved,Xq26.2,AF285593,NM_031907,,,,,,,,,,,,,,,,
USP27X,ubiquitin,specific,peptidase,27,X-linked,Approved,USP27,Xp11.23,AW851065,NM_001145073,,,,,,,,,,,,,,
USP27X-DT,USP27X,divergent,transcript,Approved,USP27X-AS1,Xp11.23,,,,,,,,,,,,,,,,,,
USP37P1,USP37,pseudogene,1,Approved,Xq21.32,,,,,,,,,,,,,,,,,,,
USP51,ubiquitin,specific,peptidase,51,Approved,Xp11.21,BF741256,NM_201286,,,,,,,,,,,,,,,,
UTP14A,UTP14A,small,subunit,processome,component,Approved,SDCCAG16,"NY-CO-16,",Utp14,Xq26.1,AF039694,NM_006649,,,,,,,,,,,,
UTY,ubiquitously,transcribed,tetratricopeptide,repeat,"containing,",Y-linked,Approved,"KDM6AL,",KDM6C,Yq11.221,AF000994,NM_182660,,,,,,,,,,,,
UXT,ubiquitously,expressed,prefoldin,like,chaperone,Approved,"ART-27,","STAP1,",SKP2,Xp11.23,AF092737,NM_153477,,,,,,,,,,,,
UXT-AS1,UXT,antisense,RNA,1,Approved,Xp11.23,,,,,,,,,,,,,,,,,,
VAMP7,vesicle,associated,membrane,protein,7,Approved,SYBL1,"VAMP-7,",TI-VAMP,Xq28,and,Yq12,AJ295938,NM_005638,,,,,,,,,,
VBP1,VHL,binding,protein,1,Approved,"PFD3,",PFDN3,Xq28,U56833,,,,,,,,,,,,,,,
VCX,variable,charge,X-linked,Approved,"VCX1,","VCX10R,","VCX-10r,",VCX-B1,Xp22.31,AF167081,NM_013452,,,,,,,,,,,,,
VCX2,variable,charge,X-linked,2,Approved,"VCX-2r,",VCX-2R,Xp22.31,AF159127,NM_016378,,,,,,,,,,,,,,
VCX3A,variable,charge,X-linked,3A,Approved,VCX3,"VCX-8r,","VCX-8R,",VCX-A,Xp22.31,AF159128,NM_016379,,,,,,,,,,,,
VCX3B,variable,charge,X-linked,3B,Approved,VCX-C,Xp22.31,,,,,,,,,,,,,,,,,
VCY,variable,charge,Y-linked,Approved,"BPY1,","VCY1A,",VCY1,Yq11.221,AF000979,NM_004679,,,,,,,,,,,,,,
VCY1B,variable,charge,Y-linked,1B,Approved,BPY1B,Yq11.221,BC056508,NM_181880,,,,,,,,,,,,,,,
VDAC1P1,voltage,dependent,anion,channel,1,pseudogene,1,Approved,VDAC1P,Xq21.1,AJ002428,,,,,,,,,,,,,
VDAC1P2,voltage,dependent,anion,channel,1,pseudogene,2,Approved,VDAC1LP,Xp11.23,AJ012218,,,,,,,,,,,,,
VDAC1P3,voltage,dependent,anion,channel,1,pseudogene,3,Approved,Xq21.31,NG_013287,,,,,,,,,,,,,,
VDAC1P6,voltage,dependent,anion,channel,1,pseudogene,6,Approved,Yp11.2,NG_002825,,,,,,,,,,,,,,
VEGFD,vascular,endothelial,growth,factor,D,Approved,FIGF,VEGF-D,Xp22.2,AJ000185,NM_004469,,,,,,,,,,,,,
VENTXP1,VENT,homeobox,pseudogene,1,Approved,"NA88A,",CT18,Xp21.3,AF164963,NR_001559,,,,,,,,,,,,,,
VENTXP8,VENTX,pseudogene,8,Approved,Xp21.3,NG_026809,,,,,,,,,,,,,,,,,,
VEZTP1,VEZT,pseudogene,1,Approved,Xp11.3,NG_006603,,,,,,,,,,,,,,,,,,
VGLL1,vestigial,like,family,member,1,Approved,"TONDU,",TDU,Xq26.3,AF137387,NM_016267,,,,,,,,,,,,,
VKORC1P1,VKORC1,pseudogene,1,Approved,Xp21.3,NG_004115,,,,,,,,,,,,,,,,,,
VMA21,vacuolar,ATPase,assembly,factor,VMA21,Approved,MEAX,XMEA,Xq28,AK096835,NM_001017980,,,,,,,,,,,,,
VN1R110P,vomeronasal,1,receptor,110,pseudogene,Approved,Xp11.23,,,,,,,,,,,,,,,,,
VSIG1,V-set,and,immunoglobulin,domain,containing,1,Approved,"MGC44287,",GPA34,Xq22.3,BX648658,NM_182607,,,,,,,,,,,,
VSIG4,V-set,and,immunoglobulin,domain,containing,4,Approved,"Z39IG,",CRIg,Xq12,AJ132502,NM_007268,,,,,,,,,,,,
VTRNA3-1P,vault,RNA,"3-1,",pseudogene,Approved,"VAULTRC4,",VTRNA3P,"vtRNA3P,","hvg-4,",HVG4,Xp11.22,BD247421,NG_007501,,,,,,,,,,,
WAS,WASP,actin,nucleation,promoting,factor,Approved,"IMD2,",THC,"WASP,",WASPA,Xp11.23,AF115548,NM_000377,,,,,,,,,,,
WASF4P,WASP,family,member,"4,",pseudogene,Approved,WASF4,Xp11.23,AJ509090,NG_007616,,,,,,,,,,,,,,
WASH6P,WASP,family,homolog,"6,",pseudogene,Approved,"FAM39A,",CXYorf1,Xq28,and,Yq12,AI042587,NG_008380,,,,,,,,,,,
WASHC3P1,WASHC3,pseudogene,1,Approved,Xq13.1,NG_022670,,,,,,,,,,,,,,,,,,
WASIR1,WASH,and,IL9R,antisense,RNA,1,Approved,NCRNA00286B,Xq28,and,Yq12,AJ271736,,,,,,,,,,,,
WBP11P3,WBP11,pseudogene,3,Approved,Xq21.1,NG_022676,,,,,,,,,,,,,,,,,,
WDR4P1,WDR4,pseudogene,1,Approved,Xq26.3,NG_022639,,,,,,,,,,,,,,,,,,
WDR13,WD,repeat,domain,13,Approved,Xp11.23,AF329819,,,,,,,,,,,,,,,,,
WDR44,WD,repeat,domain,44,Approved,"DKFZp686L20145,","RPH11,","RAB11BP,",SYM-4,Xq24,AK001978,NM_019045,,,,,,,,,,,,
WDR45,WD,repeat,domain,45,Approved,WDRX1,"JM5,","WIPI4,",NBIA5,Xp11.23,BC003037,NM_007075,,,,,,,,,,,,
WNK3,WNK,lysine,deficient,protein,kinase,3,Approved,PRKWNK3,Xp11.22,AJ409088,NM_020922,,,,,,,,,,,,,
WSN,symbol,"withdrawn,",see,[HGNC:16499](/data/gene-symbol-report/#!/hgnc_id/HGNC:16499),Symbol,Withdrawn,Xq27.3-qter,,,,,,,,,,,,,,,,,
WTS,symbol,"withdrawn,",see,[HGNC:13315](/data/gene-symbol-report/#!/hgnc_id/HGNC:13315),Symbol,Withdrawn,MRXS6,Xp11.3-q21,,,,,,,,,,,,,,,,
WWC3,WWC,family,member,3,Approved,"KIAA1280,",BM042,Xp22.2,AK091936,NM_015691,,,,,,,,,,,,,,
WWC3-AS1,WWC3,antisense,RNA,1,Approved,Xp22.2,,,,,,,,,,,,,,,,,,
WWS,symbol,"withdrawn,",see,[HGNC:24931](/data/gene-symbol-report/#!/hgnc_id/HGNC:24931),Symbol,Withdrawn,Xq11-q22,,,,,,,,,,,,,,,,,
XACT,X,active,specific,transcript,Approved,Xq23,BQ010753,NR_131204,,,,,,,,,,,,,,,,
XAGE1A,X,antigen,family,member,1A,Approved,"GAGED2,",XAGE1,"XAGE-1,",CT12.1a,Xp11.22,NM_001097594,,,,,,,,,,,,
XAGE1B,X,antigen,family,member,1B,Approved,"XAGE1C,","XAGE1D,",XAGE1E,"CT12.1b,","CT12.1c,",CT12.1d,Xp11.22,,,,,,,,,,,
XAGE1C,symbol,"withdrawn,",see,[HGNC:25400](/data/gene-symbol-report/#!/hgnc_id/HGNC:25400),Symbol,Withdrawn,CT12.1c,Xp11.22,,,,,,,,,,,,,,,,
XAGE1D,symbol,"withdrawn,",see,[HGNC:25400](/data/gene-symbol-report/#!/hgnc_id/HGNC:25400),Symbol,Withdrawn,CT12.1d,Xp11.22,,,,,,,,,,,,,,,,
XAGE1E,symbol,"withdrawn,",see,[HGNC:25400](/data/gene-symbol-report/#!/hgnc_id/HGNC:25400),Symbol,Withdrawn,Xp11.22,,,,,,,,,,,,,,,,,
XAGE2,X,antigen,family,member,2,Approved,"GAGED3,",XAGE2B,"XAGE-2,",CT12.2,Xp11.22,NM_130777,,,,,,,,,,,,
XAGE2B,symbol,"withdrawn,",see,[HGNC:4112](/data/gene-symbol-report/#!/hgnc_id/HGNC:4112),Symbol,Withdrawn,Xp11.22,,,,,,,,,,,,,,,,,
XAGE3,X,antigen,family,member,3,Approved,"PLAC6,",GAGED4,"XAGE-3,","pp9012,","CT12.3a,",CT12.3b,Xp11.22,BG354572,NM_133179,,,,,,,,,
XAGE5,X,antigen,family,member,5,Approved,GAGED5,"XAGE-5,",CT12.5,Xp11.22,BC069129,NM_130775,,,,,,,,,,,,
XCE,X,chromosome,controlling,element,Approved,Xq13,,,,,,,,,,,,,,,,,,
XG,Xg,glycoprotein,(Xg,blood,group),Approved,PBDX,Xp22.33,AF380356,NM_175569,,,,,,,,,,,,,,
XGR,XG,and,CD99,regulator,Entry,Withdrawn,YG,Xp22.32,and,Yp11,,,,,,,,,,,,,,
XGY1,XG,"pseudogene,",Y-linked,1,Approved,XGPY,XGPY1,Yq11.221,NG_005784,,,,,,,,,,,,,,,
XGY2,XG,"pseudogene,",Y-linked,2,Approved,XGPY2,Yp11.2,Z48510,NR_003254,,,,,,,,,,,,,,,
XIAP,X-linked,inhibitor,of,apoptosis,Approved,"API3,",BIRC4,"hILP,",ILP-1,Xq25,U45880,NM_001167,,,,,,,,,,,,
XIAP-AS1,XIAP,antisense,RNA,1,Approved,Xq25,,,,,,,,,,,,,,,,,,
XIC,X,chromosome,inactivation,center,Approved,Xq12-q13,,,,,,,,,,,,,,,,,,
XIST,X,inactive,specific,transcript,Approved,DXS399E,"NCRNA00001,","DXS1089,","swd66,",LINC00001,Xq13.2,M97168,NR_001564,,,,,,,,,,,
XK,X-linked,Kx,blood,group,"antigen,",Kell,and,VPS13A,binding,protein,Approved,"NA,",NAC,"XKR1,","Kx,",X1k,Xp21.1,Z32684,NM_021083,,,,,
XKRX,XK,related,X-linked,Approved,"XPLAC,",XKR2,Xq22.1,AY589511,NM_212559,,,,,,,,,,,,,,,
XKRY,XK,"related,","Y-linked,",pseudogene,Approved,XKRY1,Yq11.222,AF000997,NR_171026,,,,,,,,,,,,,,,
XKRYP1,XK,"related,",Y-linked,pseudogene,1,Approved,Yq11.222,NG_003094,,,,,,,,,,,,,,,,
XKRYP2,XK,"related,",Y-linked,pseudogene,2,Approved,Yq11.222,NG_003095,,,,,,,,,,,,,,,,
XKRYP3,XK,"related,",Y-linked,pseudogene,3,Approved,Yq11.223,NG_003096,,,,,,,,,,,,,,,,
XKRYP4,XK,"related,",Y-linked,pseudogene,4,Approved,Yq11.23,NG_003097,,,,,,,,,,,,,,,,
XKRYP5,XK,"related,",Y-linked,pseudogene,5,Approved,Yq11.23,NG_003098,,,,,,,,,,,,,,,,
XKRYP6,XK,"related,",Y-linked,pseudogene,6,Approved,Yq11.23,NG_003099,,,,,,,,,,,,,,,,
XKRYP7,XK,"related,",Y-linked,pseudogene,7,Approved,XKRY2,Yq11.222,NR_171027,,,,,,,,,,,,,,,
XM,Xm(a),antigen,Entry,Withdrawn,X,,,,,,,,,,,,,,,,,,,
XPNPEP2,X-prolyl,aminopeptidase,2,Approved,Xq26.1,U90724,NM_003399,,,,,,,,,,,,,,,,,
XRCC6P2,X-ray,repair,cross,complementing,6,pseudogene,2,Approved,Xq28,,,,,,,,,,,,,,,
XRCC6P5,X-ray,repair,cross,complementing,6,pseudogene,5,Approved,Xq22.1,NR_024608,,,,,,,,,,,,,,
XS,X-linked,suppressor,of,LU,antigens,Entry,Withdrawn,Xp21.2-q21.1,,,,,,,,,,,,,,,,
YAP1P2,YAP1,pseudogene,2,Approved,Xq23,,,,,,,,,,,,,,,,,,,
YBX1P8,Y-box,binding,protein,1,pseudogene,8,Approved,Xp11.3,,,,,,,,,,,,,,,,
YIPF6,Yip1,domain,family,member,6,Approved,"MGC21416,",FinGER6,Xq12-q13.1,BC012469,NM_173834,,,,,,,,,,,,,
YWHAQP8,YWHAQ,pseudogene,8,Approved,Xq22.1,,,,,,,,,,,,,,,,,,,
YWHAZP7,tyrosine,3-monooxygenase/tryptophan,5-monooxygenase,activation,protein,zeta,pseudogene,7,Approved,Xq11.2,,,,,,,,,,,,,,
YWHAZP8,tyrosine,3-monooxygenase/tryptophan,5-monooxygenase,activation,protein,zeta,pseudogene,8,Approved,Xq13.2,NG_022672,,,,,,,,,,,,,
YWHAZP10,YWHAZ,pseudogene,10,Approved,Xp11.4,NG_001562,,,,,,,,,,,,,,,,,,
YY2,YY2,transcription,factor,Approved,ZNF631,Xp22.12,AK091850,NM_206923,,,,,,,,,,,,,,,,
ZBED1,zinc,finger,BED-type,containing,1,Approved,ALTE,"TRAMP,","KIAA0785,","DREF,",hDREF,Xp22.33,and,Yp11,AB018328,NM_004729,,,,,,,,
ZBTB33,zinc,finger,and,BTB,domain,containing,33,Approved,"ZNF-kaiso,","kaiso,","WUGSC:H_DJ525N14.1,","KAISO,",ZNF348,Xq24,BC042753,NM_006777,,,,,,,,
ZC3H12B,zinc,finger,CCCH-type,containing,12B,Approved,CXorf32,MCPIP2,Xq11.2-q12,BX647241,NM_001010888,,,,,,,,,,,,,
ZC4H2,zinc,finger,C4H2-type,containing,Approved,"KIAA1166,","WWS,","MCS,",MRXS4,HCA127,Xq11.2,AF270491,NM_018684,,,,,,,,,,,
ZCCHC12,zinc,finger,CCHC-type,containing,12,Approved,"FLJ16123,","SIZN,","SIZN1,",PNMA7A,Xq24,AK122676,NM_173798,,,,,,,,,,,
ZCCHC13,zinc,finger,CCHC-type,containing,13,Approved,"4930513O09RIK,","Cnbp2,",ZNF9L,Xq13.2,BC021176,NM_203303,,,,,,,,,,,,
ZCCHC18,zinc,finger,CCHC-type,containing,18,Approved,"SIZN2,",PNMA7B,Xq22.2,AF086548,NM_001143978,,,,,,,,,,,,,
ZCRB1P1,ZCRB1,pseudogene,1,Approved,Xq13.1,NG_022609,,,,,,,,,,,,,,,,,,
ZDHHC9,zinc,finger,DHHC-type,palmitoyltransferase,9,Approved,"ZDHHC10,",CXorf11,"ZNF379,","CGI-89,","ZNF380,",DHHC9,Xq26.1,AF151847,NM_016032,,,,,,,,,
ZDHHC10,symbol,"withdrawn,",see,[HGNC:18475](/data/gene-symbol-report/#!/hgnc_id/HGNC:18475),Symbol,Withdrawn,"CXorf11,",ZDHHC10,ZNF380,Xq26,,,,,,,,,,,,,,
ZDHHC15,zinc,finger,DHHC-type,palmitoyltransferase,15,Approved,"FLJ31812,","MRX91,",DHHC15,Xq13.3,AK056374,NM_144969,,,,,,,,,,,,
ZFP92,ZFP92,zinc,finger,protein,Approved,ZNF897,Xq28,U82695,,,,,,,,,,,,,,,,
ZFRP1,zinc,finger,RNA,binding,protein,pseudogene,1,Approved,Xq11.1,,,,,,,,,,,,,,,
ZFX,zinc,finger,protein,X-linked,Approved,ZNF926,Xp22.11,NM_003410,,,,,,,,,,,,,,,,
ZFX-AS1,ZFX,antisense,RNA,1,Approved,Xp22.11,,,,,,,,,,,,,,,,,,
ZFY,zinc,finger,protein,Y-linked,Approved,ZNF911,Yp11.2,L10393,NM_003411,,,,,,,,,,,,,,,
ZFY-AS1,ZFY,antisense,RNA,1,Approved,"ZFYAS,",ZFY-AS,Yp11.2,,,,,,,,,,,,,,,,
ZFYVE9P1,zinc,finger,FYVE-type,containing,9,pseudogene,1,Approved,Xq26.3,NG_022707,,,,,,,,,,,,,,
ZIC3,Zic,family,member,3,Approved,HTX1,"HTX,",ZNF203,Xq26.3,AF028706,,,,,,,,,,,,,,
ZIK1P1,zinc,finger,protein,interacting,with,K,protein,1,pseudogene,1,Approved,Xq25,,,,,,,,,,,,
ZMAT1,zinc,finger,matrin-type,1,Approved,KIAA1789,Xq22.1,Z69304,,,,,,,,,,,,,,,,
ZMYM3,zinc,finger,MYM-type,containing,3,Approved,ZNF261,"ZNF198L2,","DXS6673E,","KIAA0385,",MYM,Xq13.1,AB002383,NM_201599,,,,,,,,,,
ZNF21,symbol,"withdrawn,",see,[HGNC:13001](/data/gene-symbol-report/#!/hgnc_id/HGNC:13001),Symbol,Withdrawn,HHZ150,Xp11.23,,,,,,,,,,,,,,,,
ZNF41,zinc,finger,protein,41,Approved,"MGC8941,",MRX89,Xp11.3,X60155,NM_153380,,,,,,,,,,,,,,
ZNF75D,zinc,finger,protein,75D,Approved,"ZNF82,",ZNF75,"ZKSCAN24,","D8C6,",ZSCAN28,Xq26.3,S43109,NM_007131,,,,,,,,,,,
ZNF81,zinc,finger,protein,81,Approved,MRX45,HFZ20,Xp11.23,AK126949,NM_007137,,,,,,,,,,,,,,
ZNF92P1Y,zinc,finger,protein,92,pseudogene,"1,",Y-linked,Approved,Yp11.2,NG_024760,,,,,,,,,,,,,,
ZNF157,zinc,finger,protein,157,Approved,HZF22,Xp11.3,U28687,NM_003446,,,,,,,,,,,,,,,
ZNF182,zinc,finger,protein,182,Approved,ZNF21,"KOX14,","HHZ150,",Zfp182,Xp11.23,"AK122874,",R98366,NM_006962,,,,,,,,,,,
ZNF185,zinc,finger,protein,185,with,LIM,domain,Approved,SCELL,Xq28,AK056517,NM_007150,,,,,,,,,,,,
ZNF275,zinc,finger,protein,275,Approved,Xq28,BC041602,NM_001080485,,,,,,,,,,,,,,,,
ZNF280C,zinc,finger,protein,280C,Approved,SUHW3,"FLJ20095,","ZNF633,",ZPET,Xq26.1,AL834333,NM_017666,,,,,,,,,,,,
ZNF381P,symbol,"withdrawn,",see,[HGNC:37728](/data/gene-symbol-report/#!/hgnc_id/HGNC:37728),Symbol,Withdrawn,Yq11.223,,,,,,,,,,,,,,,,,
ZNF449,zinc,finger,protein,449,Approved,"ZSCAN19,",FLJ23614,Xq26.3,AY280801,NM_152695,,,,,,,,,,,,,,
ZNF622P1,ZNF622,pseudogene,1,Approved,Xq28,NG_026784,,,,,,,,,,,,,,,,,,
ZNF630,zinc,finger,protein,630,Approved,"BC037316,","dJ54B20.2,","FLJ20573,",MGC138344,Xp11.23,AK000580,NM_001037735,,,,,,,,,,,,
ZNF630-AS1,ZNF630,antisense,RNA,1,Approved,Xp11.23,,,,,,,,,,,,,,,,,,
ZNF674,zinc,finger,protein,674,Approved,MRX92,ZNF673B,Xp11.3,AY971607,NM_001039891,,,,,,,,,,,,,,
ZNF674-AS1,ZNF674,antisense,RNA,1,(head,to,head),Approved,Xp11.3,"BC034616,",DA707714,NR_015378,,,,,,,,,,,,
ZNF705F,zinc,finger,protein,705F,Entry,Withdrawn,8p23.1,not,on,reference,assembly,,,,,,,,,,,,,
ZNF711,zinc,finger,protein,711,Approved,"ZNF6,",MRX65,"CMPX1,","ZNF4,","ZNF5,","dJ75N13.1,","Zfp711,",MRX97,Xq21.1,BC006349,NM_021998,,,,,,,,
ZNF736P1Y,zinc,finger,protein,736,pseudogene,"1,",Y-linked,Approved,ZNF736P1,Yq11.23,NG_004755,,,,,,,,,,,,,
ZNF736P2Y,zinc,finger,protein,736,pseudogene,"2,",Y-linked,Approved,ZNF736P2,Yq11.23,,,,,,,,,,,,,,
ZNF736P3Y,zinc,finger,protein,736,pseudogene,"3,",Y-linked,Approved,"ZNF381P,",ZNF736P3,Yq11.223,,,,,,,,,,,,,
ZNF736P4Y,zinc,finger,protein,736,pseudogene,"4,",Y-linked,Approved,Yq11.23,,,,,,,,,,,,,,,
ZNF736P5Y,zinc,finger,protein,736,pseudogene,"5,",Y-linked,Approved,Yq11.23,,,,,,,,,,,,,,,
ZNF736P6Y,zinc,finger,protein,736,pseudogene,"6,",Y-linked,Approved,Yp11.2,,,,,,,,,,,,,,,
ZNF736P7Y,zinc,finger,protein,736,pseudogene,"7,",Y-linked,Approved,Yp11.2,NG_024762,,,,,,,,,,,,,,
ZNF736P8Y,zinc,finger,protein,736,pseudogene,"8,",Y-linked,Approved,Yp11.2,,,,,,,,,,,,,,,
ZNF736P9Y,zinc,finger,protein,736,pseudogene,"9,",Y-linked,Approved,Yp11.2,,,,,,,,,,,,,,,
ZNF736P10Y,zinc,finger,protein,736,pseudogene,"10,",Y-linked,Approved,Yp11.2,,,,,,,,,,,,,,,
ZNF736P11Y,zinc,finger,protein,736,pseudogene,"11,",Y-linked,Approved,Yq11.223,,,,,,,,,,,,,,,
ZNF736P12Y,zinc,finger,protein,736,pseudogene,"12,",Y-linked,Approved,Yq11.23,,,,,,,,,,,,,,,
ZNF839P1,zinc,finger,protein,839,pseudogene,1,Approved,Yq11.222,,,,,,,,,,,,,,,,
ZNF884P,zinc,finger,protein,"884,",pseudogene,Approved,Yq11.223,,,,,,,,,,,,,,,,,
ZNF885P,zinc,finger,protein,"885,",pseudogene,Approved,Yq11.223,,,,,,,,,,,,,,,,,
ZNF886P,zinc,finger,protein,"886,",pseudogene,Approved,Yq11.223,,,,,,,,,,,,,,,,,
ZRSR2,zinc,finger,"CCCH-type,",RNA,binding,motif,and,serine/arginine,rich,2,Approved,U2AF1L2,"U2AF1-RS2,","URP,",ZC3H22,Xp22.2,BC050451,NM_005089,,,,,,
ZXDA,zinc,finger,X-linked,duplicated,A,Approved,ZNF896,Xp11.21,L14787,NM_007156,,,,,,,,,,,,,,
ZXDB,zinc,finger,X-linked,duplicated,B,Approved,ZNF905,Xp11.21,L14788,NM_007157,,,,,,,,,,,,,,